SampleID,Resp,d_glucose,sodium_citrate,sodium_octanoate,sodium_acetate,sodium_benzoate,d_xylose,l_arabinose,sodium_chloride,urea,ammonium_chloride,pH,fitness_pykA_PP_1362,fitness_pykF_PP_4301,fitness_ppc_PP_1505
set10H10__psRCH2,0.09782903780478024,0.0,0,0,0.0,0,0,0,0,0,4.67377079828005,7.2,-3.0965154586794,0.18674833384633,-0.158226646263777
set10H11__psRCH2,0.6784494095518089,0.0,0,0,0.0,0,0,0,0,0,4.67377079828005,7.2,0.0696087626721873,0.256112568657349,0.168713421183097
set10H12__psRCH2,0.5987546635507862,0.0,0,0,0.0,0,0,0,0,0,4.67377079828005,7.2,-0.0684009314212728,0.0912260922855794,0.0558948148447156
set10H13__psRCH2,0.09194372559276799,0.0,0,0,0.0,0,0,0,0,0,4.67377079828005,7.2,-4.33618640125846,0.604465721961158,0.581457905116757
set10H14__psRCH2,0.06753062570315999,0.0,0,0,0.0,0,0,0,0,0,4.67377079828005,7.2,-3.56832781838862,-0.0616141413565305,0.0774672865458679
set10H15__psRCH2,0.5678690137282392,0.0,0,0,0.0,0,0,0,0,0,4.67377079828005,7.2,0.368694138484822,-0.297629040736815,-0.14490861791162
set10H16__psRCH2,0.5695360186982963,0.0,0,0,0.0,0,0,0,0,0,4.67377079828005,7.2,0.558689591256959,-0.459158041457624,-0.165218214700445
set10H17__psRCH2,0.634101175117316,0.0,0,0,0.0,0,0,0,0,0,4.67377079828005,7.2,0.377920200816373,-0.211438150265692,0.0917526399183415
set10H18__psRCH2,0.4586812120021368,0.0,0,0,0.0,0,0,0,0,0,4.67377079828005,7.2,0.104732772427484,-0.562669096120713,-0.142565470101123
set10H19__psRCH2,0.556420232924266,0.0,20,0,0.0,0,0,0,0,0,4.67377079828005,7.2,0.305398678631107,-0.434029984398401,-0.00103975165829229
set10H20__psRCH2,0.5818285031882198,0.0,20,0,0.0,0,0,0,0,0,4.67377079828005,7.2,0.00931832103548702,0.0769233806567902,-0.0915282722519679
set10H21__psRCH2,0.6531439341658951,0.0,0,0,0.0,0,0,0,0,0,4.67377079828005,7.2,0.342944777902142,-0.00429381493277248,0.0192420844255301
set10H22__psRCH2,0.44284802099067067,0.0,0,0,0.0,0,0,0,0,0,4.67377079828005,7.2,0.201088183725886,-0.714811606260242,-0.163540269416159
set10H23__psRCH2,0.6413691793848407,0.0,0,0,0.0,0,0,0,0,0,4.67377079828005,7.2,0.166780183682239,0.02045775605486,0.108754589144857
set10H24__psRCH2,0.655851176738712,0.0,0,0,0.0,0,0,0,0,0,4.67377079828005,7.2,0.259993611537949,-0.00772618300830707,0.119994309028076
set10H25__psRCH2,0.6414177445551725,0.0,0,0,0.0,0,0,0,0,0,4.67377079828005,7.2,0.360865663664784,-0.0761310113083058,0.0115112899857046
set10H26__psRCH2,0.5815251896731334,0.0,0,0,0.0,0,0,0,0,0,4.67377079828005,7.2,0.0685648182324285,0.136285885342254,-0.211633322353509
set10H27__psRCH2,0.5412958968986727,0.0,0,0,0.0,0,0,0,0,0,4.67377079828005,7.2,0.162108412678211,-0.226217601808768,-0.138875594002589
set10H28__psRCH2,0.5459521369381063,0.0,0,0,0.0,0,0,0,0,0,4.67377079828005,7.2,0.142132607554974,0.0655422496831719,-0.388134645636053
set10H29__psRCH2,0.5074599266243418,0.0,0,0,0.0,0,0,0,0,0,4.67377079828005,7.2,-0.17594688450449,-0.159633622746742,-0.0302916885021276
set10H30__psRCH2,0.5060388425267716,0.0,0,0,0.0,0,0,0,0,0,4.67377079828005,7.2,-0.252040930276276,-0.13662960771558,0.0159748500203711
set10H31__psRCH2,0.09173683851560356,0.0,0,0,0.0,0,0,0,0,0,4.67377079828005,7.2,-0.0630856535990056,-1.23760675675828,-1.85254741007382
set10H32__psRCH2,0.14592769297083572,0.0,0,0,0.0,0,0,0,0,0,4.67377079828005,7.2,0.242734246937845,-1.38922762243626,-1.37580358144768
set10H33__psRCH2,0.6365685828890824,0.0,0,0,0.0,0,0,0,0,0,4.67377079828005,7.2,0.122891272360047,0.0437008106790875,0.104424428968318
set10H34__psRCH2,0.6574083130639466,0.0,0,0,0.0,0,0,0,0,0,4.67377079828005,7.2,0.278487999411898,-0.00127600892216617,0.103338543345484
set10H35__psRCH2,0.0730119484331122,0.0,0,0,0.0,0,0,0,0,0,4.67377079828005,7.2,-3.07157602156413,-0.527454445766375,0.147296193798675
set10H36__psRCH2,0.08623032921422634,0.0,0,0,0.0,0,0,0,0,0,4.67377079828005,7.2,-3.020274167303,-0.301294511890536,0.086780691314978
set10H37__psRCH2,0.4312611462425692,0.0,0,0,0.0,0,0,0,0,0,4.67377079828005,7.2,-0.249587964146103,-0.223096496864536,-0.261103227573304
set10H38__psRCH2,0.41709846951000024,0.0,0,0,0.0,0,0,0,0,0,4.67377079828005,7.2,-0.282338299277286,-0.45241355543111,-0.0686325066073268
set10H39__psRCH2,0.26318119218068736,0.0,0,0,0.0,0,0,0,0,0,4.67377079828005,7.2,0.624390590598613,0.0416664884059115,-2.30333263412245
set10H3__psRCH2,0.040518194442180355,20.0,0,0,0.0,0,0,0,0,0,4.67377079828005,7.2,-3.99960801726204,-0.316917468280329,0.11668750807783
set10H40__psRCH2,0.4559716160834113,0.0,0,0,0.0,0,0,0,0,0,4.67377079828005,7.2,0.244698292416195,0.420290619150616,-1.2785942308112
set10H42__psRCH2,0.0886845482836153,0.0,0,0,0.0,0,0,0,0,0,4.67377079828005,7.2,-3.10823432261474,-0.19474491889524,0.10510065221886
set10H4__psRCH2,0.03807120006146163,20.0,0,0,0.0,0,0,0,0,0,4.67377079828005,7.2,-3.94722996687833,-0.171271250741619,-0.159156760383659
set10H5__psRCH2,0.5627720005274099,0.0,0,0,0.0,0,0,0,0,0,4.67377079828005,7.2,-0.042169296192091,0.0805917782778254,-0.137160504826017
set10H6__psRCH2,0.5442932765297517,0.0,0,0,0.0,0,0,0,0,0,4.67377079828005,7.2,-0.072738231991067,-0.119916943603368,0.00416624368908813
set10H9__psRCH2,0.13034908308678764,0.0,0,0,0.0,0,0,0,0,0,4.67377079828005,7.2,-2.36534125038616,-0.292486974566012,-0.0216581080863489
set10IT006__Putida,0.5491362431235388,0.0,0,0,0.0,0,0,0,0,0,9.5,7.0,-0.116443508276788,-0.0582195679795567,0.00962885808669989
set10IT008__Putida,0.4541685055810076,0.0,0,0,0.0,0,0,0,0,0,9.5,7.0,-0.823274700776678,-0.00723570514548522,0.208178359604959
set10IT010__Putida,0.6340774417507227,0.0,0,0,0.0,0,0,0,0,0,9.5,7.0,0.490548857356224,-0.157502672834741,-0.0749342609587909
set10IT017__Putida,0.4331535252582989,10.0,0,0,0.0,0,0,0,0,0,9.5,7.0,-0.778181892128751,0.205300505259155,-0.15165134750409
set10IT018__Putida,0.4166288901325974,10.0,0,0,0.0,0,0,0,0,0,9.5,7.0,-0.781633308342698,-0.116364787935165,0.0922953134571922
set10IT019__Putida,0.4011978221865011,10.0,0,0,0.0,0,0,0,0,0,9.5,7.0,-0.874968656137196,0.104498790924636,-0.111863405580085
set10IT020__Putida,0.5604874645022271,10.0,0,0,0.0,0,0,0,0,0,9.5,7.0,-0.34848099148762,0.296792590969605,-0.0581862867632081
set10IT021__Putida,0.6391766779119512,10.0,0,0,0.0,0,0,0,0,0,9.5,7.0,-0.0251872339272299,0.477170380125097,-0.167415457655163
set10IT022__Putida,0.5506864769298015,10.0,0,0,0.0,0,0,0,0,0,9.5,7.0,-0.0328797171090238,-0.0826538366842944,-0.0419834952742257
set10IT023__Putida,0.43149376330593453,10.0,0,0,0.0,0,0,0,0,0,9.5,7.0,-0.646629711350798,0.00890379659400375,-0.094923602730151
set10IT024__Putida,0.46250579708113765,10.0,0,0,0.0,0,0,0,0,0,9.5,7.0,-0.939413564401177,0.277278400101168,0.0801090331479255
set10IT025__Putida,0.5077265249364838,10.0,0,0,0.0,0,0,0,0,0,9.5,7.0,-0.24208301274204,0.0370287206537212,-0.159537741276297
set10IT026__Putida,0.443051209447938,10.0,0,0,0.0,0,0,0,0,0,9.5,7.0,-0.508169560188378,-0.120613917320376,-0.0474918941183657
set10IT027__Putida,0.4438310822216685,10.0,0,0,0.0,0,0,0,0,0,9.5,7.0,-0.708221804637729,0.159922164602063,-0.124183243176504
set10IT028__Putida,0.5574665772862529,10.0,0,0,0.0,0,0,0,0,0,9.5,7.0,-0.0979393216519897,0.107944938784117,-0.134587445120693
set10IT029__Putida,0.4418312433582176,10.0,0,0,0.0,0,0,0,0,0,9.5,7.0,-1.12162036348222,0.363612156057548,0.0757974460560396
set10IT031__Putida,0.42333136601317184,10.0,0,0,0.0,0,0,0,0,0,9.5,7.0,-0.791517160212877,0.00249465127149917,0.0163428775021759
set10IT032__Putida,0.48890248105374806,10.0,0,0,0.0,0,0,0,0,0,9.5,7.0,-0.301894742841071,-0.000988207650139294,-0.1520899814193
set10IT033__Putida,0.5732816562315491,10.0,0,0,0.0,0,0,0,0,0,9.5,7.0,0.161997512145692,-0.0668551114345157,-0.142472758136317
set10IT034__Putida,0.6279139018302777,10.0,0,0,0.0,0,0,0,0,0,9.5,7.0,0.0485982038207791,0.186821075728181,-0.00907810930553588
set10IT035__Putida,0.5580422814768979,10.0,0,0,0.0,0,0,0,0,0,9.5,7.0,0.307129037534691,-0.370931004830917,-0.0579786845654497
set10IT036__Putida,0.40339172562213194,10.0,0,0,0.0,0,0,0,0,0,9.5,7.0,-0.960464304165795,0.175518644749319,-0.0864371000702049
set10IT037__Putida,0.48116039543693545,10.0,0,0,0.0,0,0,0,0,0,9.5,7.0,-0.418464054927788,0.0416998587745792,-0.115410503272402
set10IT043__Putida,0.605462598516189,0.0,0,0,0.0,0,0,0,0,0,9.5,7.0,-0.0412965324850632,0.114999769440365,0.0386218197988495
set10IT044__Putida,0.5496915386540632,0.0,0,0,0.0,0,0,0,0,0,9.5,7.0,-0.0778414486390648,-0.18032282814342,0.09582217780682
set10IT053__Putida,0.615634122727008,0.0,0,0,0.0,0,0,0,0,0,9.5,7.0,0.326766652337549,0.173980163123896,-0.337079034142824
set11H17__psRCH2,0.5888077077552258,0.0,0,0,0.0,0,0,0,200,0,0.0,7.0,0.0221527088430213,-0.143757010541226,0.15082849120669
set11H18__psRCH2,0.7152021940081345,0.0,0,0,0.0,0,0,0,200,0,0.0,7.0,0.261559247108972,0.186592491856483,0.255271838953358
set11IT031__pseudo1_N1B4,0.5604664166916311,0.0,0,0,0.0,0,0,0,0,0,4.67377079828005,7.0,-0.375369963802212,0.165983899780503,0.0994088316183364
set11IT032__pseudo1_N1B4,0.6281412159588481,0.0,0,0,0.0,0,0,0,0,0,4.67377079828005,7.0,-0.822040547521092,1.20356677576529,-0.154017214985267
set11IT033__pseudo1_N1B4,0.4938271308404726,0.0,0,0,0.0,0,0,0,0,0,4.67377079828005,7.0,-0.408196664804116,-0.147996302879102,0.12486920601838
set11IT034__pseudo1_N1B4,0.7099250038957624,0.0,0,0,0.0,0,0,0,0,0,4.67377079828005,7.0,0.00552179719706514,0.531938742021171,0.135039150223722
set11IT047__pseudo1_N1B4,0.27925407957995274,0.0,0,0,0.0,0,0,0,0,0,4.67377079828005,7.0,-0.100357626668898,-0.649350278772826,-0.789951188686632
set11IT048__pseudo1_N1B4,0.45962652526562786,0.0,0,0,0.0,0,0,0,0,0,4.67377079828005,7.0,-0.0850258469411185,-0.0332507659755281,-0.477656493896197
set11IT049__pseudo1_N1B4,0.2899386906689037,0.0,0,0,0.0,0,0,0,0,0,4.67377079828005,7.0,0.0530940906088686,-0.897578318209088,-0.632185897512636
set11IT051__pseudo1_N1B4,0.38569115215778355,0.0,0,0,0.0,0,0,0,0,0,4.67377079828005,7.0,0.366967038947124,-0.787718548258622,-0.539574726884818
set11IT052__pseudo1_N1B4,0.7438909020281238,0.0,0,0,0.0,0,0,0,0,0,4.67377079828005,7.0,0.56000390799255,0.221239877591797,0.0968124934914671
set12H10__psRCH2,0.5769274855496205,0.0,0,0,0.0,0,0,0,0,0,4.67377079828005,7.2,-0.163458277869743,-0.0351133627011913,0.16914804670012
set12H11__psRCH2,0.40413997360094284,0.0,0,0,0.0,0,0,0,0,0,4.67377079828005,7.2,-0.514791663761789,-0.201430108615126,-0.151430661751368
set12H12__psRCH2,0.4778804031012403,0.0,0,0,0.0,0,0,0,0,0,4.67377079828005,7.2,-0.361625032352737,-0.0170529280625753,-0.129269622437392
set12H13__psRCH2,0.5665765221355517,0.0,0,0,0.0,0,0,0,0,0,4.67377079828005,7.2,-0.026860503431358,0.341920582353781,-0.395222731059777
set12H14__psRCH2,0.5540538334851878,0.0,0,0,0.0,0,0,0,0,0,4.67377079828005,7.2,0.428443351794098,-0.225697549677502,-0.343917694351328
set12H15__psRCH2,0.5872417274137214,0.0,0,0,0.0,0,0,0,0,0,4.67377079828005,7.2,-0.00306309067165955,0.156278449921075,-0.131749485855899
set12H16__psRCH2,0.5299380777979538,0.0,0,0,0.0,0,0,0,0,0,4.67377079828005,7.2,-0.198057483594887,-0.024190000354662,-0.0355436552975597
set12H17__psRCH2,0.5459397754315274,0.0,0,0,0.0,0,0,0,0,0,4.67377079828005,7.2,-0.131276394170478,-0.148505166692593,0.0992619228038505
set12H18__psRCH2,0.5908376490207399,0.0,0,0,0.0,0,0,0,0,0,4.67377079828005,7.2,0.144076246213544,-0.12694949139146,0.0221676452866864
set12H19__psRCH2,0.04488575513208386,0.0,0,0,0.0,0,0,0,0,0,4.67377079828005,7.2,0.715472352408964,-0.273546688630665,-4.51342595453406
set12H20__psRCH2,0.09044713786352802,0.0,0,0,0.0,0,0,0,0,0,4.67377079828005,7.2,0.675866429918926,-0.171048930702621,-3.67675307005086
set12H21__psRCH2,0.4949325507115139,0.0,0,0,0.0,0,0,0,0,0,4.67377079828005,7.2,-0.100520206314805,-0.222407553880075,-0.103088503900358
set12H22__psRCH2,0.5569827046845535,0.0,0,0,0.0,0,0,0,0,0,4.67377079828005,7.2,0.0662360199003558,-0.1151433353196,-0.0780282868069226
set12H23__psRCH2,0.600856756921453,0.0,0,0,0.0,0,0,0,0,0,4.67377079828005,7.2,0.168429714787136,-0.285918476059393,0.206719125981651
set12H24__psRCH2,0.5965341862497282,0.0,0,0,0.0,0,0,0,0,0,4.67377079828005,7.2,-0.229051514869326,0.157265672548744,0.139423214527997
set12H27__psRCH2,0.6189436980039057,0.0,0,0,0.0,0,0,0,0,0,4.67377079828005,7.2,0.162189492748201,0.0526112998893558,-0.0343193496175456
set12H28__psRCH2,0.6486827942944478,0.0,0,0,0.0,0,0,0,0,0,4.67377079828005,7.2,0.063335940649929,0.0654560052761668,0.205537516557937
set12H36__psRCH2,0.6986134924576023,0.0,0,0,0.0,0,0,0,0,0,4.67377079828005,7.2,0.455662111898297,-0.0446707149768191,0.196319493870076
set12H3__psRCH2,0.6383848794556293,0.0,0,0,0.0,0,0,0,0,0,4.67377079828005,7.2,0.152902643426957,-0.0449715250383127,0.17251806527818
set12H4__psRCH2,0.5379200992659378,0.0,0,0,0.0,0,0,0,0,0,4.67377079828005,7.2,-0.117171661863227,-0.134782081991479,0.0326602566608858
set12H5__psRCH2,0.6273854592661097,0.0,0,0,0.0,0,0,0,0,0,4.67377079828005,7.2,0.160004880238324,0.224717025369545,-0.161094525739129
set12H6__psRCH2,0.6117047184628991,0.0,0,0,0.0,0,0,0,0,0,4.67377079828005,7.2,0.0955932934817749,-0.0342981063269114,0.0824803624732164
set12H7__psRCH2,0.5130381926161109,0.0,0,0,0.0,0,0,0,0,0,4.67377079828005,7.2,0.31392245170667,-0.669973940642438,0.0169705900008263
set12H8__psRCH2,0.6084126142559886,0.0,0,0,0.0,0,0,0,0,0,4.67377079828005,7.2,0.202743117623668,-0.351226772040707,0.275649871560181
set12H9__psRCH2,0.5127605752128005,0.0,0,0,0.0,0,0,0,0,0,4.67377079828005,7.2,-0.0150571003201128,-0.566436650999435,0.241079197878149
set12IT001__Putida,0.6033202682975022,0.0,0,0,0.0,0,0,0,0,0,9.5,7.0,-0.0630869232250872,0.158542631794514,0.00611582583973469
set12IT002__Putida,0.7258569186582343,0.0,0,0,0.0,0,0,0,0,0,9.5,7.0,0.398381913567484,0.249513255286707,0.119038416078932
set12IT004__Putida,0.7642670137835629,0.0,0,0,0.0,0,0,0,0,0,9.5,7.0,0.505314985464097,0.455998364143612,0.048674976765585
set12IT007__Putida,0.7262114818784229,0.0,0,0,0.0,0,0,0,0,0,9.5,7.0,0.531490904589009,0.190458691068945,0.0471233685940948
set12IT008__Putida,0.40557116190654136,0.0,0,0,0.0,0,0,0,0,0,9.5,7.0,-0.480164947896906,-0.352896384813386,-0.0274622077714541
set12IT009__Putida,0.49884498228902135,0.0,0,0,0.0,0,0,0,0,0,9.5,7.0,-0.523531245689828,0.0674406746289007,0.0488576665718341
set12IT012__Putida,0.7423679952908842,0.0,0,0,0.0,0,0,0,0,0,9.5,7.0,0.197959841904581,0.519982362359531,0.150538981900997
set12IT014__Putida,0.7685163286726695,0.0,0,0,0.0,0,0,0,0,0,9.5,7.0,0.943332875856848,0.276676546388442,-0.181534749685905
set12IT015__Putida,0.4591583313669355,0.0,0,0,0.0,0,0,0,0,0,9.5,7.0,-0.228006874845077,-0.369926797449029,-0.000262032106649102
set12IT016__Putida,0.5063641484854635,0.0,0,0,0.0,0,0,0,0,0,9.5,7.0,0.161025361704741,-0.425065158455608,-0.107093944075412
set12IT017__Putida,0.6769863995076127,0.0,0,0,0.0,0,0,0,0,0,9.5,7.0,0.677028150141112,-0.268472073312118,0.0778395239902792
set12IT023__Putida,0.6311645366013822,0.0,0,0,0.0,0,0,0,0,0,9.5,7.0,0.0294014977239998,0.300837730238073,-0.0871697213110094
set12IT024__Putida,0.5675779687502452,0.0,0,0,0.0,0,0,0,0,0,9.5,7.0,0.232569537394292,-0.221310649254006,-0.0865257498209919
set12IT025__Putida,0.6730961618714136,0.0,0,0,0.0,10,0,0,0,0,9.5,7.0,0.205675725567015,0.220739611221657,0.0386954926024292
set12IT026__Putida,0.4691551397093227,0.0,0,0,0.0,0,0,0,0,0,9.5,7.0,-0.0422066868711619,-0.462219890671537,-0.0455275749778146
set12IT027__Putida,0.2709506714077693,10.0,0,0,0.0,0,0,0,0,0,9.5,7.0,-1.53649004068748,0.103396540947088,-0.156541200892152
set12IT028__Putida,0.49084371794238224,0.0,0,0,0.0,0,0,0,0,0,9.5,7.0,-0.398804040041422,-0.200836396904709,0.153990699843232
set12IT029__Putida,0.4927234576979583,0.0,0,0,0.0,0,0,0,0,0,9.5,7.0,-0.0343854033852082,-0.4897600949696,0.0875223366896924
set12IT031__Putida,0.6115173293580026,0.0,0,0,0.0,0,0,0,0,0,9.5,7.0,-0.0125721342164873,0.0415173192552913,0.11388358336221
set12IT032__Putida,0.5930504029248194,0.0,0,0,0.0,0,0,0,0,0,9.5,7.0,0.358038476761408,-0.366568879210565,0.0588194438254837
set12IT034__Putida,0.6607301687243456,0.0,0,0,0.0,0,0,0,0,0,9.5,7.0,0.397408999362815,0.0947932492647454,-0.0939084472543463
set12IT037__Putida,0.6175042772726671,0.0,0,0,0.0,0,0,0,0,0,9.5,7.0,0.187605870386912,0.132371453126862,-0.146815376040573
set12IT038__Putida,0.6185262869765377,0.0,0,0,0.0,0,0,0,0,0,9.5,7.0,0.339787598288198,-0.301385816866502,0.139956026865468
set12IT039__Putida,0.6394901042722748,0.0,0,0,0.0,0,0,0,0,0,9.5,7.0,0.490719888957255,-0.26314525302433,0.0586244122374944
set12IT042__Putida,0.6287833130931485,0.0,0,0,0.0,0,0,0,0,0,9.5,7.0,0.132258764819047,0.0988823132323615,-0.000331667880879127
set12IT044__Putida,0.5076481752446864,0.0,0,0,0.0,0,0,0,0,0,9.5,7.0,-0.687478951945359,0.369496995828326,-0.0469863020736256
set12IT046__Putida,0.6828883460553918,0.0,0,0,0.0,0,0,0,0,0,9.5,7.0,0.329196485737797,0.245058763931047,-0.0553098635767775
set12IT053__Putida,0.5471745342012523,0.0,0,0,0.0,0,0,0,0,0,9.5,7.0,-0.155025413696563,0.0478342055920979,-0.0673488358310217
set12IT054__Putida,0.6015224168785731,0.0,0,0,0.0,0,0,0,0,0,9.5,7.0,0.23083165039767,-0.194910805685916,0.0566416509906964
set12IT055__Putida,0.5570074810787865,0.0,0,0,0.0,10,0,0,0,0,9.5,7.0,-0.034444486177855,-0.0475055115245531,-0.044865093801028
set12IT056__Putida,0.5417539795563567,0.0,0,0,0.0,0,0,0,0,0,9.5,7.0,-0.229955874989949,-0.133552267218489,0.162737764806232
set12IT057__Putida,0.11190188218658248,10.0,0,0,0.0,0,0,0,0,0,9.5,7.0,-2.57347318247267,-0.290651964601898,-0.0236937802645323
set12IT058__Putida,0.4963169977734181,0.0,0,0,0.0,0,0,0,0,0,9.5,7.0,-0.523461312239216,0.0586773082804672,0.0454146127330688
set12IT059__Putida,0.7306306758890629,0.0,0,0,0.0,0,0,0,0,0,9.5,7.0,0.41635420509323,0.390364884585805,-0.0108347347287134
set13H25__psRCH2,0.6297099981214138,0.0,0,0,0.0,0,0,0,0,0,5.0,7.2,0.00565041309838976,0.186546349299896,0.0433799624418083
set13H26__psRCH2,0.527366089807432,0.0,0,0,0.0,0,0,0,0,0,5.0,7.2,0.115334969093061,-0.00697235836428423,-0.378541883112877
set13H31__psRCH2,0.6216784318727762,0.0,0,0,0.0,0,0,0,0,5,0.0,7.2,-0.0120272476553526,0.123890499685802,0.0825538183899787
set13H32__psRCH2,0.6003803682266541,0.0,0,0,0.0,0,0,0,0,5,0.0,7.2,0.303933291986387,-0.358093338034993,0.141006871250447
set13IT004__pseudo5_N2C3_1,0.2708198815411434,0.0,0,0,0.0,0,0,0,0,0,4.67377079828005,7.0,-2.01812947179311,0.395045516663806,0.0326544865769067
set13IT005__pseudo5_N2C3_1,0.35017296379123763,0.0,0,0,0.0,0,0,0,0,0,4.67377079828005,7.0,-1.56323785969531,0.242460234380831,0.177041659128997
set13IT006__pseudo5_N2C3_1,0.3758163111087033,0.0,0,0,0.0,0,0,0,0,0,4.67377079828005,7.0,-1.2094707326628,0.086806590080003,0.112070251934107
set13IT007__pseudo5_N2C3_1,0.20535890037061708,0.0,0,0,0.0,0,0,0,0,0,4.67377079828005,7.0,-2.0066535740924,-0.0250150312574633,0.00597527103634321
set13IT008__pseudo5_N2C3_1,0.32713207417161705,0.0,0,0,0.0,0,0,0,0,0,4.67377079828005,7.0,-1.56817396189638,0.273584243823297,0.0273476379816953
set13IT009__pseudo5_N2C3_1,0.44396552979396825,0.0,0,0,0.0,0,0,0,0,0,4.67377079828005,7.0,-0.739805240558678,0.15766076795781,-0.0896847342863396
set13IT012__pseudo5_N2C3_1,0.16411603007752695,0.0,0,0,0.0,0,0,0,0,0,4.67377079828005,7.0,-2.45315823351865,0.033262789236628,0.0644101072627117
set13IT013__pseudo5_N2C3_1,0.2869547799314931,0.0,0,0,0.0,0,0,0,0,0,4.67377079828005,7.0,-1.6310102917243,0.0577971972891183,0.0790942636352079
set13IT014__pseudo5_N2C3_1,0.28818204982659784,0.0,0,0,0.0,0,0,0,0,0,4.67377079828005,7.0,-1.81465193039192,0.259510259617727,0.0682124233898316
set13IT015__pseudo5_N2C3_1,0.36741991753525904,0.0,0,0,0.0,0,0,0,0,0,4.67377079828005,7.0,-1.70016584416313,0.489129103397797,0.157287587793924
set13IT016__pseudo5_N2C3_1,0.4155004711240351,0.0,0,0,0.0,0,0,0,0,0,4.67377079828005,7.0,-0.970385341336797,0.283151110948926,-0.124042880237722
set13IT017__pseudo5_N2C3_1,0.5201491927828201,0.0,0,0,0.0,0,0,0,0,0,4.67377079828005,7.0,-0.483459190463565,0.166620858881948,0.0119336609137504
set15IT054__Putida,0.5152992622156155,0.0,0,0,0.0,0,0,0,0,0,9.5,7.0,-0.356255678542938,-0.0623823591281296,0.0904206706091697
set15IT055__Putida,0.4946394476422735,0.0,0,0,0.0,0,0,0,0,0,9.5,7.0,-0.0929904363674183,-0.396566108715312,0.062133018557873
set15IT056__Putida,0.44027948210935436,0.0,0,0,0.0,0,0,0,0,0,9.5,7.0,0.0241662040362116,-0.424483573723724,-0.28944798115478
set15IT057__Putida,0.5340555729488711,0.0,0,0,0.0,0,0,0,0,0,9.5,7.0,0.0249718541777435,-0.154119023182436,-0.108795581570624
set15IT058__Putida,0.4228539511469399,0.0,0,0,0.0,0,0,0,0,0,9.5,7.0,-0.357705677348697,-0.36265511591514,-0.0546663182484801
set15IT059__Putida,0.4839034377464205,0.0,0,0,0.0,0,0,0,0,0,9.5,7.0,-0.330841807927704,-0.0670993530248298,-0.081048801102676
set15IT060__Putida,0.6235235583825687,0.0,0,0,0.0,0,0,0,0,0,9.5,7.0,-0.171080392070475,0.0961682107715953,0.278753869367262
set15IT061__Putida,0.4744171365908574,0.0,0,0,0.0,0,0,0,0,0,9.5,7.0,-0.430297235386921,-0.091700468807381,-0.00261408094548266
set15IT062__Putida,0.6313441783780139,0.0,0,0,0.0,0,0,0,0,0,9.5,7.0,-0.107481628776746,0.278435054026352,0.0730423214525875
set15IT063__Putida,0.43378831803998263,0.0,0,0,0.0,0,0,0,0,0,9.5,7.0,-0.546974546829781,-0.18399153779845,0.00953574718762784
set15IT064__Putida,0.5385294221884627,0.0,0,0,0.0,0,0,0,0,0,9.5,7.0,-0.0248337894520594,-0.083961379078342,-0.107555925176729
set15IT065__Putida,0.7631439997860674,0.0,0,0,0.0,0,0,0,0,0,9.5,7.0,1.05537990823332,-0.086965283287415,0.0341048506331219
set15IT066__Putida,0.4789378295044828,0.0,0,0,0.0,0,0,0,0,0,9.5,7.0,-0.337635191311217,-0.104234373760925,-0.0609921113156433
set15IT067__Putida,0.3758487630062587,0.0,0,0,0.0,0,0,0,0,0,9.5,7.0,-0.515954129446571,-0.42358708623946,-0.0708866428518373
set15IT068__Putida,0.41261570317083,0.0,0,0,0.0,0,0,0,0,0,9.5,7.0,-0.239735679452412,-0.653060911654568,0.0672488245421847
set15IT069__Putida,0.31067050272738833,0.0,0,0,0.0,0,0,0,0,0,9.5,7.0,-1.08512293310724,-0.144625699532784,-0.128469040832996
set15IT070__Putida,0.6299206530540141,0.0,0,0,0.0,0,0,0,0,0,9.5,7.0,0.162501126135582,0.150550476251396,-0.0763904826217521
set15IT071__Putida,0.27284889433578513,0.0,0,0,0.0,0,0,0,0,0,9.5,7.0,-1.24647140150864,-0.199425852140312,-0.132229548058391
set15IT072__Putida,0.48928226672184205,0.0,0,0,0.0,0,0,0,0,0,9.5,7.0,-0.28411420399078,-0.0441036831380059,-0.124930927279323
set15IT073__Putida,0.5300216496072531,0.0,0,0,0.0,0,0,0,0,0,9.5,7.0,-0.053051393992805,-0.0157642090898384,-0.188572882675551
set15IT074__Putida,0.38053026330707584,0.0,0,0,0.0,0,0,0,0,0,9.5,7.0,-0.262494158246924,-0.816545287285344,0.0925045081390021
set15IT075__Putida,0.4910776532827098,0.0,0,0,0.0,0,0,0,0,0,9.5,7.0,-0.0497568049667489,-0.408887981196452,0.0141184771928047
set15IT076__Putida,0.46640907259056397,0.0,0,0,0.0,0,0,0,0,0,9.5,7.0,-0.230947111818976,-0.0884772090208805,-0.243767962840841
set15IT077__Putida,0.46862134209369094,0.0,0,0,0.0,0,0,0,0,0,9.5,7.0,-0.0159125985167734,-0.333150582682117,-0.203463551430465
set15IT078__Putida,0.5475353851936423,0.0,0,0,0.0,0,0,0,0,0,9.5,7.0,-0.0984839713846375,0.0137347962811312,-0.0880428399900832
set15IT079__Putida,0.36793691058298084,0.0,0,0,0.0,0,0,0,0,0,9.5,7.0,-0.406772059270847,-0.341141486472772,-0.303166745279793
set15IT080__Putida,0.4111022326426114,0.0,0,0,0.0,0,0,0,0,0,9.5,7.0,-0.920407101393979,0.158757126830175,-0.0713965932397667
set15IT081__Putida,0.4331642047304406,0.0,0,0,0.0,0,0,0,0,0,9.5,7.0,-0.321072698504213,-0.350515179526377,-0.0528926541540231
set15IT087__pseudo3_N2E3,0.5340897779830397,0.0,0,0,0.0,0,0,0,0,0,4.67377079828005,7.0,-0.179704300451987,0.430450702142281,-0.488524176944109
set15IT088__pseudo3_N2E3,0.42795365768570814,0.0,0,0,0.0,0,0,0,0,0,4.67377079828005,7.0,-0.0885307236782737,0.0751658848973795,-0.736622362637848
set15IT089__pseudo3_N2E3,0.5299285835260267,0.0,0,0,0.0,0,0,0,0,0,4.67377079828005,7.0,0.30342676914971,0.0909881156110646,-0.652251767410519
set15IT090__pseudo3_N2E3,0.48705123315988175,0.0,0,0,0.0,0,0,0,0,0,4.67377079828005,7.0,0.106051847909849,0.287410235608266,-0.857327512944269
set15IT091__pseudo3_N2E3,0.331827233240991,10.0,0,0,0.0,0,0,0,0,0,4.67377079828005,7.0,-1.27157539837516,0.665215525237978,-0.635375008813196
set15IT092__pseudo3_N2E3,0.4927321102829074,0.0,0,0,0.0,0,0,0,0,0,4.67377079828005,7.0,-0.310991218544673,0.478606183858801,-0.604196579446587
set15IT093__pseudo3_N2E3,0.47519952567613954,0.0,0,0,0.0,0,0,0,0,0,4.67377079828005,7.0,-0.000638242617641005,0.044115279774424,-0.56432322209784
set15IT094__pseudo3_N2E3,0.6955328474275764,0.0,0,0,0.0,0,0,0,0,0,4.67377079828005,7.0,0.478084826202203,0.546047411144083,-0.434330932210736
set15IT095__pseudo3_N2E3,0.5109394083522566,0.0,0,0,0.0,0,0,0,0,0,4.67377079828005,7.0,0.43218517561506,0.419640008127039,-1.2009875949462
set15IT096__pseudo3_N2E3,0.3530360904233312,10.0,0,0,0.0,0,0,0,0,0,4.67377079828005,7.0,-1.03922201590688,0.356644294567927,-0.446085393264135
set16IT004__Putida,0.4811119962622096,0.0,0,0,0.0,0,0,0,0,0,9.5,7.0,-0.398220828190389,0.0676717937124396,-0.161858347621253
set16IT005__Putida,0.43279702013249316,0.0,0,0,0.0,0,0,0,0,0,9.5,7.0,-0.498049725023225,-0.142895139813997,-0.0853306721394778
set16IT006__Putida,0.5293433619040671,0.0,0,0,0.0,0,0,0,0,0,9.5,7.0,0.00384955687276589,-0.0125527783484414,-0.251953058823323
set16IT007__Putida,0.5704445926253519,0.0,0,0,0.0,0,0,0,0,0,9.5,7.0,0.143290634970647,0.086741727240319,-0.29127002942727
set16IT008__Putida,0.47482485734515534,0.0,0,0,0.0,0,0,0,0,0,9.5,7.0,-0.175791441134183,-0.0559736343502488,-0.290884295453338
set16IT009__Putida,0.3370334765477578,0.0,0,0,0.0,0,0,0,0,0,9.5,7.0,-0.461215793645398,-0.260821080099976,-0.491625621583704
set16IT010__Putida,0.11863743399431022,0.0,0,0,0.0,0,0,0,0,0,9.5,7.0,-1.78590561500095,-0.80589270055894,-0.21673317828394
set16IT011__Putida,0.042729906260425304,0.0,0,0,0.0,0,0,0,0,0,9.5,7.0,-3.59086638350778,0.145362310501608,-0.687776901977726
set16IT012__Putida,0.46829677290901683,0.0,0,0,0.0,0,0,0,0,0,9.5,7.0,-0.206226374093328,-0.209389928139551,-0.138474825441787
set16IT013__Putida,0.5631283648243889,0.0,0,0,0.0,0,0,0,0,0,9.5,7.0,-0.0799223374671156,-0.0141685000062455,-0.00290882097083855
set16IT014__Putida,0.5602033756153817,0.0,0,0,0.0,0,0,0,0,0,9.5,7.0,-0.123285087616792,0.098893172841668,-0.0868667668763754
set16IT015__Putida,0.5730371736771402,0.0,0,0,0.0,0,0,0,0,0,9.5,7.0,0.169196749715292,-0.0698863258958922,-0.147840154170523
set16IT016__Putida,0.6107322956259033,0.0,0,0,0.0,0,0,0,0,0,9.5,7.0,0.182884498930318,-0.053605014488517,0.00958471683517548
set16IT017__Putida,0.6088934150845609,0.0,0,0,0.0,0,0,0,0,0,9.5,7.0,-0.0387079000351931,0.0681652885400243,0.100131424514153
set16IT018__Putida,0.5171472721178728,0.0,0,0,0.0,0,0,0,0,0,9.5,7.0,0.398152957921536,-0.598640685194723,-0.118848479000317
set16IT019__Putida,0.4163740267492241,0.0,0,0,0.0,0,0,0,0,0,9.5,7.0,-0.347852181673276,-0.168956952501341,-0.290152280293889
set16IT020__Putida,0.3936802773496372,0.0,0,0,0.0,0,0,0,0,0,9.5,7.0,-0.71021482002202,-0.217536964872201,0.00774275221097676
set16IT021__Putida,0.4161949893550238,0.0,0,0,0.0,0,0,0,0,0,9.5,7.0,-0.53818760713784,-0.064808795229613,-0.204849312414606
set16IT022__Putida,0.5608895564889164,0.0,0,0,0.0,0,0,0,0,0,9.5,7.0,-0.0485616279060417,-0.0327376079964501,-0.0266162516183819
set16IT023__Putida,0.47143147875557356,0.0,0,0,0.0,0,0,0,0,0,9.5,7.0,-0.132896201019383,-0.337174720701937,-0.0689164049559174
set16IT069__psRCH2,0.3436809695348619,0.0,0,0,0.0,0,0,0,0,0,0.0,7.0,-0.563223968619717,-0.43689983944643,-0.178002407762263
set16IT070__psRCH2,0.5104159020675108,0.0,0,0,0.0,0,0,0,0,0,0.0,7.0,-0.179884035160081,-0.0253196009180703,-0.14647313553612
set16IT071__psRCH2,0.60427284231531,0.0,0,0,0.0,0,0,0,0,0,0.0,7.0,0.0903582808015747,-0.117235566898332,0.133227825778314
set17IT010__psRCH2,0.5007795713673118,0.0,0,0,0.0,0,0,0,0,0,0.0,7.0,-0.512354555487214,-0.0206560741880968,0.135065182273634
set17IT011__psRCH2,0.5661257252481402,0.0,0,0,0.0,0,0,0,0,0,0.0,7.0,-0.0988627595980351,0.114949836849698,-0.0984526783893593
set17IT012__psRCH2,0.6119826336944038,0.0,0,0,0.0,0,0,0,0,0,0.0,7.0,0.259650664852906,-0.386115584277351,0.271644939858332
set17IT015__WCS417,0.5605593260240216,0.0,0,0,0.0,0,0,0,0,0,4.67377079828005,7.0,-0.143781870958761,0.111138508204872,-0.0768812065585565
set17IT016__WCS417,0.6710641942816367,0.0,0,0,0.0,0,0,0,0,0,4.67377079828005,7.0,0.0297931471764539,0.258199066756308,0.166052974954285
set17IT017__WCS417,0.5141563858438577,0.0,0,0,0.0,0,0,0,0,0,4.67377079828005,7.0,0.0387103536800288,-0.264971695643587,-0.107447435501905
set17IT018__WCS417,0.6583555080641337,0.0,0,0,0.0,0,0,0,0,0,4.67377079828005,7.0,0.122373959824176,-0.0290833858249084,0.292310794079371
set17IT019__WCS417,0.6596505312879566,0.0,0,0,0.0,0,0,0,0,0,4.67377079828005,7.0,0.198129959710537,-0.0391849371680633,0.233572863428736
set17IT020__WCS417,0.7346127093714149,0.0,0,0,0.0,0,0,0,0,0,4.67377079828005,7.0,0.298414316373139,0.36972335352003,0.152144595058266
set17IT021__WCS417,0.6670396525346112,0.0,0,0,0.0,0,0,0,0,0,4.67377079828005,7.0,0.470746552472262,-0.0694473602467403,0.0309313461244931
set17IT022__WCS417,0.47251448465375007,0.0,0,0,0.0,0,0,0,0,0,4.67377079828005,7.0,-0.828034326749795,0.173538954895678,0.120723656328548
set17IT023__WCS417,0.5463274745240186,0.0,0,0,0.0,0,0,0,0,0,4.67377079828005,7.0,-0.381274185101607,0.211262181584612,-0.00863041366366502
set17IT024__WCS417,0.5776800815547735,0.0,0,0,0.0,0,0,0,0,0,4.67377079828005,7.0,-0.135619739643953,0.0325589842315539,0.0773386528232605
set17IT024__psRCH2,0.6395666199111898,0.0,0,0,0.0,0,0,0,0,0,0.0,7.0,-0.033438846462241,0.506504664342647,-0.186468417899858
set17IT025__WCS417,0.7590190438200666,0.0,0,0,0.0,0,0,0,0,0,4.67377079828005,7.0,0.550064405794754,0.14244676560018,0.282781644807125
set17IT026__WCS417,0.6291629649381978,0.0,0,0,0.0,0,0,0,0,0,4.67377079828005,7.0,0.0203360538703878,0.0984204839171514,0.11400539281304
set17IT026__psRCH2,0.4895732667530739,0.0,0,0,80.0,0,0,0,0,0,0.0,7.0,-0.403497191395398,0.123931544782948,-0.172185529651594
set17IT027__WCS417,0.7221638256647815,0.0,0,0,0.0,0,0,0,0,0,4.67377079828005,7.0,0.417994939231939,0.226584951933599,0.100171467004373
set17IT028__WCS417,0.5651227512112482,0.0,0,0,0.0,0,0,0,0,0,4.67377079828005,7.0,-0.226057185658014,-0.124477615517489,0.263269790441949
set17IT028__psRCH2,0.39562632627865735,0.0,0,0,0.0,0,0,0,0,0,0.0,7.0,-0.660464964153678,-0.418495139995687,0.168727540101514
set17IT041__psRCH2,0.65280803348606,0.0,0,0,0.0,0,0,0,0,0,0.0,7.0,0.0393723029818869,0.170869262886959,0.145872376189579
set17IT042__psRCH2,0.5731740470249229,0.0,0,0,0.0,0,0,0,0,0,0.0,7.0,-0.0537257988797091,0.120875328812518,-0.115007813992048
set17IT043__psRCH2,0.7277178713827908,0.0,0,0,0.0,0,0,0,0,0,0.0,7.0,0.193406747453952,0.626859093848848,-0.0420842384101836
set17IT061__psRCH2,0.4531428437795219,0.0,0,0,80.0,0,0,0,0,0,0.0,7.0,-0.336198759971738,-0.21558805541789,-0.0755118293954649
set17IT062__psRCH2,0.4161604362679547,0.0,0,0,0.0,0,0,0,0,0,0.0,7.0,-0.536554948363502,-0.386098578022274,0.114637134659086
set17IT063__psRCH2,0.4167956405317485,0.0,0,0,0.0,0,0,0,0,0,0.0,7.0,-0.337959474290143,-0.40952480758701,-0.0573951305377016
set19IT025__psRCH2,0.18377248153684658,20.0,0,0,0.0,0,0,0,0,0,4.67377079828005,0.0,-2.40888864280744,0.443368542707382,-0.225634401837426
set19IT026__psRCH2,0.19804140304646928,20.0,0,0,0.0,0,0,0,0,0,4.67377079828005,0.0,-2.48288755505316,0.442403521301647,-0.0397570001537726
set19IT029__psRCH2,0.22554324703767145,20.0,0,0,0.0,0,0,0,0,0,4.67377079828005,0.0,-1.6019326610893,-0.402540223977332,0.122179208644623
set19IT030__psRCH2,0.5069414993929137,20.0,0,0,0.0,0,0,0,0,0,4.67377079828005,0.0,-1.19875813143602,0.80852631763337,0.0218702712001855
set19IT031__psRCH2,0.1638383617839867,20.0,0,0,0.0,0,0,0,0,0,4.67377079828005,0.0,-2.51612480045893,0.146417214237321,0.0117913200968069
set19IT032__psRCH2,0.2697663061480822,20.0,0,0,0.0,0,0,0,0,0,4.67377079828005,0.0,-2.48715283852725,0.588159027023096,0.30215327871034
set1H13__psRCH2,0.7295844846182611,0.0,0,0,0.0,0,0,0,0,0,4.67377079828005,7.2,0.168463774849172,0.60874909009905,0.0122994064936148
set1H25__psRCH2,0.6038536161533938,0.0,0,0,0.0,0,0,0,0,0,4.67377079828005,7.2,-0.200993069064488,0.619055233351833,-0.313815343298656
set1IT001__pseudo5_N2C3_1,0.2744636254862122,20.0,0,0,0.0,0,0,0,0,0,4.67377079828005,7.2,-1.21282924250272,-0.52352584004332,0.167978201837877
set1IT001__pseudo6_N2E2,0.1901958407643742,20.0,0,0,0.0,0,0,0,0,0,4.67377079828005,7.0,-1.76966907827801,-0.229179387682049,-0.141590499001805
set1IT002__pseudo13_GW456_L13,0.7901026153855868,0.0,0,0,0.0,0,0,0,0,0,4.67377079828005,7.0,1.15976272847293,-0.0942525254216497,0.123697368738707
set1IT002__pseudo5_N2C3_1,0.345200266373549,0.0,0,0,0.0,0,0,0,0,0,4.67377079828005,7.2,-0.950296216721423,-0.345330037200288,0.125575442118187
set1IT004__WCS417,0.599218684470701,0.0,0,0,0.0,0,0,0,0,0,0.0,7.0,0.493590593492897,-0.513564177049164,0.101012070086795
set1IT004__pseudo13_GW456_L13,0.42876086575814354,0.0,0,0,0.0,0,0,20,0,0,4.67377079828005,7.0,-0.593285900688748,-0.0962069272972403,-0.056537954510206
set1IT004__pseudo5_N2C3_1,0.5650784646287703,0.0,0,0,0.0,0,0,20,0,0,4.67377079828005,7.2,-0.0906198647022616,-0.198588526913043,0.201727106496045
set1IT004__pseudo6_N2E2,0.6268559059281161,0.0,0,0,0.0,0,0,20,0,0,4.67377079828005,7.0,-0.069739043947286,0.183994717133218,0.106653779354667
set1IT005__pseudo13_GW456_L13,0.49349803724141467,0.0,0,0,0.0,0,0,0,0,0,4.67377079828005,7.0,-0.977222015204581,0.543241028196746,0.00107708117711036
set1IT005__pseudo1_N1B4,0.3729410561312946,20.0,0,0,0.0,0,0,0,0,0,4.67377079828005,7.0,-0.837788320351552,-0.293028436776772,0.105489471589587
set1IT005__pseudo5_N2C3_1,0.8719008797308379,0.0,0,0,0.0,0,20,0,0,0,4.67377079828005,7.2,1.7088028252654,0.170722972445851,0.0205830192999463
set1IT005__pseudo6_N2E2,0.7433047465177064,0.0,0,0,0.0,0,20,0,0,0,4.67377079828005,7.0,0.593480482017239,0.169911872641051,0.110974142687034
set1IT006__pseudo13_GW456_L13,0.57366875955335,0.0,0,0,0.0,0,0,0,0,0,4.67377079828005,7.0,-0.264808757613116,-0.00236415887218966,0.221741954928127
set1IT006__pseudo1_N1B4,0.6954145239910722,0.0,0,0,0.0,0,0,0,0,0,4.67377079828005,7.0,0.47766401116595,-0.133910966012012,0.245377738425707
set1IT006__pseudo5_N2C3_1,0.5161329275774419,0.0,0,0,0.0,0,0,0,0,0,4.67377079828005,7.2,-0.754476409278948,0.135723526872155,0.29454167848982
set1IT006__pseudo6_N2E2,0.8878017751022823,0.0,0,0,0.0,0,0,0,0,0,4.67377079828005,7.0,2.25520819584231,0.0223400763965635,-0.196679987527034
set1IT007__pseudo13_GW456_L13,0.039730405383826065,0.0,0,0,0.0,0,0,0,0,0,4.67377079828005,7.0,-4.31259625590683,-0.0104889928015384,0.0986974481871425
set1IT007__pseudo5_N2C3_1,0.5594648935180512,0.0,0,0,0.0,0,0,0,0,0,4.67377079828005,7.2,-0.102467301492092,-0.0944159738119166,0.0820278307105586
set1IT007__pseudo6_N2E2,0.7325136774655762,0.0,0,0,0.0,0,0,0,0,0,4.67377079828005,7.0,0.335765405044798,0.0386787375921376,0.43294860931947
set1IT008__pseudo1_N1B4,0.5589033448117461,0.0,0,0,0.0,0,0,20,0,0,4.67377079828005,7.0,-0.407386097514633,0.102900367366377,0.186896131927564
set1IT008__pseudo5_N2C3_1,0.5807661454625305,0.0,0,0,0.0,0,0,0,0,0,4.67377079828005,7.2,-0.109303984475062,-0.0972754384694432,0.196054262493532
set1IT008__pseudo6_N2E2,0.28239469715584586,0.0,0,0,0.0,0,0,0,0,0,4.67377079828005,7.0,-1.78458780796954,0.177890560709147,0.0857017879019377
set1IT009__pseudo13_GW456_L13,0.4840854787805372,0.0,0,0,0.0,0,0,0,0,0,4.67377079828005,7.0,-0.546890385156265,0.418326006620895,-0.349550756802381
set1IT009__pseudo1_N1B4,0.2924845167358183,0.0,0,0,0.0,0,0,0,0,0,4.67377079828005,7.0,-1.28869919867435,-0.315478013340325,0.142310199566085
set1IT009__pseudo6_N2E2,0.6134018205136251,0.0,0,0,0.0,0,0,0,0,0,4.67377079828005,7.0,-0.0207586285091461,0.222595255200119,-0.0494788475879067
set1IT010__pseudo1_N1B4,0.5580791900342437,0.0,0,0,0.0,0,0,0,0,0,4.67377079828005,7.0,-0.684662630389062,0.226293096176014,0.336768492349706
set1IT010__pseudo6_N2E2,0.7398661357954965,0.0,0,0,0.0,0,0,0,0,0,4.67377079828005,7.0,0.509153973151289,0.366988928439426,-0.0233120196969394
set1IT011__pseudo13_GW456_L13,0.723658118250924,0.0,0,0,0.0,0,0,0,0,0,4.67377079828005,7.0,0.353154465045847,0.604274106680078,-0.203723982467581
set1IT011__pseudo1_N1B4,0.6010290071355707,0.0,0,0,0.0,0,0,0,0,0,4.67377079828005,7.0,-0.0281429615509694,0.039417245365881,0.0788181439087419
set1IT011__pseudo6_N2E2,0.7245202864306968,0.0,0,0,0.0,0,0,0,0,0,4.67377079828005,7.0,0.482625837677784,0.301938966252697,-0.0256808202311085
set1IT012__pseudo13_GW456_L13,0.5290262051335394,0.0,0,0,0.0,0,0,0,0,0,4.67377079828005,7.0,-0.406462000190741,0.0794457719645745,0.0648321579463444
set1IT012__pseudo1_N1B4,0.41054868102226844,0.0,0,0,0.0,0,0,0,0,0,4.67377079828005,7.0,-0.804110039062049,-0.00916184960401001,-0.0225194389840231
set1IT012__pseudo5_N2C3_1,0.14806523505111246,0.0,0,0,0.0,0,0,0,0,0,4.67377079828005,7.2,-2.51141478292638,-0.0447258574053937,0.054303936837834
set1IT012__pseudo6_N2E2,0.6259345838381714,0.0,0,0,0.0,0,0,0,0,0,4.67377079828005,7.0,0.0893730893139215,0.14355099300443,-0.0167395915369295
set1IT013__pseudo1_N1B4,0.5054866847495662,0.0,0,0,0.0,0,0,0,0,0,4.67377079828005,7.0,-0.5107560309213,-0.0038299775041728,0.139239206364465
set1IT013__pseudo5_N2C3_1,0.5044715449648292,0.0,0,0,0.0,0,0,0,0,0,4.67377079828005,7.2,-0.115905352677154,-0.17758246405969,-0.0867328846354827
set1IT013__pseudo6_N2E2,0.723740892111894,0.0,0,0,0.0,0,0,0,0,0,4.67377079828005,7.0,0.134725294323652,0.33911101339801,0.280365103482587
set1IT014__pseudo13_GW456_L13,0.2754412678450743,0.0,0,0,0.0,0,0,0,0,0,4.67377079828005,7.0,-1.52970300626067,-0.0917352120253391,0.0589471141806122
set1IT014__pseudo1_N1B4,0.48111153067520945,0.0,0,0,0.0,0,0,0,0,0,4.67377079828005,7.0,-0.0321374384287898,-0.444850642189692,-0.015421539833518
set1IT014__pseudo5_N2C3_1,0.4937722249311557,0.0,0,0,0.0,0,0,0,0,0,4.67377079828005,7.2,-0.173976071755434,-0.257669072268216,5.77532487793242e-05
set1IT014__pseudo6_N2E2,0.04602196976511747,0.0,0,0,0.0,0,0,0,0,0,4.67377079828005,7.0,-1.71090967251931,0.136874289988474,-2.46603365160573
set1IT015__pseudo13_GW456_L13,0.4781870661934183,0.0,0,0,0.0,0,0,0,0,0,4.67377079828005,7.0,0.198519953275681,-0.0657210061094502,-0.639271475619569
set1IT016__pseudo13_GW456_L13,0.592498660522503,0.0,0,0,0.0,0,0,0,0,0,4.67377079828005,7.0,-0.30596515937719,0.331814262929508,0.0216967253921043
set1IT016__pseudo1_N1B4,0.7102406783563234,0.0,0,0,0.0,0,0,0,0,0,4.67377079828005,7.0,0.198657227154723,0.146540034120835,0.329142793463693
set1IT016__pseudo5_N2C3_1,0.48260356597092174,0.0,0,0,0.0,0,0,0,0,0,4.67377079828005,7.2,-0.477043928777955,-0.0413198420888865,0.0331264607597983
set1IT017__pseudo13_GW456_L13,0.39467616231142616,0.0,0,0,0.0,0,0,0,0,0,4.67377079828005,7.0,-0.651359916709071,0.385780907205986,-0.64942484733001
set1IT017__pseudo1_N1B4,0.5145674622469224,0.0,0,0,0.0,0,0,0,0,0,4.67377079828005,7.0,-0.235581072126815,-0.0643760215523468,-0.0317765863536967
set1IT017__pseudo5_N2C3_1,0.5302811788126133,0.0,0,0,0.0,0,0,0,0,0,4.67377079828005,7.2,-0.246206765827441,0.00992050700298797,-0.0198517494021069
set1IT017__pseudo6_N2E2,0.8671251027218962,0.0,0,0,0.0,0,0,0,0,0,4.67377079828005,7.0,1.82356081928324,-0.0381561687843537,0.0641810088164541
set1IT018__pseudo13_GW456_L13,0.16891693087702814,0.0,0,0,0.0,0,0,0,0,0,4.67377079828005,7.0,-2.26371043666091,-0.0807428680226209,0.0304864302400641
set1IT018__pseudo1_N1B4,0.5497077439259193,0.0,0,0,0.0,0,0,0,0,0,4.67377079828005,7.0,0.0265754571027863,-0.0378139446917638,-0.151025037892145
set1IT018__pseudo5_N2C3_1,0.5913166941837833,0.0,0,0,0.0,0,0,0,0,0,4.67377079828005,7.2,-0.055820012173257,-0.0750647081931011,0.172557813779606
set1IT018__pseudo6_N2E2,0.16322028281599243,0.0,0,0,0.0,0,0,0,0,0,4.67377079828005,7.0,-2.46640914355272,0.0880525326630111,0.0150172706839209
set1IT019__pseudo13_GW456_L13,0.5160962594982768,0.0,0,0,0.0,0,0,0,0,0,4.67377079828005,7.0,-0.190077415448798,0.0827933244164982,-0.217103329555062
set1IT019__pseudo1_N1B4,0.6743829632537324,0.0,0,0,0.0,0,0,0,0,0,4.67377079828005,7.0,-0.00990369139781366,0.431101395980319,0.05093904109523
set1IT019__pseudo5_N2C3_1,0.6344460204228166,0.0,0,0,0.0,0,0,0,0,0,4.67377079828005,7.2,0.360851804733164,-0.16039649904954,0.0595635656985156
set1IT019__pseudo6_N2E2,0.5880269303134718,0.0,0,0,0.0,0,0,0,0,0,4.67377079828005,7.0,-0.0394412774739208,0.0593157597547094,0.00548040801047445
set1IT020__pseudo5_N2C3_1,0.5833252278861385,0.0,0,0,0.0,0,0,0,0,0,4.67377079828005,7.2,-0.0942188373057153,-0.118796317088092,0.215115446768354
set1IT020__pseudo6_N2E2,0.6472915927749344,0.0,0,0,0.0,0,0,0,0,0,4.67377079828005,7.0,0.0406133456992535,0.490217709501754,-0.203821626341781
set1IT021__WCS417,0.21662249146769175,20.0,0,0,0.0,0,0,0,0,0,4.67377079828005,7.0,-1.58640565727562,-0.235562797497583,-0.12250508191738
set1IT021__pseudo13_GW456_L13,0.5123903791577444,0.0,0,0,0.0,0,0,0,0,0,4.67377079828005,7.0,0.215353308793664,-0.0663177782546795,-0.491228421128287
set1IT021__pseudo1_N1B4,0.33130364215284747,20.0,0,0,0.0,0,0,0,0,0,4.67377079828005,7.0,-0.836899035563951,-0.528987868783995,0.121316639883413
set1IT021__pseudo5_N2C3_1,0.3332835143379596,20.0,0,0,0.0,0,0,0,0,0,4.67377079828005,7.2,-1.57093190323168,0.145713155376046,0.191358203243064
set1IT021__pseudo6_N2E2,0.7172348790570383,0.0,0,0,0.0,0,0,0,0,0,4.67377079828005,7.0,0.0937493727636163,0.263484967728941,0.358192226718753
set1IT022__WCS417,0.6957118141476838,0.0,0,0,0.0,0,0,0,0,0,4.67377079828005,7.0,0.567218404314423,-0.0506081599267669,0.0742055173670472
set1IT022__pseudo13_GW456_L13,0.2535979061290774,0.0,0,0,0.0,0,0,0,0,0,4.67377079828005,7.0,-0.140129942835002,0.105000779315925,-1.6621738074282
set1IT022__pseudo1_N1B4,0.6526893111367341,0.0,0,0,0.0,0,0,0,0,0,4.67377079828005,7.0,0.227332282050977,-0.161100271628551,0.289253308924939
set1IT022__pseudo5_N2C3_1,0.4904017264548396,0.0,0,0,0.0,0,0,0,0,0,4.67377079828005,7.2,-0.668127115601983,-0.0525563434432048,0.272911092412806
set1IT022__pseudo6_N2E2,0.6484972951271981,0.0,0,0,0.0,0,0,0,0,0,4.67377079828005,7.0,0.44072283488947,-0.0951629808008756,-0.012207190426063
set1IT023__pseudo6_N2E2,0.7452898912304222,0.0,0,0,0.0,0,0,0,0,0,4.67377079828005,7.0,0.228095693963933,0.472411358069008,0.186378156453227
set1IT024__WCS417,0.5872305827112827,0.0,0,0,0.0,0,0,20,0,0,4.67377079828005,7.0,0.0664789197461488,-0.00232513255941583,-0.0427430963140344
set1IT024__pseudo1_N1B4,0.4853585461045755,0.0,0,0,0.0,0,0,20,0,0,4.67377079828005,7.0,-0.0647535442398142,-0.542441239364805,0.135197018542082
set1IT024__pseudo5_N2C3_1,0.5556066133830422,0.0,0,0,0.0,0,0,20,0,0,4.67377079828005,7.2,-0.0398788356145052,-0.0602843819744026,-0.0334634533361329
set1IT025__WCS417,0.5329025457444733,0.0,0,0,0.0,0,20,0,0,0,4.67377079828005,7.0,-0.254044032168681,0.0832193501744224,-0.0726783750029215
set1IT025__pseudo13_GW456_L13,0.1419269860512308,0.0,0,0,0.0,0,0,0,0,0,4.67377079828005,7.0,0.0385820940927611,-0.107366167080339,-2.49248503354767
set1IT025__pseudo1_N1B4,0.4224981413551494,0.0,0,0,0.0,0,0,0,0,0,4.67377079828005,7.0,-0.782261917733504,-0.0304736887500119,0.0359584943743543
set1IT025__pseudo5_N2C3_1,0.866353276902132,0.0,0,0,0.0,0,20,0,0,0,4.67377079828005,7.2,1.72054044140146,0.0124895352900276,0.108535634577992
set1IT025__pseudo6_N2E2,0.6852642534965372,0.0,0,0,0.0,0,0,0,0,0,4.67377079828005,7.0,1.31938270389153,-0.54976435169642,-0.237478500711424
set1IT026__WCS417,0.5369649178570007,0.0,0,0,0.0,0,0,0,0,0,4.67377079828005,7.0,-0.466157069928297,0.220581503520397,0.021670647751462
set1IT026__pseudo13_GW456_L13,0.06702450719596736,0.0,0,0,0.0,0,0,0,0,0,4.67377079828005,7.0,0.520442187733437,-0.372458362571083,-3.71013857793544
set1IT026__pseudo1_N1B4,0.42566647720564593,0.0,0,0,0.0,0,0,0,0,0,4.67377079828005,7.0,-0.727295383529261,-0.278086561167876,0.244174156653413
set1IT026__pseudo5_N2C3_1,0.3173350586104843,0.0,0,0,0.0,0,0,0,0,0,4.67377079828005,7.2,-1.35892851136428,-0.139589524276112,0.177434651424504
set1IT026__pseudo6_N2E2,0.47643353245162945,0.0,0,0,0.0,0,0,0,0,0,4.67377079828005,7.0,-0.147954666902058,-0.330150388205096,-0.0368030994623294
set1IT027__WCS417,0.4998083352870999,0.0,0,0,0.0,0,0,0,0,0,4.67377079828005,7.0,-0.292295996611988,-0.138482556325735,0.0281704580791826
set1IT027__pseudo13_GW456_L13,0.4395213144256292,0.0,0,0,0.0,0,0,0,0,0,4.67377079828005,7.0,-0.929303101590152,0.351495805021688,-0.11565117269371
set1IT027__pseudo1_N1B4,0.5606959154779602,0.0,0,0,0.0,0,0,0,0,0,4.67377079828005,7.0,-0.320887189786697,0.211364267506384,0.000663867316428979
set1IT027__pseudo5_N2C3_1,0.5671260034639178,0.0,0,0,0.0,0,0,0,0,0,4.67377079828005,7.2,-0.0445524715071461,-0.224444552174876,0.191520299196251
set1IT027__pseudo6_N2E2,0.622110095922058,0.0,0,0,0.0,0,0,0,0,0,4.67377079828005,7.0,0.423939671976755,-0.121824014799861,-0.105495337696876
set1IT028__WCS417,0.6165937226513444,0.0,0,0,0.0,0,0,0,0,0,4.67377079828005,7.0,0.149526950361921,-0.0197300363483901,0.0387402565007895
set1IT028__pseudo13_GW456_L13,0.475680824845408,0.0,0,0,0.0,0,0,0,0,0,4.67377079828005,7.0,-0.322924992756334,0.0572050988041816,-0.252810114028552
set1IT028__pseudo1_N1B4,0.3857056697056114,0.0,0,0,0.0,0,0,0,0,0,4.67377079828005,7.0,-1.00130684632671,0.017251615959861,0.0238025320785979
set1IT028__pseudo5_N2C3_1,0.6539968396883443,0.0,0,0,0.0,0,0,0,0,0,4.67377079828005,7.2,0.185743427210233,0.0253318563114484,0.151338833654599
set1IT028__pseudo6_N2E2,0.6473462232085883,0.0,0,0,0.0,0,0,0,0,0,4.67377079828005,7.0,0.0652073355581337,0.208736606956355,0.0533526845179013
set1IT029__WCS417,0.23637421291031793,0.0,0,0,0.0,0,0,0,0,0,4.67377079828005,7.0,-1.81194263468239,0.0534972602138147,-0.0506512592029745
set1IT029__pseudo13_GW456_L13,0.6194965046804695,0.0,0,0,0.0,0,0,0,0,0,4.67377079828005,7.0,0.0402559385609909,0.0555589347965035,0.0874804250366139
set1IT029__pseudo1_N1B4,0.4154036806537965,0.0,0,0,0.0,0,0,0,0,0,4.67377079828005,7.0,-0.127115975265447,-0.6088609074093,-0.0757785705286151
set1IT029__pseudo5_N2C3_1,0.1517511059116321,0.0,0,0,0.0,0,0,0,0,0,4.67377079828005,7.2,-2.61254141763239,0.0652033536244991,0.0802162003452718
set1IT029__pseudo6_N2E2,0.7434238094608541,0.0,0,0,0.0,0,0,0,0,0,4.67377079828005,7.0,0.529771583277837,0.31467414381391,0.0306698107863967
set1IT030__WCS417,0.5643985707446705,0.0,0,0,0.0,0,0,0,0,0,4.67377079828005,7.0,-0.0752571862133461,0.0554754489413238,-0.0710191883524482
set1IT030__pseudo13_GW456_L13,0.5191746134468946,0.0,0,0,0.0,0,0,0,0,0,4.67377079828005,7.0,0.590950739539525,0.0326786083182222,-0.933219960634705
set1IT030__pseudo1_N1B4,0.5027429206907441,0.0,0,0,0.0,0,0,0,0,0,4.67377079828005,7.0,-0.230471603258887,-0.269085474360176,0.111037273710336
set1IT030__pseudo5_N2C3_1,0.6117536581812606,0.0,0,0,0.0,0,0,0,0,0,4.67377079828005,7.2,0.0421372166144836,0.0719482961966686,0.0299373316335976
set1IT030__pseudo6_N2E2,0.7095097997360107,0.0,0,0,0.0,0,0,0,0,0,4.67377079828005,7.0,0.409009465180297,0.180505791419101,0.0805656170772744
set1IT031__WCS417,0.5782791039428942,0.0,0,0,0.0,0,0,0,0,0,4.67377079828005,7.0,-0.014491627808883,0.0139807468581008,-0.0222637838311442
set1IT031__pseudo5_N2C3_1,0.723004394075043,0.0,0,0,0.0,0,0,0,0,0,4.67377079828005,7.2,0.466575308143941,0.0153678770083947,0.267840873356436
set1IT031__pseudo6_N2E2,0.6786757701624286,0.0,0,0,0.0,0,0,0,0,0,4.67377079828005,7.0,0.327159672198218,0.263700041759589,-0.0951794089632265
set1IT032__WCS417,0.5929321705777995,0.0,0,0,0.0,0,0,0,0,0,4.67377079828005,7.0,0.366269852745243,-0.0737011241990047,-0.242867625519078
set1IT032__pseudo13_GW456_L13,0.40486836684130806,0.0,0,0,0.0,0,0,0,0,0,4.67377079828005,7.0,-0.462197773403909,-0.306460929358746,-0.0953645241563503
set1IT032__pseudo1_N1B4,0.6014724351851823,0.0,0,0,0.0,0,0,0,0,0,4.67377079828005,7.0,-0.025362054368727,0.0562236542635108,0.0614506345881749
set1IT032__pseudo6_N2E2,0.37584813218102286,0.0,0,0,0.0,0,0,0,0,0,4.67377079828005,7.0,-1.12323225989488,0.0318119624003845,0.0809892115496242
set1IT033__WCS417,0.34175834126045296,0.0,0,0,0.0,0,0,0,0,0,4.67377079828005,7.0,-0.53267160889552,-0.236601960840253,-0.419096279220212
set1IT033__pseudo13_GW456_L13,0.8786952938331553,0.0,0,0,0.0,0,0,0,0,0,4.67377079828005,7.0,1.73882676849282,0.2284364696411,0.00757037784224601
set1IT033__pseudo1_N1B4,0.6406493711584873,0.0,0,0,0.0,0,0,0,0,0,4.67377079828005,7.0,0.0923952584360934,0.0433344069493331,0.156508668142173
set1IT033__pseudo5_N2C3_1,0.5291464866776927,0.0,0,0,0.0,0,0,0,0,0,4.67377079828005,7.2,-0.242259471644108,-0.101586347272775,0.0822411488551056
set1IT033__pseudo6_N2E2,0.7167817220672194,0.0,0,0,0.0,0,0,0,0,0,4.67377079828005,7.0,0.449416707224721,0.232944071217902,0.0303853964331395
set1IT034__WCS417,0.563735489516851,0.0,20,0,0.0,0,0,0,0,0,4.67377079828005,7.0,-0.14208010749477,0.130192923223256,-0.0821501538098752
set1IT034__pseudo1_N1B4,0.6121496555329253,0.0,0,0,0.0,0,0,0,0,0,4.67377079828005,7.0,0.0238100597884583,0.150436068953694,-0.0282218706534068
set1IT034__pseudo5_N2C3_1,0.47648878404418105,0.0,0,0,0.0,0,0,0,0,0,4.67377079828005,7.2,-0.314359084184543,-0.145388573109175,-0.0548946599955267
set1IT034__pseudo6_N2E2,0.05374121412110389,0.0,0,20,0.0,0,0,0,0,0,4.67377079828005,7.0,-2.28511750069178,-0.517418995372631,-1.04167963042625
set1IT035__WCS417,0.7193474014014734,0.0,0,0,0.0,0,0,0,0,0,4.67377079828005,7.0,0.448776532586704,0.117244253945166,0.16193573073699
set1IT035__pseudo1_N1B4,0.6552516224845436,0.0,0,0,0.0,0,0,0,0,0,4.67377079828005,7.0,0.117650556975388,0.0820819922453191,0.169342461102412
set1IT035__pseudo5_N2C3_1,0.5417380907441712,0.0,0,0,0.0,0,0,0,0,0,4.67377079828005,7.2,-0.134079777676138,-0.0915426356777689,0.0247752225580458
set1IT036__WCS417,0.623090753167677,0.0,0,0,0.0,0,0,0,0,0,4.67377079828005,7.0,0.17693692358256,-0.0299710279308484,0.054663459238833
set1IT036__pseudo5_N2C3_1,0.49049218963651414,0.0,0,0,0.0,0,0,0,0,0,4.67377079828005,7.2,-0.144804439121964,-0.303211607796474,0.000678128393554633
set1IT037__WCS417,0.5797168204494407,0.0,0,0,0.0,0,0,0,0,0,4.67377079828005,7.0,0.277527488184442,-0.160850510878898,-0.13237283856711
set1IT037__pseudo5_N2C3_1,0.6160184741486499,0.0,0,0,0.0,0,0,0,0,0,4.67377079828005,7.2,0.0633597875555998,-0.0858010696679501,0.18805886380928
set1IT038__WCS417,0.5879939625959505,0.0,0,0,0.0,0,0,0,0,0,4.67377079828005,7.0,0.0182516983661909,-0.0571686208717337,0.0641084831101832
set1IT039__WCS417,0.5312685234109346,0.0,0,0,0.0,0,0,0,0,0,4.67377079828005,7.0,-0.0806248013301569,-0.19037703396691,0.0196218307604972
set1IT039__pseudo13_GW456_L13,0.6369906027318337,0.0,0,0,0.0,0,0,0,0,0,0.0,7.0,0.0830093365677839,0.278103025775617,-0.087905966769661
set1IT040__WCS417,0.2738943803082379,0.0,0,0,0.0,0,0,0,0,0,4.67377079828005,7.0,-1.15457947047765,-0.290142704518224,-0.127087780414196
set1IT040__pseudo13_GW456_L13,0.6426371900800482,0.0,0,0,0.0,0,0,0,0,0,0.0,7.0,0.154560253309779,0.0853298676286034,0.0627238778138292
set1IT041__WCS417,0.11546936990552543,20.0,0,0,0.0,0,0,0,0,0,4.67377079828005,7.0,-2.48214228943903,-0.166573999376602,-0.196606615616108
set1IT041__pseudo13_GW456_L13,0.6184857301807086,0.0,0,0,0.0,0,0,0,0,0,0.0,7.0,-0.105643510524209,0.276908983561771,0.00688604461791487
set1IT042__WCS417,0.6569705282372713,0.0,0,0,0.0,0,0,0,0,0,4.67377079828005,7.0,0.355173633881651,-0.0188593501494605,0.0419040625997639
set1IT043__pseudo5_N2C3_1,0.6074289524685517,0.0,0,0,0.0,0,0,0,0,0,0.0,7.0,-0.265239362156455,0.166873547462001,0.220578982461567
set1IT044__WCS417,0.6328527432805702,0.0,0,0,0.0,0,0,20,0,0,4.67377079828005,7.0,0.394886127895597,-0.108671120535508,-0.0344335973893453
set1IT053__pseudo3_N2E3,0.30975356129392567,20.0,0,0,0.0,0,0,0,0,0,4.67377079828005,7.0,-1.06182592557084,-0.0100372608406625,-0.291497469914369
set1IT054__pseudo3_N2E3,0.33809718289630314,0.0,0,0,0.0,0,0,0,0,0,4.67377079828005,7.0,-1.18430713011816,-0.165856799213402,0.14221054682313
set1IT056__pseudo3_N2E3,0.9712801521611485,0.0,0,0,0.0,0,0,0,0,0,4.67377079828005,7.0,3.7886147503793,-0.0224879161002047,0.0580615755230558
set1IT057__pseudo3_N2E3,0.5877640483852703,0.0,0,0,0.0,0,0,0,0,0,4.67377079828005,7.0,-0.170121793626998,-0.0319824932987989,0.226156908100859
set1IT058__pseudo3_N2E3,0.2702272748240896,0.0,0,0,0.0,0,0,0,0,0,4.67377079828005,7.0,-1.70256356124368,0.207178204102464,-0.0986482195628648
set1IT059__pseudo3_N2E3,0.10917112853515838,0.0,0,0,0.0,0,0,0,0,0,4.67377079828005,7.0,-0.372768338501884,0.304409481450455,-2.85279625118309
set1IT060__pseudo3_N2E3,0.5774490724768465,0.0,0,0,0.0,0,0,0,0,0,4.67377079828005,7.0,-0.00787567463887084,-0.230948410247333,0.211965622994378
set1IT061__pseudo3_N2E3,0.5944539376578469,0.0,20,0,0.0,0,0,0,0,0,4.67377079828005,7.0,-0.186447124052953,0.085259729077912,0.15845996201311
set1IT062__pseudo3_N2E3,0.6239119749251218,0.0,0,0,0.0,0,0,0,0,0,4.67377079828005,7.0,0.0652359709365982,0.0861305472510654,0.0544614633441463
set1IT063__pseudo3_N2E3,0.46657273587912085,0.0,0,0,0.0,0,0,0,0,0,4.67377079828005,7.0,0.0593829664692438,-0.35454283685723,-0.26724316479623
set1IT064__pseudo3_N2E3,0.6069757067462096,0.0,0,0,0.0,0,0,0,0,0,4.67377079828005,7.0,0.0145028245884209,0.279636662387063,-0.174207075663908
set1IT065__pseudo3_N2E3,0.4348800403254714,0.0,0,0,0.0,0,0,0,0,0,4.67377079828005,7.0,-0.0204848344175952,-0.386051671162315,-0.309560778700425
set1IT066__pseudo3_N2E3,0.549069725802476,0.0,0,0,0.0,0,0,0,0,0,4.67377079828005,7.0,-0.13258206372537,-0.0956080982973162,0.0628335022438562
set1IT067__pseudo3_N2E3,0.33452888364112904,0.0,0,0,0.0,0,0,0,0,0,4.67377079828005,7.0,0.606903264761509,0.250800739606353,-2.08484428776012
set1IT068__pseudo3_N2E3,0.34596132855725054,20.0,0,0,0.0,0,0,0,0,0,4.67377079828005,7.0,-1.22716806837565,0.213218976374202,-0.152062828808858
set1IT069__pseudo3_N2E3,0.277379601777066,0.0,0,0,0.0,0,0,0,0,0,4.67377079828005,7.0,-1.5653583668348,0.0990213308852654,-0.0845227021286448
set1IT071__pseudo3_N2E3,0.9715286334441326,0.0,0,0,0.0,0,0,0,0,0,4.67377079828005,7.0,4.00865782103352,-0.0945948699081551,-0.0791384933428696
set1IT072__pseudo3_N2E3,0.5444648317692051,0.0,0,0,0.0,0,0,0,0,0,4.67377079828005,7.0,-0.0627640881843803,-0.166833169447318,0.041938456276573
set1IT073__pseudo3_N2E3,0.20140684928265112,0.0,0,0,0.0,0,0,0,0,0,4.67377079828005,7.0,-1.80087747391795,-0.0805372710820058,-0.173554950176178
set1IT074__pseudo3_N2E3,0.13937735507267018,0.0,0,0,0.0,0,0,0,0,0,4.67377079828005,7.0,-0.577808118104554,0.255001299189817,-2.2637797202626
set1IT075__pseudo3_N2E3,0.5917214528090946,0.0,0,0,0.0,0,0,0,0,0,4.67377079828005,7.0,-0.203450714178121,0.234833884654238,0.0123004184067215
set1IT076__pseudo3_N2E3,0.48736480841886876,0.0,20,0,0.0,0,0,0,0,0,4.67377079828005,7.0,-0.119430666189228,-0.0540857532983856,-0.28884263304598
set1IT077__pseudo3_N2E3,0.5401356662046747,0.0,0,0,0.0,0,0,0,0,0,4.67377079828005,7.0,-0.0488815909804572,-0.0220795141361201,-0.137630819027479
set1IT078__Putida,0.1843009750419897,40.0,0,0,0.0,0,0,0,0,0,4.67377079828005,7.0,-2.09084814446498,0.174457978137899,-0.270540448716388
set1IT078__pseudo3_N2E3,0.42432744565619096,0.0,0,0,0.0,0,0,0,0,0,4.67377079828005,7.0,-0.0809646972215692,-0.52112726417944,-0.165692141972078
set1IT079__Putida,0.18006448313299234,40.0,0,0,0.0,0,0,0,0,0,4.67377079828005,7.0,-2.19882703314028,0.018871528642143,-0.0411027757043458
set1IT079__pseudo3_N2E3,0.5550868736673309,0.0,0,0,0.0,0,0,0,0,0,4.67377079828005,7.0,0.203573304246402,-0.193605981571488,-0.146120077281827
set1IT080__Putida,0.1283663128505961,20.0,0,0,0.0,0,0,0,0,0,4.67377079828005,7.0,-2.10357440016607,-0.415085123227741,-0.181956603971241
set1IT080__pseudo3_N2E3,0.5581664002695423,0.0,0,0,0.0,0,0,0,0,0,4.67377079828005,7.0,-0.105540405528007,-0.186172731726244,0.170536503423319
set1IT081__Putida,0.20846698455780407,20.0,0,0,0.0,0,0,0,0,0,4.67377079828005,7.0,-1.69641252088125,-0.248029978827467,-0.0585187983440685
set1IT081__pseudo3_N2E3,0.5481268151091597,0.0,0,0,0.0,0,0,0,0,0,4.67377079828005,7.0,-0.0524356878422072,-0.147683124949098,0.0301923178271055
set1IT082__Putida,0.7166283290408877,0.0,0,0,0.0,0,0,0,0,0,4.67377079828005,7.0,0.606351833616892,-0.0509958014619303,0.156483421462625
set1IT082__pseudo3_N2E3,0.5920096653378016,0.0,0,0,0.0,0,0,0,0,0,4.67377079828005,7.0,0.956762736309443,0.106161174095716,-1.01780835109066
set1IT083__Putida,0.7693202870961371,0.0,0,0,0.0,0,0,0,0,0,4.67377079828005,7.0,0.639785800053523,0.116868052750032,0.287251268131082
set1IT084__Putida,0.710684906411945,0.0,0,0,0.0,0,0,0,0,0,4.67377079828005,7.0,0.680671285267349,0.0956549270311445,-0.0993943197437143
set1IT085__Putida,0.6042957156412343,0.0,0,0,0.0,0,0,0,0,0,4.67377079828005,7.0,0.741821649431174,-0.48434769915436,-0.15100860786611
set1IT086__Putida,0.6341134949297318,0.0,0,0,0.0,0,0,0,0,0,4.67377079828005,7.0,0.51859907868399,-0.237738575981035,-0.0225620835266311
set1IT087__Putida,0.6346529658186215,0.0,0,0,0.0,0,0,0,0,0,4.67377079828005,7.0,0.410117057605507,-0.119268417278799,-0.0297587202867907
set20IT070__psRCH2,0.18394289970680208,20.0,0,0,0.0,0,0,0,0,0,4.67377079828005,0.0,-2.21463620597834,-0.169844860907371,0.194689627303612
set20IT071__psRCH2,0.15318576315516444,20.0,0,0,0.0,0,0,0,0,0,4.67377079828005,0.0,-2.22890645089228,-0.140988054996189,-0.083902500744604
set23IT023__pseudo6_N2E2,0.2911425351032848,0.0,0,0,0.0,0,0,0,0,0,4.67377079828005,7.0,-1.31158365399681,-0.213195526416115,0.0551185053744934
set23IT024__pseudo6_N2E2,0.2733489389650796,0.0,0,0,0.0,0,0,0,0,0,4.67377079828005,7.0,-1.63928246801297,0.0608063975041004,0.00337242829995188
set23IT025__pseudo6_N2E2,0.3673239105449272,0.0,0,0,0.0,0,0,0,0,0,4.67377079828005,7.0,-0.685431830539038,-0.397499181378054,0.0286860710361792
set23IT028__pseudo6_N2E2,0.33318997090031066,0.0,0,0,0.0,0,0,0,0,0,4.67377079828005,7.0,-1.22380725279217,-0.250190863567887,0.239632286891702
set23IT029__pseudo6_N2E2,0.429733278606225,0.0,0,0,0.0,0,0,0,0,0,4.67377079828005,7.0,-0.839977467426732,0.124033546437336,-0.0253231786117953
set23IT030__pseudo6_N2E2,0.47478513314447396,0.0,0,0,0.0,0,0,0,0,0,4.67377079828005,7.0,-0.309615464521417,0.0895947046077392,-0.302819801738265
set27IT004__Putida,0.2611318424519764,10.0,0,0,0.0,0,0,0,0,0,10.0,7.0,-1.91442041780337,0.321716396132137,-0.0572872363808901
set27IT005__Putida,0.24526352303953194,10.0,0,0,0.0,0,0,0,0,0,10.0,7.0,-1.94320232096438,0.254653668929446,-0.0621875797722871
set27IT006__Putida,0.5834731617865935,10.0,0,0,0.0,0,0,0,0,0,0.0,7.0,-0.119875356490903,0.138743349109339,-0.0160371850125118
set27IT007__Putida,0.6590029230425707,10.0,0,0,0.0,0,0,0,0,0,0.0,7.0,0.257473658992525,0.098075379969913,0.0335084875284313
set27IT008__Putida,0.22516173097073716,10.0,0,0,0.0,0,0,0,0,10,0.0,7.0,-1.96027941886614,0.118168249838861,-0.0428054809965217
set27IT009__Putida,0.18583703030769552,10.0,0,0,0.0,0,0,0,0,10,0.0,7.0,-2.12064009747916,0.0159639223863997,-0.0700307628447849
set27IT010__Putida,0.06690922406124059,10.0,0,0,0.0,0,0,0,0,0,0.0,7.0,-3.63019045420969,0.115481951280162,-0.0496606511657498
set27IT011__Putida,0.04517262561622026,10.0,0,0,0.0,0,0,0,0,0,0.0,7.0,-3.95061198355597,0.0748403492120455,-0.187722012240553
set27IT012__Putida,0.5128870930059676,10.0,0,0,0.0,0,0,0,0,0,0.0,7.0,-0.607331270561448,0.304103501128185,-0.0365790061561493
set27IT013__Putida,0.5848324502082459,10.0,0,0,0.0,0,0,0,0,0,0.0,7.0,-0.30597767910258,0.419914197240127,-0.104389888535351
set27IT014__Putida,0.440428011338415,10.0,0,0,0.0,0,0,0,0,0,0.0,7.0,-0.641318215304678,0.0215883096257976,-0.0693121024216745
set27IT015__Putida,0.4427123945173491,10.0,0,0,0.0,0,0,0,0,0,0.0,7.0,-0.565483019888525,-0.0649058079431293,-0.0475346108274646
set27IT016__Putida,0.23527435170046535,10.0,0,0,0.0,0,0,0,0,0,0.0,7.0,-2.07071632417649,0.3101394967293,-0.0558447491313465
set27IT017__Putida,0.10136851982829224,10.0,0,0,0.0,0,0,0,0,0,0.0,7.0,-2.80652398783786,-0.101744573637129,-0.112351397694393
set27IT018__Putida,0.33210427165605816,10.0,0,0,0.0,0,0,0,0,0,0.0,7.0,-1.08293076217873,-0.0588650940913262,-0.0984397016636902
set27IT019__Putida,0.4946379146335086,10.0,0,0,0.0,0,0,0,0,0,0.0,7.0,-0.754675179272543,0.409201644034883,-0.0819573516980876
set27IT020__Putida,0.5862802707572298,10.0,0,0,0.0,0,0,0,0,0,0.0,7.0,-0.267352541739024,0.220633162215246,0.0634262626400142
set27IT021__Putida,0.6445232378542108,10.0,0,0,0.0,0,0,0,0,0,0.0,7.0,0.110028422121673,0.125713065459808,0.0767406774214896
set27IT024__Putida,0.6434616517412831,10.0,0,0,0.0,0,0,0,0,0,0.0,7.0,0.586579658804593,-0.188580794784423,-0.0910739879628606
set27IT025__Putida,0.6448922099162705,10.0,0,0,0.0,0,0,0,0,0,0.0,7.0,0.601264026671791,-0.121527886373402,-0.16532070593809
set27IT028__Putida,0.02055803356113657,10.0,0,0,0.0,0,0,0,0,0,0.0,7.0,-4.74132088380007,0.375195510743987,-0.672747336064891
set27IT029__Putida,0.031218010156880308,10.0,0,0,0.0,0,0,0,0,0,0.0,7.0,-4.18794336026775,0.423655998609338,-0.760082745815791
set27IT030__Putida,0.4569757320951552,10.0,0,0,0.0,0,0,0,0,0,0.0,7.0,-0.777183421118012,0.297392430870984,-0.128957025746384
set27IT031__Putida,0.6343785288220963,10.0,0,0,0.0,0,0,0,0,0,0.0,7.0,-0.0688636401038163,0.3121740576605,0.0163592057346775
set27IT032__Putida,0.48492512584174197,10.0,0,0,0.0,0,0,0,0,0,0.0,7.0,-0.642897192317225,0.211380064725133,-0.0425632112757728
set27IT033__Putida,0.3829092876938545,10.0,0,0,0.0,0,0,0,0,0,0.0,7.0,-0.816305211070703,-0.0230194460994864,-0.135112172532022
set27IT034__Putida,0.47065351659982224,10.0,0,0,0.0,0,0,0,0,0,0.0,7.0,-0.615343787466593,0.122122324384938,-0.0495132215697762
set27IT035__Putida,0.5100902647304738,10.0,0,0,0.0,0,0,0,0,0,0.0,7.0,-0.496841866984298,0.133050973935204,0.0105501660637988
set27IT036__Putida,0.25142564476545737,10.0,0,0,0.0,0,0,0,0,0,0.0,7.0,-2.07500533870773,0.304526433915074,0.0593633266903251
set27IT037__Putida,0.3055741219887046,10.0,0,0,0.0,0,0,0,0,0,0.0,7.0,-1.31669910115315,-0.128301888242369,0.0580910834030888
set27IT038__Putida,0.3737651732293165,10.0,0,0,0.0,0,0,0,0,0,0.0,7.0,-1.06743559494648,-0.0441814104861675,0.0905173198860603
set27IT039__Putida,0.35353552627684315,10.0,0,0,0.0,0,0,0,0,0,0.0,7.0,-1.28695827396775,0.16140320697107,-0.000484501617249222
set27IT040__Putida,0.3106087911847075,10.0,0,0,0.0,0,0,0,0,0,0.0,7.0,-1.56653847061826,0.233935656733015,-0.025960727850161
set27IT041__Putida,0.3848295912070228,10.0,0,0,0.0,0,0,0,0,0,0.0,7.0,-1.23379602487761,0.400037691906276,-0.13093394704431
set27IT042__Putida,0.36668354887280247,10.0,0,0,0.0,0,0,0,0,0,0.0,7.0,-1.21715333237465,0.225631672053066,-0.0660315530871922
set27IT043__Putida,0.38685330748043856,10.0,0,0,0.0,0,0,0,0,0,0.0,7.0,-1.14082780373707,0.258108956458675,-0.0717237954185508
set27IT044__Putida,0.4928250226323718,10.0,0,0,0.0,0,0,0,0,0,0.0,7.0,-0.976587050772569,0.548636642744617,-0.0081850657268161
set27IT045__Putida,0.4524884613121806,10.0,0,0,0.0,0,0,0,0,0,0.0,7.0,-1.02829416512658,0.383039757246476,0.0147860196131573
set27IT046__Putida,0.4176114385732499,10.0,0,0,0.0,0,0,0,0,0,0.0,7.0,-0.858892745097033,0.0422092505601079,0.0158309313848275
set27IT047__Putida,0.41773989941015255,10.0,0,0,0.0,0,0,0,0,0,0.0,7.0,-0.6264234770987,-0.0699692511802863,-0.103825944537368
set27IT048__Putida,0.6267410885574823,10.0,0,0,0.0,0,0,0,0,0,0.0,7.0,-0.0539575187174341,0.249948460519551,0.0243294178724185
set27IT049__Putida,0.5814024280802682,10.0,0,0,0.0,0,0,0,0,0,0.0,7.0,-0.48979872184749,0.440670972080393,0.041739714415834
set27IT050__Putida,0.3134603749110135,10.0,0,0,0.0,0,0,0,0,0,0.0,7.0,-1.37491710264071,0.131769164748824,-0.0994727318978159
set27IT051__Putida,0.38171603950322486,10.0,0,0,0.0,0,0,0,0,0,0.0,7.0,-0.992429735382734,0.135276161098528,-0.123347701884097
set27IT052__Putida,0.33445500368930636,10.0,0,0,0.0,0,0,0,0,0,0.0,7.0,-1.43644119108978,0.201425934109055,0.00747665083107218
set27IT053__Putida,0.343695063168555,10.0,0,0,0.0,0,0,0,0,0,0.0,7.0,-1.39643341235524,0.326898653121875,-0.108516467907934
set27IT054__Putida,0.543876947806345,10.0,0,0,0.0,0,0,0,0,0,0.0,7.0,-0.41309595315981,0.103707443628674,0.118885235299892
set27IT055__Putida,0.4655987519825694,10.0,0,0,0.0,0,0,0,0,0,0.0,7.0,-0.630412425714493,0.144474428118246,-0.0811624865973877
set27IT056__Putida,0.3471572187653873,10.0,0,0,0.0,0,0,0,0,0,0.0,7.0,-1.46059351798731,0.376217563683444,-0.0752979202544952
set27IT057__Putida,0.2829143685100746,10.0,0,0,0.0,0,0,0,0,0,0.0,7.0,-1.59635208232026,0.180495549202416,-0.102062885718598
set27IT058__Putida,0.41246452147895063,10.0,0,0,0.0,0,0,0,0,0,0.0,7.0,-0.713754316991358,0.0266699654077045,-0.139212105440333
set27IT059__Putida,0.5479620753472385,10.0,0,0,0.0,0,0,0,0,0,0.0,7.0,-0.234986308362305,0.0699690734073739,-0.00570750173136858
set27IT060__Putida,0.45894913910999585,10.0,0,0,0.0,0,0,0,0,0,0.0,7.0,-0.59500261717157,-0.0169396939487632,0.0127355501526756
set27IT061__Putida,0.343568460674112,10.0,0,0,0.0,0,0,0,0,0,0.0,7.0,-1.25841278936818,0.149194357724728,-0.069506468129688
set27IT062__Putida,0.441839048584891,10.0,0,0,0.0,0,0,0,0,0,0.0,7.0,-0.532161286773718,-0.208224502878632,0.0582130131208243
set27IT063__Putida,0.46329684220261563,10.0,0,0,0.0,0,0,0,0,0,0.0,7.0,-0.654906862264151,0.181242800052697,-0.104543449848854
set27IT064__Putida,0.517469642617565,10.0,0,0,0.0,0,0,0,0,0,0.0,7.0,-0.570572851583492,0.207738855698544,0.0450472609010235
set27IT065__Putida,0.5652757181549052,10.0,0,0,0.0,0,0,0,0,0,0.0,7.0,-0.344012593276334,0.324277612850474,-0.0667829741974197
set27IT066__Putida,0.3188664855778386,10.0,0,0,0.0,0,0,0,0,0,0.0,7.0,-1.61449066025365,0.442138788931684,-0.140258078081556
set27IT067__Putida,0.35107564099841204,10.0,0,0,0.0,0,0,0,0,0,0.0,7.0,-1.24543933204522,0.142372596165143,-0.0359110367438451
set27IT068__Putida,0.19109581890960575,10.0,0,0,0.0,0,0,0,0,0,0.0,7.0,-2.24239058754511,0.11493456884648,-0.00598268579058647
set27IT069__Putida,0.23154958543928847,10.0,0,0,0.0,0,0,0,0,0,0.0,7.0,-1.69886378753513,-0.083448054332206,-0.059094117654189
set27IT070__Putida,0.6250973176922057,10.0,0,0,0.0,0,0,0,0,0,0.0,7.0,0.128725355107526,0.255774177994217,-0.172604866077388
set27IT071__Putida,0.6500503189612861,10.0,0,0,0.0,0,0,0,0,0,0.0,7.0,-0.0289014564498398,0.425684057846192,-0.0552447232457964
set27IT072__Putida,0.3193689553859863,10.0,0,0,0.0,0,0,0,0,0,0.0,7.0,-1.42775658007628,0.157892744076639,-0.0399706559103883
set27IT073__Putida,0.29835197385101003,10.0,0,0,0.0,0,0,0,0,0,0.0,7.0,-1.34502313308162,0.065777807154312,-0.14878876415907
set28IT003__Putida,0.4609636735106606,10.0,0,0,0.0,0,0,0,0,0,0.0,7.0,-0.347087818523093,-0.267686302729384,0.0253010455162166
set28IT004__Putida,0.42657636304022006,10.0,0,0,0.0,0,0,0,0,0,0.0,7.0,-0.704844971622371,0.0861986888346495,-0.138095891563456
set28IT005__Putida,0.6388426910729799,10.0,0,0,0.0,0,0,0,0,0,0.0,7.0,0.170770469186064,0.0673364598890815,0.0447230631540467
set28IT006__Putida,0.669669989405969,10.0,0,0,0.0,0,0,0,0,0,0.0,7.0,0.0438240110322292,0.456636049153695,-0.0539872326149051
set28IT007__Putida,0.6433777175926614,10.0,0,0,0.0,0,0,0,0,0,0.0,7.0,0.00853976767599729,0.187926503157766,0.110019534503113
set28IT008__Putida,0.6602009024210101,10.0,0,0,0.0,0,0,0,0,0,0.0,7.0,0.0614089045308499,0.216764223033139,0.117288057307909
set28IT009__Putida,0.5654086912556394,10.0,0,0,0.0,0,0,0,0,0,0.0,7.0,-0.0963279137868269,-0.0133119896846201,0.0237714088536478
set28IT010__Putida,0.5820285756048147,10.0,0,0,0.0,0,0,0,0,0,0.0,7.0,-0.0581037275038081,0.189082441657017,-0.135278290650233
set28IT013__Putida,0.45619108086043847,10.0,0,0,0.0,0,0,0,0,0,0.0,7.0,-0.342152580832932,-0.378694016176984,0.108303061494888
set28IT014__Putida,0.6357552279708614,10.0,0,0,0.0,0,0,0,0,0,0.0,7.0,0.248796123842216,0.134742624949915,-0.116739705794481
set28IT017__Putida,0.5225070185636335,10.0,0,0,0.0,0,0,0,0,0,0.0,7.0,0.186381782823532,-0.447630171408749,-0.0323163370095234
set28IT018__Putida,0.6665892911881631,10.0,0,0,0.0,0,0,0,0,0,0.0,7.0,0.344584266171159,0.0525655822430533,0.0326478277609061
set28IT021__Putida,0.45578744678098065,10.0,0,0,0.0,0,0,0,0,0,0.0,7.0,-0.641374537223256,0.261844897112556,-0.234966765062566
set28IT022__Putida,0.4278524935651167,10.0,0,0,0.0,0,0,0,0,0,0.0,7.0,-1.15501054065431,0.403922679223838,0.000604685926210102
set28IT023__Putida,0.5135806484029831,10.0,0,0,0.0,0,0,0,0,0,0.0,7.0,-0.227248418576542,-0.0848629240808152,-0.0243635244904303
set28IT024__Putida,0.5409251098546306,10.0,0,0,0.0,0,0,0,0,0,0.0,7.0,-0.318501724092069,0.079765958669108,0.0339588173207268
set28IT027__Putida,0.35963118901942664,10.0,0,0,0.0,0,0,0,0,0,0.0,7.0,-1.4604089454114,0.391216454307125,-0.0249593898086
set28IT028__Putida,0.4421064744213021,10.0,0,0,0.0,0,0,0,0,0,0.0,7.0,-1.04650026123864,0.396164589138659,-0.0305357369068591
set28IT029__Putida,0.5789929941231883,10.0,0,0,0.0,0,0,0,0,0,0.0,7.0,-0.0921932452999183,0.11682702431503,-0.0438943275702821
set28IT030__Putida,0.45509337954453394,10.0,0,0,0.0,0,0,0,0,0,0.0,7.0,-0.906766653680194,0.180430804079218,0.108480737285803
set28IT031__Putida,0.6135598870997944,10.0,0,0,0.0,0,0,0,0,0,0.0,7.0,-0.274767737919222,0.417402518810626,0.0105230452975598
set28IT032__Putida,0.4547458162655479,10.0,0,0,0.0,0,0,0,0,0,0.0,7.0,-0.516059991404209,-0.0964101375819912,-0.00706721646736863
set28IT035__Putida,0.4980990570270835,10.0,0,0,0.0,0,0,0,0,0,0.0,7.0,-0.378980294553896,-0.0191744857036336,-0.0126591458046563
set28IT036__Putida,0.7905654023261437,10.0,0,0,0.0,0,0,0,0,0,0.0,7.0,0.65262458795166,0.439748121965162,0.100186754276371
set28IT037__Putida,0.3828017290340587,10.0,0,0,0.0,0,0,0,0,0,0.0,7.0,-1.47819957980774,0.504998574034422,-0.00178217414796999
set28IT038__Putida,0.30738418906816567,10.0,0,0,0.0,0,0,0,0,0,0.0,7.0,-1.50428750689749,0.190609000713741,-0.0630106524381795
set28IT039__Putida,0.6909079343066642,10.0,0,0,0.0,0,0,0,0,0,0.0,7.0,0.17780522920528,0.318645630175874,0.0672493072772715
set28IT040__Putida,0.6198675212026133,10.0,0,0,0.0,0,0,0,0,0,0.0,7.0,-0.00715867143164139,0.251285516180919,-0.0589421415550984
set28IT041__Putida,0.6005823003318046,10.0,0,0,0.0,0,0,0,0,0,0.0,7.0,-0.167968758820648,0.139000267459072,0.116825537319896
set28IT042__Putida,0.5620340386662078,10.0,0,0,0.0,0,0,0,0,0,0.0,7.0,-0.729405741089289,0.497466411038903,0.129602492189761
set28IT045__Putida,0.41360276479274344,10.0,0,0,0.0,0,0,0,0,0,0.0,7.0,-0.716400551189406,-0.0591235413031868,-0.0451374908857192
set28IT046__Putida,0.5135468173423974,10.0,0,0,0.0,0,0,0,0,0,0.0,7.0,-0.563244384356903,0.231591392633366,-0.00498440889643081
set29IT004__Putida,0.5977729547715053,10.0,0,0,0.0,0,0,0,0,0,0.0,7.0,0.154358939892598,-0.162949797784433,0.0824085701340298
set29IT005__Putida,0.545222165458364,10.0,0,0,0.0,0,0,0,0,0,0.0,7.0,-0.403598402415469,0.183979299687877,0.035625540662533
set29IT006__Putida,0.3473034213602457,10.0,0,0,0.0,0,0,0,0,0,0.0,7.0,-1.16602786763727,-0.0773111207487616,0.0844392635548243
set29IT007__Putida,0.3015234959559414,10.0,0,0,0.0,0,0,0,0,0,0.0,7.0,-1.32120865758059,-0.0195828074191113,-0.0691145990540636
set29IT014__Putida,0.2514995046715766,10.0,0,0,0.0,0,0,0,0,0,0.0,7.0,-1.79679900653465,0.0132030199205828,0.0729513526230683
set29IT015__Putida,0.24073797824412785,10.0,0,0,0.0,0,0,0,0,0,0.0,7.0,-1.37647385875098,-0.245838951999647,-0.15795081478263
set29IT057__Putida,0.5250858567636045,0.0,0,0,0.0,0,0,0,0,0,9.5,7.0,-0.338592448044766,-0.0758993255625371,0.133335493645174
set29IT058__Putida,0.5496700192335608,0.0,0,0,0.0,0,0,0,0,0,9.5,7.0,-0.360129179349358,0.156465786991496,0.0412169542955256
set2H39__psRCH2,0.7546252082131313,0.0,0,0,0.0,0,0,0,0,0,4.67377079828005,7.2,0.63689521006353,0.38445652338076,-0.0747127458943515
set2H3__psRCH2,0.5147004309559968,0.0,0,0,0.0,0,0,0,0,0,4.67377079828005,7.2,-0.241074667656353,-0.190647928272957,0.100627810354131
set2IT001__pseudo6_N2E2,0.14689411566052119,20.0,0,0,0.0,0,0,0,0,0,4.67377079828005,7.0,-1.80860895852681,-0.57644827571175,-0.12795874599172
set2IT002__pseudo6_N2E2,0.42482164457623933,0.0,0,0,0.0,0,0,0,0,0,4.67377079828005,7.0,-0.86836496764043,0.207650072464808,-0.104641445115319
set2IT003__pseudo3_N2E3,0.6465311004894218,0.0,0,0,0.0,0,0,0,0,0,0.0,7.0,-0.0523051228831506,0.0188761282816736,0.356442529975539
set2IT004__pseudo3_N2E3,0.5247440200160911,0.0,0,0,0.0,0,0,0,0,0,0.0,7.0,-0.158300527368646,-0.234635478106046,0.110134573808489
set2IT004__pseudo6_N2E2,0.5369216452720047,0.0,0,0,0.0,0,0,20,0,0,4.67377079828005,7.0,0.158705439865033,-0.256345672676308,-0.126473566264965
set2IT005__pseudo6_N2E2,0.580348485431662,0.0,0,0,0.0,0,20,0,0,0,4.67377079828005,7.0,0.443973039941961,-0.352492951131209,-0.104063757990455
set2IT006__pseudo6_N2E2,0.943292136273862,0.0,0,0,0.0,0,0,0,0,0,4.67377079828005,7.0,2.65383599316905,0.184825826647711,0.133920660217772
set2IT007__pseudo6_N2E2,0.6542477565141513,0.0,0,0,0.0,0,0,0,0,0,4.67377079828005,7.0,0.143377750575734,-0.0500360459059279,0.270403466812506
set2IT008__pseudo3_N2E3,0.5386117473223779,0.0,0,0,0.0,0,0,0,0,0,0.0,7.0,0.0820446746631595,-0.321171591062252,0.023173409562872
set2IT008__pseudo6_N2E2,0.23921709035424743,0.0,0,0,0.0,0,0,0,0,0,4.67377079828005,7.0,-1.79895334382816,0.0212368745473938,-0.0125551913303767
set2IT009__pseudo3_N2E3,0.432804472159485,0.0,0,0,0.0,0,0,0,0,0,0.0,7.0,-0.374606567393425,-0.538630740517607,0.186998204213514
set2IT009__pseudo6_N2E2,0.5306474921884545,0.0,0,0,0.0,0,0,0,0,0,4.67377079828005,7.0,0.299110229396011,-0.511813133628514,-0.0416699787949631
set2IT010__pseudo6_N2E2,0.6625265478338517,0.0,0,0,0.0,0,0,0,0,0,4.67377079828005,7.0,0.143199105140481,0.225050574728712,0.0396743853367441
set2IT011__pseudo6_N2E2,0.6111899687276424,0.0,0,0,0.0,0,0,0,0,0,4.67377079828005,7.0,0.298686299636018,-0.290768515476639,0.133257397966433
set2IT012__pseudo6_N2E2,0.562437732386729,0.0,0,0,0.0,0,0,0,0,0,4.67377079828005,7.0,-0.0176029833907634,-0.0763108470105746,-0.00645448309509167
set2IT013__pseudo6_N2E2,0.7072314857230374,0.0,0,0,0.0,0,0,0,0,0,4.67377079828005,7.0,0.350470614256556,-0.014554859275804,0.320928686040162
set2IT014__pseudo3_N2E3,0.35283869432653137,0.0,0,0,0.0,0,0,0,0,0,4.67377079828005,7.2,-0.783388585115516,0.111651856835828,-0.457963776395226
set2IT014__pseudo6_N2E2,0.05980423910770174,0.0,0,0,0.0,0,0,0,0,0,4.67377079828005,7.0,-1.75723467593852,-0.46309946282508,-1.48787204501922
set2IT015__pseudo3_N2E3,0.6227008625203436,0.0,0,0,0.0,0,0,0,0,0,4.67377079828005,7.2,-0.0908378621918979,0.282413381901339,0.0080617240016565
set2IT016__pseudo3_N2E3,0.30479976466886693,0.0,0,0,0.0,0,0,0,0,0,4.67377079828005,7.2,-1.56079652638187,0.344407652463668,-0.174903867439496
set2IT017__pseudo6_N2E2,0.3249401177783208,0.0,0,0,0.0,0,0,0,0,0,4.67377079828005,7.0,-1.12718359543169,-0.172400479471516,0.0203696749850893
set2IT018__pseudo3_N2E3,0.5660656163704973,0.0,0,0,0.0,0,0,0,0,0,4.67377079828005,7.2,0.163501670818164,0.111589058374486,-0.357750029214616
set2IT018__pseudo6_N2E2,0.2584673728319398,0.0,0,0,0.0,0,0,0,0,0,4.67377079828005,7.0,-1.58124769288905,0.0331125809583477,-0.118485424544074
set2IT019__pseudo3_N2E3,0.5829457906001354,0.0,0,0,0.0,0,0,0,0,0,4.67377079828005,7.2,0.0210039400154196,-0.0843457109075425,0.0635686951156618
set2IT019__pseudo6_N2E2,0.22349764722455193,0.0,0,0,0.0,0,0,0,0,0,4.67377079828005,7.0,-1.3463272945415,-0.517286448342895,-0.0327807515026693
set2IT020__pseudo3_N2E3,0.7292366671784394,0.0,0,0,0.0,0,0,0,0,0,4.67377079828005,7.2,0.621811030761815,0.13573760050603,0.0298486126681214
set2IT020__pseudo6_N2E2,0.44263728667264235,0.0,0,0,0.0,0,0,0,0,0,4.67377079828005,7.0,-0.284885240233239,-0.21627670433425,-0.177126869493613
set2IT021__pseudo3_N2E3,0.5942954073620842,0.0,0,0,0.0,0,0,0,0,0,4.67377079828005,7.2,0.251166903632502,-0.398664737822563,0.203981224248126
set2IT021__pseudo6_N2E2,0.6938041612419256,0.0,0,0,0.0,0,0,0,0,0,4.67377079828005,7.0,0.209491730564487,0.205846737184998,0.164681115382721
set2IT022__pseudo3_N2E3,0.5981032353679449,0.0,0,0,0.0,0,0,0,0,0,4.67377079828005,7.2,0.157126047619564,-0.110174229075461,0.0285147447432965
set2IT022__pseudo6_N2E2,0.6141524102959114,0.0,0,0,0.0,0,0,0,0,0,4.67377079828005,7.0,0.28294252047354,-0.075630906846397,-0.0511536774135521
set2IT023__pseudo6_N2E2,0.6575804524342225,0.0,0,0,0.0,0,0,0,0,0,4.67377079828005,7.0,0.346277268714623,-0.116652553223324,0.15184323784097
set2IT024__pseudo3_N2E3,0.49909438437805786,0.0,0,0,0.0,0,0,0,0,0,4.67377079828005,7.2,-0.0754052399149843,-0.243414797338131,-0.0872155494733504
set2IT025__pseudo3_N2E3,0.5316421980653311,0.0,0,0,0.0,0,0,0,0,0,4.67377079828005,7.2,-0.0126495348647022,-0.156576841988969,-0.0803525875482638
set2IT025__pseudo6_N2E2,0.6890699237871698,0.0,0,0,0.0,0,0,0,0,0,4.67377079828005,7.0,1.09965669004161,-0.137261331366667,-0.409008004433357
set2IT026__pseudo6_N2E2,0.6561528950897509,0.0,0,0,0.0,0,0,0,0,0,4.67377079828005,7.0,0.383997467929757,-0.0650726801527113,0.0549416288247557
set2IT027__pseudo3_N2E3,0.5203371100167234,0.0,0,0,0.0,0,0,0,0,0,4.67377079828005,7.2,-0.300252984909514,-0.0571098251795008,0.0533617609210459
set2IT027__pseudo6_N2E2,0.5524925109013551,0.0,0,0,0.0,0,0,0,0,0,4.67377079828005,7.0,0.155908749365141,-0.241152040219252,-0.0635101663777757
set2IT028__pseudo3_N2E3,0.6410294222297286,0.0,0,0,0.0,0,0,0,0,0,4.67377079828005,7.2,0.177451074863018,0.135484784995855,-0.0187157639033939
set2IT028__pseudo6_N2E2,0.5411252985779961,0.0,0,0,0.0,0,0,0,0,0,4.67377079828005,7.0,0.158269926473392,-0.383907988644397,0.0218286804614842
set2IT029__pseudo3_N2E3,0.6201524727492091,0.0,0,0,0.0,0,0,0,0,0,4.67377079828005,7.2,-0.079152846858441,0.1934866275734,0.0723025248370301
set2IT029__pseudo6_N2E2,0.7544205059019506,0.0,0,0,0.0,0,0,0,0,0,4.67377079828005,7.0,0.33559516565921,0.606466540919644,0.00325084344698334
set2IT030__pseudo6_N2E2,0.6309458354946249,0.0,0,0,0.0,0,0,0,0,0,4.67377079828005,7.0,0.0470627205817867,-0.0620947112797269,0.256974118885002
set2IT031__pseudo6_N2E2,0.6473278931100465,0.0,0,0,0.0,0,0,0,0,0,4.67377079828005,7.0,0.190664418046331,0.0928283190929168,0.0437075243001707
set2IT032__pseudo3_N2E3,0.3949535824068486,0.0,0,0,0.0,0,0,0,0,0,4.67377079828005,7.2,-0.646426682191148,0.0387668850654808,-0.305950570292393
set2IT032__pseudo6_N2E2,0.2105822092001669,0.0,0,0,0.0,0,0,0,0,0,4.67377079828005,7.0,-1.36287205623039,-0.488248562358944,-0.136512746689312
set2IT033__pseudo3_N2E3,0.5565471853121592,0.0,0,0,0.0,0,0,0,0,0,4.67377079828005,7.2,-0.352170019368647,0.213773430496654,0.00934287417772683
set2IT033__pseudo6_N2E2,0.36587065713646133,0.0,0,0,0.0,0,0,0,0,0,4.67377079828005,7.0,-0.459766338281454,-0.436139299971258,-0.16585068914345
set2IT034__pseudo3_N2E3,0.30032733681539675,0.0,0,0,0.0,0,0,0,0,0,4.67377079828005,7.2,-1.72052122033859,0.0761941464770288,0.227596766441254
set2IT034__pseudo6_N2E2,0.03923683043909036,0.0,0,20,0.0,0,0,0,0,0,4.67377079828005,7.0,-2.5103509573491,-0.453301369395332,-1.27635559196223
set2IT036__pseudo3_N2E3,0.37253129666022483,0.0,0,0,0.0,0,0,0,0,0,4.67377079828005,7.2,-0.2044349421651,-0.397318081541437,-0.425677675739178
set2IT037__pseudo3_N2E3,0.6194194404271861,0.0,0,0,0.0,0,0,0,0,0,4.67377079828005,7.2,-0.0753241006456482,0.193870880113751,0.0643561577789891
set2IT037__pseudo6_N2E2,0.6797620728373346,0.0,0,0,0.0,0,0,0,500,0,0.0,7.0,0.395181266896474,0.127447857200244,-0.0209649768554331
set2IT038__pseudo1_N1B4,0.6569988615474095,0.0,0,0,0.0,0,0,0,0,0,0.0,7.0,-0.0969685072084144,0.371507087981439,0.103830660979213
set2IT038__pseudo3_N2E3,0.7309258873959044,0.0,0,0,0.0,0,0,0,0,0,4.67377079828005,7.2,0.482384694626206,0.0630006235466625,0.252299918064358
set2IT039__pseudo3_N2E3,0.6409252133506841,0.0,0,0,0.0,0,0,0,0,0,4.67377079828005,7.2,0.0934353930424106,0.16420788286565,0.0360333349098618
set2IT040__pseudo3_N2E3,0.5265351041701777,0.0,0,0,0.0,0,0,0,0,0,4.67377079828005,7.2,-0.0964924818644493,-0.0663153735003699,-0.111372381662085
set2IT042__pseudo1_N1B4,0.571543098185271,0.0,0,0,0.0,0,0,0,0,0,0.0,7.0,-0.173914688811789,0.175505832963966,-0.0574466712912787
set2IT042__pseudo3_N2E3,0.49679291992126917,0.0,0,0,0.0,0,0,0,0,0,4.67377079828005,7.2,-0.347893628892456,-0.11268827712499,0.0434973982420095
set2IT043__pseudo3_N2E3,0.6583022389110017,0.0,0,0,0.0,0,0,0,0,0,4.67377079828005,7.2,0.0616922280958494,0.195156163890458,0.128468744659381
set2IT044__pseudo3_N2E3,0.5940391533132565,0.0,0,0,0.0,0,0,0,0,0,4.67377079828005,7.2,0.0134022695753857,0.166735086338143,-0.124929412955309
set2IT045__pseudo3_N2E3,0.5850743316774016,0.0,0,0,0.0,0,0,0,0,0,4.67377079828005,7.2,0.101350748165458,-0.0220389982863525,-0.0685693934617362
set2IT049__WCS417,0.498743911497723,0.0,0,0,0.0,0,20,0,0,0,4.67377079828005,7.0,-0.0374073055035857,-0.062102502069227,-0.30820831354671
set2IT049__pseudo13_GW456_L13,0.1918567216083589,20.0,0,0,0.0,0,0,0,0,0,4.67377079828005,7.0,-1.95031403664639,0.0414047300992745,-0.218630520722925
set2IT050__WCS417,0.3802282867164614,0.0,0,0,0.0,0,0,0,0,0,4.67377079828005,7.0,-0.488701878589467,-0.344643034335031,-0.15472774710381
set2IT050__pseudo13_GW456_L13,0.6309417575766558,0.0,0,0,0.0,0,0,0,0,0,4.67377079828005,7.0,-0.0650356589138692,0.375942341843606,-0.0689855732947445
set2IT051__WCS417,0.4346310914536584,0.0,0,0,0.0,0,0,0,0,0,4.67377079828005,7.0,-0.642362668050309,0.04979100323453,-0.124741458887602
set2IT052__WCS417,0.46733906601538877,0.0,0,0,0.0,0,0,0,0,0,4.67377079828005,7.0,-0.213465953382324,-0.341286781280808,-0.00395521514116126
set2IT052__pseudo13_GW456_L13,0.5410748422954899,0.0,0,0,0.0,0,0,20,0,0,4.67377079828005,7.0,0.0435430567117727,-0.00606864903185833,-0.24152766432218
set2IT053__WCS417,0.23620532351956572,0.0,0,0,0.0,0,0,0,0,0,4.67377079828005,7.0,-1.31985054541765,-0.215988633196266,-0.274380704863838
set2IT053__pseudo13_GW456_L13,0.4181333434250156,0.0,0,0,0.0,0,0,0,0,0,4.67377079828005,7.0,-0.95096492053345,0.193824539266287,-0.0411371832811975
set2IT053__pseudo5_N2C3_1,0.6624201327001525,0.0,0,0,0.0,0,0,0,0,0,0.0,7.0,0.0744579854981652,0.0802620140642616,0.252632883785864
set2IT054__WCS417,0.5888691904338552,0.0,0,0,0.0,0,0,0,0,0,4.67377079828005,7.0,0.335083614864547,-0.223822449478102,-0.0817321922605512
set2IT054__pseudo13_GW456_L13,0.5058747898630901,0.0,0,0,0.0,0,0,0,0,0,4.67377079828005,7.0,-0.254670995206876,-0.198812222432761,0.0799998449469941
set2IT055__WCS417,0.671577728148694,0.0,0,0,0.0,0,0,0,0,0,4.67377079828005,7.0,0.611454141254197,0.200048468667,-0.354664141273329
set2IT055__pseudo13_GW456_L13,0.07194956513251594,0.0,0,0,0.0,0,0,0,0,0,4.67377079828005,7.0,-3.24122956919847,-0.064380537100279,-0.165090802693281
set2IT056__WCS417,0.493909317001433,0.0,0,0,0.0,0,0,0,0,0,4.67377079828005,7.0,0.133033238920887,-0.322094692248036,-0.241867695235094
set2IT056__pseudo13_GW456_L13,0.32957734044317544,0.0,20,0,0.0,0,0,0,0,0,4.67377079828005,7.0,-0.100276444540414,-0.215102756882057,-0.93855551777011
set2IT057__WCS417,0.3858806161655316,0.0,0,0,0.0,0,0,0,0,0,4.67377079828005,7.0,-0.483778183598027,-0.091936619334533,-0.38365179381065
set2IT057__pseudo13_GW456_L13,0.44285097144404156,0.0,0,0,0.0,0,0,0,0,0,4.67377079828005,7.0,-0.191875669982051,-0.223798966961864,-0.261574703167162
set2IT058__WCS417,0.6305359762581284,0.0,20,0,0.0,0,0,0,0,0,4.67377079828005,7.0,0.153667385669657,0.122414516910528,-0.0362518042685436
set2IT058__pseudo13_GW456_L13,0.6801673331108218,0.0,0,0,0.0,0,0,0,0,0,4.67377079828005,7.0,0.0356372133366053,0.426490111305058,0.0417719244706352
set2IT059__WCS417,0.6021999809382752,0.0,0,0,0.0,0,0,0,0,0,4.67377079828005,7.0,0.25606051305728,-0.038451238056183,-0.12165312901059
set2IT060__WCS417,0.6355158262537961,0.0,0,0,0.0,0,0,0,0,0,4.67377079828005,7.0,0.31678237670294,-0.123167473474246,0.0719435431900178
set2IT061__WCS417,0.5667765620001766,0.0,0,0,0.0,0,0,0,0,0,4.67377079828005,7.0,0.117320904741712,-0.0657651569279927,-0.130740675182745
set2IT062__WCS417,0.5572722276421297,0.0,0,0,0.0,0,0,0,0,0,4.67377079828005,7.0,0.00109779736880622,-0.118664454616672,-0.00796063843478256
set2IT062__pseudo13_GW456_L13,0.13737384998196875,0.0,0,0,0.0,0,0,0,0,0,4.67377079828005,7.0,-2.56041539024601,0.122485383507921,-0.16882472577752
set2IT063__WCS417,0.4996237189532754,0.0,0,0,0.0,0,0,0,0,0,4.67377079828005,7.0,-0.168476130147853,-0.193769519718909,-0.0412487388766483
set2IT063__pseudo13_GW456_L13,0.6042868383558465,0.0,0,0,0.0,0,0,0,0,0,4.67377079828005,7.0,0.0527340647906226,-0.0334987849869834,0.0871855066551249
set2IT063__pseudo5_N2C3_1,0.23832707029854017,0.0,0,0,0.0,0,0,0,0,0,4.67377079828005,7.2,-1.88646734601933,0.269018413542682,-0.178699643413379
set2IT064__WCS417,0.27971906115455064,0.0,0,0,0.0,0,0,0,0,0,4.67377079828005,7.0,-1.55337117302088,-0.0391683059359531,0.0556516640780733
set2IT064__pseudo13_GW456_L13,0.4785425133723603,0.0,0,0,0.0,0,0,0,0,0,4.67377079828005,7.0,-0.167982129366742,0.14295970032137,-0.479740491649235
set2IT064__pseudo5_N2C3_1,0.535792953571957,0.0,0,0,0.0,0,0,0,0,0,4.67377079828005,7.2,-0.159833461473875,-0.0440156119439672,-0.0257120770691825
set2IT065__pseudo13_GW456_L13,0.43325614341535207,0.0,0,0,0.0,0,0,0,0,0,4.67377079828005,7.0,-0.172662050321336,0.018222208431914,-0.569591298551444
set2IT065__pseudo5_N2C3_1,0.0789293080613201,0.0,0,0,0.0,0,0,0,0,0,4.67377079828005,7.2,-3.66379978097017,0.0986377144327004,0.214643310782044
set2IT066__WCS417,0.16554117752158692,0.0,0,0,0.0,0,0,0,0,0,4.67377079828005,7.0,-1.85012957132525,-0.0863989821565777,-0.406531641051249
set2IT066__pseudo13_GW456_L13,0.06832205843544263,0.0,0,0,0.0,0,0,0,0,0,4.67377079828005,7.0,-3.45311022255952,-0.154866418762091,0.0705049512635354
set2IT066__pseudo5_N2C3_1,0.23128473440089917,0.0,0,0,0.0,0,0,0,0,0,4.67377079828005,7.2,-2.12615833947278,0.245321291637786,0.0376439302362428
set2IT067__WCS417,0.3757402485645211,0.0,0,0,0.0,0,0,0,0,0,4.67377079828005,7.0,-0.227641914473393,-0.253208313018167,-0.530132840718959
set2IT067__pseudo13_GW456_L13,0.539957652687735,0.0,0,0,0.0,0,0,0,0,0,4.67377079828005,7.0,-0.302672635919562,0.0859140552944959,0.00730654366691397
set2IT067__pseudo5_N2C3_1,0.5105719849752889,0.0,0,0,0.0,0,0,0,0,0,4.67377079828005,7.2,-0.000959915883329998,0.0427301366615418,-0.392697349925224
set2IT068__WCS417,0.4167000488839456,0.0,0,0,0.0,0,0,0,0,0,4.67377079828005,7.0,-0.000590761062678302,-0.513718907751307,-0.291041738960434
set2IT068__pseudo5_N2C3_1,0.6582351949368325,0.0,0,0,0.0,0,0,0,0,0,4.67377079828005,7.2,0.0191688676520219,0.328469499026912,0.0373210696773119
set2IT069__WCS417,0.13176810953393525,0.0,0,0,0.0,0,0,0,0,0,4.67377079828005,7.0,-2.42307300717914,-0.0434486197151651,-0.198009731537369
set2IT069__pseudo13_GW456_L13,0.4768584496288089,0.0,0,0,0.0,0,0,0,0,0,4.67377079828005,7.0,-0.233502116393508,0.0443903579493432,-0.323752022316762
set2IT069__pseudo5_N2C3_1,0.5552803244899973,0.0,0,0,0.0,0,0,0,0,0,4.67377079828005,7.2,-0.268329928574331,0.272803541791439,-0.13968621022421
set2IT070__WCS417,0.4983544798004441,0.0,0,0,0.0,0,0,0,0,0,4.67377079828005,7.0,0.0427085521038131,-0.30216643381474,-0.150129812554599
set2IT070__pseudo13_GW456_L13,0.29363629871328517,0.0,0,0,0.0,0,0,0,0,0,4.67377079828005,7.0,-0.0514736155740567,0.2560307489658,-1.65975179703472
set2IT070__pseudo5_N2C3_1,0.7174646350536135,0.0,0,0,0.0,0,0,0,0,0,4.67377079828005,7.2,-0.00867321056707793,0.455221375430611,0.270238387130292
set2IT071__pseudo5_N2C3_1,0.6449270587936188,0.0,0,0,0.0,0,0,0,0,0,4.67377079828005,7.2,-0.173587522046202,0.443255219330624,0.0449303781834933
set2IT072__WCS417,0.6752031580108574,0.0,0,0,0.0,0,0,0,0,0,4.67377079828005,7.0,0.756348991250199,-0.149390131646064,-0.130336372416789
set2IT072__pseudo5_N2C3_1,0.45473217323941895,0.0,0,0,0.0,0,0,0,0,0,4.67377079828005,7.2,-0.865655914027363,0.446029731985976,-0.199977201055733
set2IT073__WCS417,0.5532168606796476,0.0,0,0,0.0,0,0,0,0,0,4.67377079828005,7.0,0.178192456952962,-0.202490147177882,-0.12093905967333
set2IT073__pseudo13_GW456_L13,0.28912775088203285,0.0,0,0,0.0,0,0,0,0,0,4.67377079828005,7.0,0.068496330103333,0.352150506771853,-1.90204841074691
set2IT073__pseudo5_N2C3_1,0.4971683884291401,0.0,0,0,0.0,0,0,0,0,0,4.67377079828005,7.2,-0.506949837632523,0.239134718159033,-0.147466798707228
set2IT074__WCS417,0.6069667200650316,0.0,0,0,0.0,0,0,0,0,0,4.67377079828005,7.0,0.320363858964264,-0.151888823245726,-0.0485878364751142
set2IT074__pseudo13_GW456_L13,0.08043494675520763,0.0,0,0,0.0,0,0,0,0,0,4.67377079828005,7.0,0.347765547918625,0.182751315240199,-3.85639331071236
set2IT074__pseudo5_N2C3_1,0.5921201216640986,0.0,0,0,0.0,0,0,0,0,0,4.67377079828005,7.2,-0.0879685977013631,0.15481042746449,-0.0211773900790133
set2IT075__WCS417,0.5353090367873459,0.0,0,0,0.0,0,0,0,0,0,4.67377079828005,7.0,-0.0450994651384149,-0.185543364860417,-0.00125327996298696
set2IT075__pseudo13_GW456_L13,0.31747535217404954,0.0,0,0,0.0,0,0,0,0,0,4.67377079828005,7.0,-1.0795427225237,-0.06492455377956,-0.175838951867876
set2IT076__WCS417,0.5695031729804341,0.0,0,0,0.0,0,0,0,0,0,4.67377079828005,7.0,0.350598967538579,-0.298253007767404,-0.118193416582197
set2IT076__pseudo13_GW456_L13,0.4809289873399692,0.0,0,0,0.0,0,0,0,0,0,4.67377079828005,7.0,-0.289741853731065,-0.0336027365209515,-0.169942636449924
set2IT076__pseudo5_N2C3_1,0.5857168905698223,0.0,0,0,0.0,0,0,0,0,0,4.67377079828005,7.2,-0.40413220813648,0.376291808067025,0.0417601949186455
set2IT077__pseudo13_GW456_L13,0.5934965447905804,0.0,0,0,0.0,0,0,0,0,0,4.67377079828005,7.0,-0.0802752672427949,0.282658517452878,-0.149875179316396
set2IT077__pseudo5_N2C3_1,0.6358395085111462,0.0,0,0,0.0,0,0,0,0,0,4.67377079828005,7.2,-0.165918993013607,0.17978221155798,0.253372655000852
set2IT078__WCS417,0.5412186329250088,0.0,0,0,0.0,0,0,0,0,0,4.67377079828005,7.0,-0.00854020665633459,-0.0493512140199719,-0.145466828909737
set2IT078__pseudo5_N2C3_1,0.724000434472289,0.0,0,0,0.0,0,0,0,0,0,4.67377079828005,7.2,0.0690308611042842,0.426825138017862,0.259903823935336
set2IT079__WCS417,0.4844292728883733,0.0,0,0,0.0,0,0,0,0,0,4.67377079828005,7.0,-0.27466857873737,0.192396797183444,-0.394191252492829
set2IT080__pseudo13_GW456_L13,0.4995751097860411,0.0,0,0,0.0,0,0,0,0,0,4.67377079828005,7.0,-0.00213710828468949,-0.136804449256321,-0.264786190949487
set2IT081__WCS417,0.5522107654234188,0.0,0,0,0.0,0,0,0,0,0,4.67377079828005,7.0,0.214951924821787,-0.203028466447779,-0.162044492689136
set2IT081__pseudo13_GW456_L13,0.8169613412248126,0.0,0,0,0.0,0,0,0,0,0,4.67377079828005,7.0,1.33612706545252,0.122888892740464,-0.0653568032109262
set2IT081__pseudo5_N2C3_1,0.21519182587711688,0.0,0,0,0.0,0,0,0,0,0,4.67377079828005,7.2,-2.03054516689795,0.162986368907975,-0.0870574103702801
set2IT082__pseudo13_GW456_L13,0.10509164775978942,0.0,0,20,0.0,0,0,0,0,0,4.67377079828005,7.0,-1.328752661452,0.0495327448319141,-1.6931263599485
set2IT082__pseudo5_N2C3_1,0.6084596680651585,0.0,0,0,0.0,0,0,0,0,0,4.67377079828005,7.2,-0.11191845924915,0.262363258588848,-0.0230415405374007
set2IT083__WCS417,0.6194095627881953,0.0,0,0,0.0,0,0,0,0,0,4.67377079828005,7.0,0.335506677245316,-0.18105653140278,0.0284025030948072
set2IT083__pseudo5_N2C3_1,0.22738785588280186,0.0,0,0,0.0,0,0,0,0,0,4.67377079828005,7.2,-2.44416980708941,0.396093005865018,0.178420936391276
set2IT084__WCS417,0.48985896689354036,0.0,0,0,0.0,0,0,0,0,0,4.67377079828005,7.0,-0.389908967621862,-0.0675204702271521,0.00705041196737555
set2IT084__pseudo5_N2C3_1,0.21909924902056124,0.0,0,0,0.0,0,0,0,0,0,4.67377079828005,7.2,-2.13036173082028,0.17004507644353,0.0332881380135444
set2IT085__WCS417,0.5305553642002345,0.0,0,0,0.0,0,0,0,0,0,4.67377079828005,7.0,-0.200901060601225,-0.0920051104577704,0.0380893433018918
set2IT085__pseudo5_N2C3_1,0.5639640502365892,0.0,0,0,0.0,0,0,0,0,0,4.67377079828005,7.2,0.0200145293096887,0.158925198780306,-0.271861617517232
set2IT086__pseudo13_GW456_L13,0.35223245118913615,0.0,0,0,0.0,0,0,0,400,0,0.0,7.0,-0.64989222913297,-0.22104169358475,-0.261954268076489
set2IT086__pseudo5_N2C3_1,0.5907925185228134,0.0,0,0,0.0,0,0,0,0,0,4.67377079828005,7.2,-0.180825500758792,0.155519997731123,0.0643758523724491
set2IT087__WCS417,0.18865384320886164,0.0,0,0,0.0,0,0,0,0,0,4.67377079828005,7.0,-1.50166668775519,-0.138366374328963,-0.512459118474634
set2IT087__pseudo5_N2C3_1,0.5390566506931225,0.0,0,0,0.0,0,0,0,0,0,4.67377079828005,7.2,-0.784969946924771,0.388675336489106,0.182489928234599
set2IT088__WCS417,0.33491462970918945,0.0,0,0,0.0,0,0,0,0,0,4.67377079828005,7.0,-0.411516760077753,-0.379870069662404,-0.433674418774078
set2IT088__pseudo5_N2C3_1,0.7080856064233826,0.0,0,0,0.0,0,0,0,0,0,4.67377079828005,7.2,0.0835167143396807,0.251763729183056,0.326519101991134
set2IT089__WCS417,0.5780562923855106,0.0,0,0,0.0,0,0,0,0,0,4.67377079828005,7.0,0.215771884008771,0.122164171473358,-0.361807177150103
set2IT089__pseudo5_N2C3_1,0.594775216796176,0.0,0,0,0.0,0,0,0,0,0,4.67377079828005,7.2,-0.183642420730734,0.292464014642731,-0.0499493717608805
set2IT090__pseudo5_N2C3_1,0.49977824534857684,0.0,0,0,0.0,0,0,0,0,0,4.67377079828005,7.2,-0.452124052513306,0.14835228089014,-0.0989807769985789
set2IT091__WCS417,0.42156606663542723,0.0,0,0,0.0,0,0,0,0,0,4.67377079828005,7.0,-0.334058890580969,-0.392678987422846,-0.0546253936623586
set2IT091__pseudo5_N2C3_1,0.6407242684613469,0.0,0,0,0.0,0,0,0,0,0,4.67377079828005,7.2,0.163770692348986,0.127136211702523,0.00172190582685872
set2IT092__WCS417,0.4922912138243219,0.0,0,0,0.0,0,0,0,0,0,4.67377079828005,7.0,-0.172247266529404,-0.164496143561431,-0.101955304897009
set2IT092__pseudo5_N2C3_1,0.5814614997810262,0.0,0,0,0.0,0,0,0,0,0,4.67377079828005,7.2,-0.0600831734803324,0.00157346085197063,0.0514129917128341
set2IT093__WCS417,0.5583251613437598,0.0,0,0,0.0,0,0,0,0,0,4.67377079828005,7.0,0.135873667103046,-0.422311718123277,0.166034071748
set2IT094__WCS417,0.623650142597261,0.0,0,0,0.0,0,0,0,0,0,4.67377079828005,7.0,0.380993730085635,-0.161888088506209,-0.014616713564011
set2IT094__pseudo5_N2C3_1,0.5478968810922624,0.0,0,0,0.0,0,0,0,0,0,4.67377079828005,7.2,-0.652827267909807,0.451389537585369,0.0303971108469887
set2IT095__pseudo5_N2C3_1,0.5907084301669193,0.0,0,0,0.0,0,0,0,0,0,4.67377079828005,7.2,-0.230834730750172,0.13468113308969,0.134806509858999
set2IT096__pseudo5_N2C3_1,0.6334396090394543,0.0,0,0,0.0,0,0,0,0,0,4.67377079828005,7.2,-0.0599403673625905,0.20344434043262,0.111309856511957
set3IT001__WCS417,0.6267210041269029,0.0,0,0,0.0,0,0,0,0,0,4.67377079828005,7.0,0.244855539425786,-0.00916495204790557,-0.0154732672500435
set3IT002__WCS417,0.5293728533062513,0.0,0,0,0.0,0,0,0,0,0,4.67377079828005,7.0,-0.180911168213436,0.0918782696831084,-0.171481311642763
set3IT003__WCS417,0.6262086165448636,0.0,0,0,0.0,0,0,0,0,0,4.67377079828005,7.0,0.178085468110653,0.136527862289397,-0.0970239653619001
set3IT005__WCS417,0.6775153162947996,0.0,0,0,0.0,0,0,0,0,0,4.67377079828005,7.0,0.537465636441986,-0.105324477496151,0.0571585999909385
set3IT006__WCS417,0.4217878514334695,0.0,0,0,0.0,0,0,0,0,0,4.67377079828005,7.0,0.541223848265653,-0.292602691635975,-1.02889291530176
set3IT007__WCS417,0.5392072171574727,0.0,0,0,0.0,0,0,0,0,0,4.67377079828005,7.0,0.0701089059859108,0.370839985139051,-0.654026289253797
set3IT008__WCS417,0.5617738169771049,0.0,0,0,0.0,0,0,0,0,0,4.67377079828005,7.0,0.222150470079666,-0.0570666549410629,-0.2686893548368
set3IT009__WCS417,0.672020737954657,0.0,0,0,0.0,0,0,0,0,0,4.67377079828005,7.0,0.152687821283467,0.452627160305887,-0.146065043362064
set3IT010__WCS417,0.615444687335214,0.0,0,0,0.0,0,0,0,0,0,4.67377079828005,7.0,-0.103046643948066,0.23332553743457,0.0324281587723663
set3IT011__WCS417,0.5704153681396427,0.0,0,0,0.0,0,0,0,0,0,4.67377079828005,7.0,-0.457402381644025,0.459287299687051,-0.0632657242877233
set3IT012__WCS417,0.6671411842806618,0.0,0,0,0.0,0,0,0,0,0,4.67377079828005,7.0,0.278357283822902,0.28816139487369,-0.133739436059022
set3IT014__WCS417,0.5882265720635758,0.0,0,0,0.0,0,0,0,0,0,4.67377079828005,7.0,0.21169474147709,-0.125813211169673,-0.0595374850179085
set3IT015__WCS417,0.9117728452306314,0.0,0,0,0.0,0,0,0,0,0,4.67377079828005,7.0,2.52077350489533,-0.0501652198083489,-0.069297395285538
set3IT016__WCS417,0.5244599935011792,0.0,0,0,0.0,0,0,0,0,0,4.67377079828005,7.0,-0.405360045547917,0.129957870634667,-0.00876610122019783
set3IT017__WCS417,0.5247403510837537,0.0,0,0,0.0,0,0,0,0,0,4.67377079828005,7.0,-0.515741646890436,0.14568322505664,0.0872393333695192
set3IT018__WCS417,0.4498613849998326,0.0,0,0,0.0,0,0,0,0,0,4.67377079828005,7.0,-0.703069096779927,0.0746646978807137,-0.0147973292134811
set3IT019__WCS417,0.5998727568593545,0.0,0,0,0.0,0,0,0,0,0,4.67377079828005,7.0,0.133466339185402,-0.0602587410372708,0.0111005148383564
set3IT020__WCS417,0.7615607918793357,0.0,0,0,0.0,0,0,0,0,0,4.67377079828005,7.0,0.993730591057622,0.0829610209590567,-0.0846602527756628
set3IT021__WCS417,0.2212848208240015,0.0,0,20,0.0,0,0,0,0,0,4.67377079828005,7.0,0.490205839368019,-0.118671737211975,-2.2832860383166
set3IT023__WCS417,0.6239175638480272,0.0,0,0,0.0,0,0,0,0,0,4.67377079828005,7.0,0.254205622235219,0.0949284027334796,-0.14327745673398
set3IT024__WCS417,0.9402538793162631,0.0,0,0,0.0,0,0,0,0,0,4.67377079828005,7.0,2.49798318935335,0.173101716730678,0.234986455658403
set3IT025__WCS417,0.5816105980375809,0.0,0,0,0.0,0,0,0,0,0,4.67377079828005,7.0,-0.164032384178936,0.38078411885115,-0.223113120363394
set3IT026__WCS417,0.44887402178193286,0.0,0,0,0.0,0,0,0,0,0,4.67377079828005,7.0,-0.6142325201757,-0.037751238487675,0.00399285176124087
set3IT027__WCS417,0.5143340177314359,0.0,0,0,0.0,0,0,0,0,0,4.67377079828005,7.0,-0.118585608073441,-0.261982789172348,0.0477130756746482
set3IT028__WCS417,0.6707117761192158,0.0,0,0,0.0,0,0,0,0,0,4.67377079828005,7.0,0.115923390361714,0.214426073223787,0.121780093420887
set3IT029__WCS417,0.778091551918754,0.0,0,0,0.0,0,0,0,0,0,4.67377079828005,7.0,0.917153062095393,0.33680116536016,-0.149917371806273
set3IT030__WCS417,0.260040545633694,0.0,0,20,0.0,0,0,0,0,0,4.67377079828005,7.0,0.349253614475357,0.000574321773278985,-2.00661673653908
set3IT030__pseudo1_N1B4,0.5153194029158558,0.0,0,0,0.0,0,0,0,0,0,0.0,7.0,0.0859005964701177,-0.236130916220963,-0.177890266469426
set3IT031__pseudo1_N1B4,0.6042336185960399,0.0,0,0,0.0,0,0,0,0,0,0.0,7.0,0.467165677733195,-0.128643881720995,-0.232368117430429
set3IT032__pseudo1_N1B4,0.5779719875517187,0.0,0,0,20.0,0,0,0,0,0,0.0,7.0,0.321732284005368,-0.210654132068363,-0.135364097352221
set3IT046__pseudo1_N1B4,0.5281826307365243,0.0,0,0,0.0,0,0,0,200,0,0.0,7.0,0.420028726263965,-0.467163946857736,-0.219111923315411
set3IT047__pseudo1_N1B4,0.6817352462053363,0.0,0,0,0.0,0,0,0,300,0,0.0,7.0,0.623695261129081,-0.142274311560791,0.0311398790761839
set3IT050__pseudo3_N2E3,0.6253385509440281,0.0,0,0,0.0,0,0,0,0,0,4.67377079828005,7.2,0.0873995000653036,0.0165050705655262,0.109225686575981
set3IT051__pseudo3_N2E3,0.6067740765242561,0.0,0,0,0.0,0,0,0,0,0,4.67377079828005,7.2,-0.0762018109325552,0.141156746874287,0.0539631596003889
set3IT062__pseudo3_N2E3,0.562609904016775,0.0,0,0,0.0,0,0,0,500,0,0.0,7.0,-0.0921960375350015,0.0867670277818886,-0.0940996238361451
set3IT067__pseudo13_GW456_L13,0.4843166932627529,20.0,0,0,0.0,0,0,0,0,0,0.0,7.0,-0.627809576742422,0.199608815003619,-0.0488032654003843
set3IT068__pseudo13_GW456_L13,0.2675804259310585,20.0,0,0,0.0,0,0,0,0,0,0.0,7.0,-1.29582366980491,-0.175062915783927,-0.139305743137768
set3IT069__pseudo13_GW456_L13,0.25151149284782803,20.0,0,0,0.0,0,0,0,0,0,0.0,7.0,-1.50185176593813,0.0103860477468236,-0.219102485684393
set3IT070__pseudo13_GW456_L13,0.41367206262711204,20.0,0,0,0.0,0,0,0,0,0,0.0,7.0,-0.584591041013678,-0.106735196313922,-0.128992435307259
set3IT071__pseudo13_GW456_L13,0.4696261357855408,20.0,0,0,0.0,0,0,0,0,0,0.0,7.0,-0.600343048772518,0.0547793288175473,-0.00212080036553552
set3IT072__pseudo13_GW456_L13,0.35126574779292125,20.0,0,0,0.0,0,0,0,0,0,0.0,7.0,-0.911869482589582,0.179078369883157,-0.405185285672268
set3IT073__pseudo13_GW456_L13,0.24818894739801584,20.0,0,0,0.0,0,0,0,0,0,0.0,7.0,-1.56469283457307,0.0602011057631997,-0.227352754255206
set3IT074__pseudo13_GW456_L13,0.350372697629366,20.0,0,0,0.0,0,0,0,0,0,0.0,7.0,-0.82476657658876,-0.116262961745375,-0.201653104600906
set3IT075__pseudo13_GW456_L13,0.46860539178032606,20.0,0,0,0.0,0,0,0,0,0,0.0,7.0,-0.482853328071842,-0.185062066201125,0.115311785530718
set3IT076__pseudo13_GW456_L13,0.15535658130426405,20.0,0,0,0.0,0,0,0,0,0,0.0,7.0,-2.43405071210499,0.109740366100832,-0.109517439710881
set3IT077__pseudo13_GW456_L13,0.5241711078396133,20.0,0,0,0.0,0,0,0,0,0,0.0,7.0,-0.436287406786363,0.0975605928446683,0.0531683873716498
set3IT078__pseudo13_GW456_L13,0.27434655678498077,20.0,0,0,0.0,0,0,0,0,0,0.0,7.0,-1.43314873862878,-0.00858732753173275,-0.127346484958963
set3IT079__pseudo13_GW456_L13,0.132124164162749,20.0,0,0,0.0,0,0,0,0,0,0.0,7.0,-2.59868637019503,0.0509626760603556,-0.113076700746414
set3IT079__pseudo6_N2E2,0.4659011746276868,0.0,0,0,80.0,0,0,0,0,0,0.0,7.0,-0.238163961665366,-0.284526674777966,-0.0429511529822131
set3IT080__pseudo13_GW456_L13,0.12622182504118157,20.0,0,0,0.0,0,0,0,0,0,0.0,7.0,-2.79578928781926,0.154629282945713,-0.0826249454843604
set3IT081__pseudo13_GW456_L13,0.21996554662522597,20.0,0,0,0.0,0,0,0,0,0,0.0,7.0,-1.76996852227196,-0.0269553681827479,-0.124036402569263
set3IT082__pseudo13_GW456_L13,0.2301842455244833,20.0,0,0,0.0,0,0,0,0,0,0.0,7.0,-1.56945380585053,0.132806393133597,-0.413986939932649
set3IT084__pseudo13_GW456_L13,0.48332127968483524,20.0,0,0,0.0,0,0,0,0,0,0.0,7.0,-0.513810289024934,0.0673234842104933,-0.035300947983363
set3IT085__pseudo13_GW456_L13,0.3375476927208117,20.0,0,0,0.0,0,0,0,0,0,0.0,7.0,-1.4421696147306,0.31736268891281,-0.0860945725406113
set3IT086__pseudo13_GW456_L13,0.23727180321040678,20.0,0,0,0.0,0,0,0,0,0,0.0,7.0,-1.30854031225579,-0.346621291259894,-0.147974609769697
set3IT087__pseudo13_GW456_L13,0.3296772120489163,20.0,0,0,0.0,0,0,0,0,0,0.0,7.0,-0.991676286572809,-0.0268626814756692,-0.234853313211587
set3IT088__pseudo13_GW456_L13,0.3259444488547143,20.0,0,0,0.0,0,0,0,0,0,0.0,7.0,-1.17496480658911,-0.0376404091775231,-0.0611184355370322
set3IT089__pseudo13_GW456_L13,0.3906702063088145,20.0,0,0,0.0,0,0,0,0,0,0.0,7.0,-1.04325844789372,0.27116799251206,-0.163073974557709
set3IT090__pseudo13_GW456_L13,0.3259280484931221,20.0,0,0,0.0,0,0,0,0,0,0.0,7.0,-1.30518398207527,0.245892916064285,-0.214522176890447
set3IT091__pseudo13_GW456_L13,0.7489505072799733,20.0,0,0,0.0,0,0,0,0,0,0.0,7.0,1.0096517851934,0.00819449527483251,-0.107706789670342
set3IT092__pseudo13_GW456_L13,0.3077862626442018,20.0,0,0,0.0,0,0,0,0,0,0.0,7.0,-0.960911066246873,-0.128695449091269,-0.284816844830213
set3IT093__pseudo13_GW456_L13,0.48384828830531823,20.0,0,0,0.0,0,0,0,0,0,0.0,7.0,-0.366609181918667,0.076657110014309,-0.189302923473678
set3IT094__pseudo13_GW456_L13,0.1810035470717996,20.0,0,0,0.0,0,0,0,0,0,20.0,7.0,-2.45333013081722,0.407234762109009,-0.167344691736078
set3IT095__pseudo13_GW456_L13,0.030768335996282866,20.0,0,0,0.0,0,0,0,0,0,0.0,7.0,-4.2817491212754,0.0522725024359167,-0.312863979133844
set4IT061__WCS417,0.5984058786231204,0.0,0,0,0.0,0,0,0,0,0,0.0,7.0,-0.0860837470577511,0.0499985559667713,0.113063022546867
set4IT061__pseudo1_N1B4,0.46536639688995457,0.0,0,0,0.0,0,0,0,0,0,4.67377079828005,7.0,-0.116495262821194,-0.623325997172309,0.171599959593337
set4IT062__pseudo1_N1B4,0.5516076677371615,0.0,0,0,0.0,0,0,0,0,0,4.67377079828005,7.0,0.154971514213128,-0.419986364028646,0.111966958163641
set4IT063__pseudo1_N1B4,0.31738991960727503,0.0,0,0,0.0,0,0,0,0,0,4.67377079828005,7.0,-1.1161670999007,-0.263858302836556,0.0592459428362717
set4IT064__pseudo1_N1B4,0.45903711994315893,0.0,0,0,0.0,0,0,0,0,0,4.67377079828005,7.0,-0.0157285202220194,-0.24114226024205,-0.341910747856048
set4IT065__pseudo1_N1B4,0.37061355168293963,0.0,0,0,0.0,0,0,0,0,0,4.67377079828005,7.0,-0.209283401451006,-0.801459719884408,-0.0265444785375616
set4IT066__pseudo1_N1B4,0.6090691392747077,0.0,0,0,0.0,0,0,0,0,0,4.67377079828005,7.0,0.592186899013973,-0.45002719849418,-0.0116852060346018
set4IT067__pseudo1_N1B4,0.3888578725196686,0.0,0,0,0.0,0,0,0,0,0,4.67377079828005,7.0,0.0134248578260036,-0.899855236911803,-0.0578791142273939
set4IT068__pseudo1_N1B4,0.4537843037081228,0.0,0,0,0.0,0,0,0,0,0,4.67377079828005,7.0,-0.233219781919421,-0.251499194014981,-0.139473281787582
set4IT068__pseudo3_N2E3,0.5338783627172433,0.0,0,0,0.0,0,0,0,0,0,0.0,7.0,-0.0437847754214238,-0.0708869920905677,-0.12412566632767
set4IT069__pseudo1_N1B4,0.474573470394874,0.0,0,0,0.0,0,0,0,0,0,4.67377079828005,7.0,-0.0527800522173905,-0.182986064785231,-0.288093193487638
set4IT069__pseudo3_N2E3,0.6885955372130953,0.0,0,0,0.0,0,0,0,0,0,0.0,7.0,0.229913003591269,0.224593965252183,0.0962241151194247
set4IT070__pseudo1_N1B4,0.2537979779848614,0.0,0,0,0.0,0,0,0,0,0,4.67377079828005,7.0,-0.3162899993162,-0.839434309162723,-0.54031042106098
set4IT070__pseudo3_N2E3,0.5674016004908367,0.0,0,0,0.0,0,0,0,0,0,0.0,7.0,0.0980841280298378,-0.0757714906379092,-0.098441908529652
set4IT071__pseudo1_N1B4,0.41295459033297255,0.0,0,0,0.0,0,0,0,0,0,4.67377079828005,7.0,-0.293583222616511,-0.0874961224629392,-0.442790461744906
set4IT071__pseudo3_N2E3,0.6689671147266119,0.0,0,0,17.0,0,0,0,0,0,0.0,7.0,0.198635229178021,0.308979744982786,-0.0649535316009646
set4IT072__pseudo1_N1B4,0.5232295201057044,0.0,0,0,0.0,0,0,0,0,0,4.67377079828005,7.0,0.137638619302802,-0.402872984364026,-0.0248545526625191
set4IT072__pseudo3_N2E3,0.5528007016583674,0.0,0,0,34.0,0,0,0,0,0,0.0,7.0,0.0497371124798537,-0.0702586900215706,-0.126735751264164
set4IT073__pseudo1_N1B4,0.5047451278961113,0.0,0,0,0.0,0,0,0,0,0,4.67377079828005,7.0,0.401313359971374,-0.550205890561277,-0.230014660767725
set4IT073__pseudo3_N2E3,0.4588720541570821,0.0,0,0,68.0,0,0,0,0,0,0.0,7.0,-0.72484244943273,0.211782225617491,-0.0865191175412474
set4IT074__pseudo1_N1B4,0.5023164877688523,0.0,0,0,0.0,0,0,0,0,0,4.67377079828005,7.0,0.0898336793816052,-0.308544004995566,-0.171856721106873
set4IT075__pseudo1_N1B4,0.21210450953968565,0.0,0,0,0.0,0,0,0,0,0,4.67377079828005,7.0,0.099123046136629,-0.423194601339078,-1.65260023969105
set4IT075__pseudo3_N2E3,0.5260832610005458,0.0,0,0,0.0,0,0,0,0,0,0.0,7.0,-0.0349922234868734,-0.0582612554708923,-0.18310195875978
set4IT076__pseudo1_N1B4,0.5582688465521634,0.0,0,0,0.0,0,0,0,0,0,4.67377079828005,7.0,0.157207283755565,-0.271917691508832,-0.00596764961808516
set4IT076__pseudo3_N2E3,0.6134356036544002,0.0,0,0,0.0,0,0,0,0,0,0.0,7.0,-0.0142716959797345,0.247504176179805,-0.0807037193820238
set4IT077__pseudo1_N1B4,0.6101068465818986,0.0,0,0,0.0,0,0,0,0,0,4.67377079828005,7.0,0.214233961252942,-0.0442847164290917,-0.0342416025969949
set4IT077__pseudo3_N2E3,0.45196865712855366,0.0,0,0,0.0,0,0,0,0,0,0.0,7.0,-0.69476799814158,0.185369573778286,-0.123588394195768
set4IT078__pseudo1_N1B4,0.764327435456615,0.0,0,0,0.0,0,0,0,0,0,4.67377079828005,7.0,0.804552963283664,0.14778866959147,0.0580492374109348
set4IT079__pseudo1_N1B4,0.44781991346908856,0.0,0,0,0.0,0,0,0,0,0,4.67377079828005,7.0,-0.198457590194237,-0.454414508765681,-0.000233890591645886
set4IT080__pseudo1_N1B4,0.42713952643575887,0.0,0,0,0.0,0,0,0,0,0,4.67377079828005,7.0,-0.272248975343057,-0.521475683030579,0.0397452005020568
set4IT082__pseudo1_N1B4,0.4286726740846531,0.0,0,0,0.0,0,0,0,0,0,4.67377079828005,7.0,-0.371224021754061,-0.387840371058904,0.0126014417941159
set4IT083__pseudo1_N1B4,0.5069156953477741,0.0,0,0,0.0,0,0,0,0,0,4.67377079828005,7.0,-0.315967794675052,0.0461156662412143,-0.0986333162724209
set4IT084__pseudo1_N1B4,0.3370314895569156,0.0,0,0,0.0,0,0,0,0,0,4.67377079828005,7.0,-0.624496176000392,-0.625245585895436,0.0360685937427055
set4IT085__pseudo1_N1B4,0.09229037287131377,0.0,0,20,0.0,0,0,0,0,0,4.67377079828005,7.0,-2.56281299000793,-0.0154479935678139,-0.567027102278518
set4IT086__pseudo1_N1B4,0.37991764349028145,0.0,0,0,0.0,0,0,0,0,0,4.67377079828005,7.0,-0.166886761240759,-0.200046391321253,-0.622721854893493
set5H19__psRCH2,0.08421176087669073,20.0,0,0,0.0,0,0,0,0,0,4.67377079828005,7.2,-3.4889743268043,0.291973441256199,-0.0688646342384629
set5H20__psRCH2,0.10826932224869124,20.0,0,0,0.0,0,0,0,0,0,4.67377079828005,7.2,-3.35589144640343,0.33461036933417,0.0889563441492462
set5H39__psRCH2,0.08478742145095801,20.0,0,0,0.0,0,0,0,0,0,4.67377079828005,7.2,-3.33781689899407,-0.0417874174533814,0.122669843548817
set5H41__psRCH2,0.11254198775963249,20.0,0,0,0.0,0,0,0,0,0,4.67377079828005,7.2,-3.27161193860712,0.413715076340981,-0.0222109357473863
set5H42__psRCH2,0.050113614066288115,20.0,0,0,0.0,0,0,0,0,0,4.67377079828005,7.2,-4.19980041746622,0.145532876211857,0.121581383877887
set5H43__psRCH2,0.03163274049386952,20.0,0,0,0.0,0,0,0,0,0,4.67377079828005,7.2,-5.02961762423173,0.496921459056185,0.0246793742758606
set5H47__psRCH2,0.0989228774497413,20.0,0,0,0.0,0,0,0,0,0,4.67377079828005,7.2,-3.11210142970694,-0.0244239203295372,0.083332567963708
set5IT001__pseudo3_N2E3,0.5830521591209676,0.0,0,0,0.0,0,0,0,0,0,4.67377079828005,7.0,0.242315595911088,-0.164871873174262,-0.0766916819679366
set5IT002__pseudo3_N2E3,0.23195821642280146,0.0,0,0,0.0,0,0,0,0,0,4.67377079828005,7.0,0.0399246714096999,0.0913579817130974,-1.96993405757563
set5IT003__pseudo3_N2E3,0.4731695002500784,0.0,0,0,0.0,0,0,0,0,0,4.67377079828005,7.0,-0.127363559882083,0.24603582597294,-0.649290122048542
set5IT004__pseudo3_N2E3,0.19451665374174626,0.0,0,0,0.0,0,0,0,0,0,4.67377079828005,7.0,0.0976621857367532,0.101058495505869,-2.30577845907047
set5IT005__pseudo3_N2E3,0.5503612011884504,0.0,0,0,0.0,0,0,0,0,0,4.67377079828005,7.0,-0.0715558093349768,-0.0902409391371015,0.00270202858461577
set5IT006__pseudo3_N2E3,0.540025096488604,0.0,0,0,0.0,0,0,0,0,0,4.67377079828005,7.0,-0.212764222383391,0.56472349186261,-0.561085442174564
set5IT007__pseudo3_N2E3,0.5217121802742625,0.0,0,0,0.0,0,0,0,0,0,4.67377079828005,7.0,0.20481180306551,0.023823849824804,-0.526023660918887
set5IT008__pseudo3_N2E3,0.6363949570809407,0.0,0,0,0.0,0,0,0,0,0,4.67377079828005,7.0,0.290030373645814,0.375753867617447,-0.39566836590653
set5IT009__pseudo3_N2E3,0.6143580572762102,0.0,0,0,0.0,0,0,0,0,0,4.67377079828005,7.0,0.110804419887494,-0.0748211394867306,0.121216303684695
set5IT010__pseudo1_N1B4,0.35624148848067444,0.0,0,0,0.0,0,0,0,0,0,5.0,7.0,-0.948451679478651,-0.305158932702821,0.141756525315559
set5IT010__pseudo3_N2E3,0.3138444632462444,0.0,0,0,0.0,0,0,0,0,0,4.67377079828005,7.0,0.206027681416157,-0.140621130147139,-1.40588587970589
set5IT011__pseudo3_N2E3,0.6330894550489519,0.0,0,0,0.0,0,0,0,0,0,4.67377079828005,7.0,0.0941763205328754,0.0692401164653527,0.0895878511958887
set5IT012__pseudo3_N2E3,0.5014816040979377,0.0,0,0,0.0,0,0,0,0,0,4.67377079828005,7.0,-0.00753075786607216,-0.0701280635511565,-0.31691633702354
set5IT014__pseudo3_N2E3,0.42986346576186046,0.0,0,0,0.0,0,0,0,0,0,4.67377079828005,7.0,-0.540483540955016,-0.238503761381371,0.0383577647233357
set5IT015__pseudo3_N2E3,0.8668483595365689,0.0,0,0,0.0,0,0,0,0,0,4.67377079828005,7.0,1.83597472274927,0.0431798404195278,-0.0324490673937525
set5IT016__pseudo3_N2E3,0.9507498252668856,0.0,0,0,0.0,0,0,0,0,0,4.67377079828005,7.0,3.81247143467729,-0.0625396630822495,-0.59867214651632
set5IT017__pseudo3_N2E3,0.5428118228581253,0.0,0,0,0.0,0,0,0,0,0,4.67377079828005,7.0,-0.342760756339032,0.148990764872582,-0.00188538220192758
set5IT018__pseudo3_N2E3,0.12468744580187344,0.0,0,0,0.0,0,0,0,0,0,4.67377079828005,7.0,-0.188486967926685,-0.101493319521285,-2.45058945250519
set5IT019__pseudo3_N2E3,0.41056530571799243,20.0,0,0,0.0,0,0,0,0,0,0.0,7.0,-0.713689254510509,0.149613615390023,-0.271633239428364
set5IT020__pseudo3_N2E3,0.6067432257531283,20.0,0,0,0.0,0,0,0,0,0,0.0,7.0,0.00609507660123132,-0.11517072525705,0.22783856326308
set5IT021__pseudo3_N2E3,0.5656842350302642,20.0,0,0,0.0,0,0,0,0,0,0.0,7.0,-0.128604899829981,0.0141070523833648,0.0299752952510217
set5IT022__pseudo1_N1B4,0.32911026461431636,0.0,0,0,0.0,0,0,0,0,0,0.0,6.0,-0.459777265158219,-0.536999347461518,-0.259696070845798
set5IT022__pseudo3_N2E3,0.2557323671045445,20.0,0,0,0.0,0,0,0,0,0,0.0,7.0,-0.737504612076195,-0.557000904024667,-0.38930109177081
set5IT023__pseudo1_N1B4,0.32393242194419625,0.0,0,0,0.0,0,0,0,0,0,0.0,7.0,-0.676457902524269,-0.441957469191787,-0.166317025643219
set5IT023__pseudo3_N2E3,0.37923896128681595,20.0,0,0,0.0,0,0,0,0,0,0.0,7.0,-0.979471959478706,0.153197770788782,-0.166839620648191
set5IT024__pseudo1_N1B4,0.3143848356134833,0.0,0,0,0.0,0,0,0,0,0,0.0,7.0,-0.634046170613794,-0.462568369111642,-0.240854549635704
set5IT024__pseudo3_N2E3,0.30574633432826026,20.0,0,0,0.0,0,0,0,0,0,0.0,7.0,-1.15310768654946,-0.11542767796009,-0.11740067191653
set5IT025__pseudo1_N1B4,0.46223369403391085,0.0,0,0,0.0,0,0,0,0,0,0.0,8.0,-0.515502824499892,0.0348693280763586,-0.102706369822706
set5IT025__pseudo3_N2E3,0.2788307606857062,20.0,0,0,0.0,0,0,0,0,0,0.0,7.0,-1.45422590138457,0.2813926840056,-0.36935130636202
set5IT026__pseudo3_N2E3,0.48859885414626786,20.0,0,0,0.0,0,0,0,0,0,0.0,7.0,-0.539457073604877,0.120453711086135,-0.0374279391374954
set5IT027__pseudo1_N1B4,0.11439912145844501,0.0,0,0,0.0,0,0,0,0,0,0.0,9.0,-1.71539025817016,-1.20819500250959,0.0656350737338665
set5IT027__pseudo3_N2E3,0.3831770551587023,20.0,0,0,0.0,0,0,0,0,0,0.0,7.0,-0.227412013882989,-0.220090096469466,-0.525574832373444
set5IT028__pseudo1_N1B4,0.15903785650425944,0.0,0,0,0.0,0,0,0,0,0,0.0,9.0,-1.70687711104847,-0.695716347940944,0.00211536302966264
set5IT028__pseudo3_N2E3,0.3076157286897781,20.0,0,0,0.0,0,0,0,0,0,0.0,7.0,-0.838307098459401,-0.493617380991564,-0.0434596868286357
set5IT029__pseudo3_N2E3,0.6792130084013774,20.0,0,0,0.0,0,0,0,0,0,0.0,7.0,0.673314985977752,0.0634877558725822,-0.238164424257413
set5IT030__pseudo3_N2E3,0.41037860453377956,20.0,0,0,0.0,0,0,0,0,0,0.0,7.0,-0.659537365919619,0.120692768189046,-0.29779027149199
set5IT031__pseudo3_N2E3,0.4406441183150827,20.0,0,0,0.0,0,0,0,0,0,0.0,7.0,-0.522333052969827,0.0146749382053342,-0.180331537230299
set5IT032__pseudo3_N2E3,0.6120466014049774,20.0,0,0,0.0,0,0,0,0,0,0.0,7.0,0.261087161940132,0.233031860545648,-0.348615683113894
set5IT033__pseudo3_N2E3,0.495536830294502,20.0,0,0,0.0,0,0,0,0,0,0.0,7.0,-0.409011548608192,0.188893572019026,-0.202997039138441
set5IT034__pseudo3_N2E3,0.46564527669592154,20.0,0,0,0.0,0,0,0,0,0,0.0,7.0,-0.524295016069912,0.234352481790075,-0.276933536332424
set5IT035__pseudo3_N2E3,0.47863973516349767,20.0,0,0,0.0,0,0,0,0,0,0.0,7.0,-0.704812326023938,0.170666193959998,0.0298508044259216
set5IT036__pseudo3_N2E3,0.49956289091001277,20.0,0,0,0.0,0,0,0,0,0,0.0,7.0,-0.703563447179172,0.313116919206049,-0.0133398801132545
set5IT037__pseudo3_N2E3,0.32353538708259616,20.0,0,0,0.0,0,0,0,0,0,5.0,7.0,-1.1238774724446,0.0803258026854208,-0.243357286262255
set5IT038__pseudo3_N2E3,0.21193767813970169,20.0,0,0,0.0,0,0,0,0,0,0.0,7.0,-1.67117543930155,0.0944723781929757,-0.401167216138421
set5IT039__pseudo3_N2E3,0.2696198548113312,20.0,0,0,0.0,0,0,0,0,0,0.0,7.0,-1.50447118887608,0.18342749057025,-0.276689246943203
set5IT040__pseudo3_N2E3,0.3524735974289227,20.0,0,0,0.0,0,0,0,0,5,0.0,7.0,-1.00970371129371,-0.148236064270479,0.0263198545837282
set5IT044__pseudo1_N1B4,0.47774513463464097,20.0,0,0,0.0,0,0,0,0,0,0.0,7.0,-0.737847212053015,0.0563898985890285,0.1728590616888
set5IT045__pseudo1_N1B4,0.43099306418014915,20.0,0,0,0.0,0,0,0,0,0,0.0,7.0,-0.679945196975181,-0.0950762599560517,0.0399218865923423
set5IT046__pseudo1_N1B4,0.418248350833074,20.0,0,0,0.0,0,0,0,0,0,0.0,7.0,-0.618831819585472,-0.0955074090090868,-0.083371028826674
set5IT047__pseudo1_N1B4,0.683990150497128,20.0,0,0,0.0,0,0,0,0,0,0.0,7.0,0.113152594265211,0.37020648209096,0.0416984787960355
set5IT048__pseudo1_N1B4,0.557493653867496,20.0,0,0,0.0,0,0,0,0,0,0.0,7.0,-0.128280533941965,-0.114573683146314,0.118404117419058
set5IT054__pseudo5_N2C3_1,0.6625586914879512,0.0,0,0,0.0,0,0,0,0,0,0.0,7.0,0.172926982622141,0.246581678214748,-0.0114120476074193
set5IT055__pseudo5_N2C3_1,0.3870955715373822,0.0,0,0,0.0,0,0,0,0,0,0.0,7.0,-1.0110304359191,0.169610580875746,-0.111797111807608
set5IT056__pseudo5_N2C3_1,0.4976998249651444,0.0,0,0,40.0,0,0,0,0,0,0.0,7.0,-0.424804901465048,0.0794531422431792,-0.06737880700737
set5IT058__pseudo5_N2C3_1,0.4501465036798528,0.0,0,0,0.0,0,0,0,0,0,0.0,7.0,-0.276852749834446,-0.311199112329427,-0.0537672636237099
set5IT059__pseudo5_N2C3_1,0.625645453263229,0.0,0,0,0.0,0,0,0,0,0,0.0,7.0,0.0718546314002486,0.12635386094247,0.0164941713450584
set5IT060__pseudo5_N2C3_1,0.5607514144020113,0.0,0,0,0.0,0,0,0,0,0,0.0,7.0,-0.162538864192484,-0.0222211092324587,0.076171342543812
set5IT069__pseudo5_N2C3_1,0.6271713455631457,0.0,0,0,0.0,0,0,0,0,0,4.67377079828005,7.0,0.333835729036935,0.0428490839665094,-0.154156558098548
set5IT071__pseudo5_N2C3_1,0.5,0.0,0,0,0.0,0,0,0,0,0,4.67377079828005,7.0,0.0981497466184247,-0.356222763880662,-0.143614946581533
set5IT072__pseudo5_N2C3_1,0.43369681480397343,0.0,0,0,0.0,0,0,0,0,0,4.67377079828005,7.0,-0.0289003656642457,-0.0567721554197778,-0.636204950657919
set5IT073__pseudo5_N2C3_1,0.5211945371789777,0.0,0,0,0.0,0,0,0,0,0,4.67377079828005,7.0,-0.111134819282601,-0.10443334797406,-0.0843094903118948
set5IT074__pseudo5_N2C3_1,0.46684377457228304,0.0,0,0,0.0,0,0,0,0,0,4.67377079828005,7.0,0.244762941628854,-0.20226467414855,-0.603594324127072
set5IT075__Putida,0.10461673017702793,20.0,0,0,0.0,0,0,0,0,0,4.67377079828005,7.0,-2.69718709374541,-0.176822816802198,-0.104409136111064
set5IT075__pseudo5_N2C3_1,0.5203484801339805,0.0,0,0,0.0,0,0,0,0,0,4.67377079828005,7.0,-0.141267519365068,-0.0169509884059937,-0.145727866003104
set5IT076__Putida,0.12600334056369455,20.0,0,0,0.0,0,0,0,0,0,4.67377079828005,7.0,-2.234003878901,-0.277694603417791,-0.214465795792521
set5IT076__pseudo5_N2C3_1,0.4886684807656243,0.0,0,0,0.0,0,0,0,0,0,4.67377079828005,7.0,0.0135263578975764,-0.103942205782535,-0.365681022187696
set5IT077__pseudo5_N2C3_1,0.6717715531223822,0.0,0,0,0.0,0,0,0,0,0,4.67377079828005,7.0,0.58509006021527,0.12331243940739,-0.250509173323429
set5IT078__pseudo5_N2C3_1,0.28746836653713287,0.0,0,0,0.0,0,0,0,0,0,4.67377079828005,7.0,-1.37989755598946,-0.149156125200263,0.0379457667763499
set5IT079__pseudo5_N2C3_1,0.6744038373594632,0.0,0,0,0.0,0,0,0,0,0,4.67377079828005,7.0,0.650444998806723,0.0499931937757523,-0.228187356567835
set5IT080__pseudo5_N2C3_1,0.6530851511674911,0.0,0,0,0.0,0,0,0,0,0,4.67377079828005,7.0,0.581411309691148,0.101580308704735,-0.325409974711089
set5IT081__Putida,0.2747555805314216,0.0,0,0,0.0,0,0,0,0,0,4.67377079828005,7.0,-1.50805223621695,0.228869701443242,-0.287435304830706
set5IT081__pseudo5_N2C3_1,0.6495598659139455,0.0,0,0,0.0,0,0,0,0,0,4.67377079828005,7.0,0.636447778657623,-0.0373439975236289,-0.260152638629461
set5IT082__Putida,0.230610537324474,0.0,0,0,0.0,0,0,0,0,0,4.67377079828005,7.0,-1.10676479510314,-0.437579470521384,-0.303404657428924
set5IT082__WCS417,0.4805470686403943,20.0,0,0,0.0,0,0,0,0,0,0.0,7.0,-0.263617419997709,-0.0925079152910837,-0.138998106039056
set5IT082__pseudo5_N2C3_1,0.12999451337615117,0.0,0,0,0.0,0,0,0,0,0,4.67377079828005,7.0,-2.35379939989027,-0.198628661319683,-0.130816636981309
set5IT083__Putida,0.4699921575609394,0.0,0,0,0.0,0,0,0,0,0,4.67377079828005,7.0,-0.274799905294463,-0.344929103828961,0.073808091434554
set5IT084__Putida,0.4938659639367462,0.0,0,0,0.0,0,0,0,0,0,4.67377079828005,7.0,-0.306287033721853,0.184124965385503,-0.308975237789943
set5IT084__WCS417,0.38994905179051687,20.0,0,0,0.0,0,0,0,0,0,0.0,7.0,-1.06570105846172,0.0786599864713743,0.0482395246775444
set5IT084__pseudo5_N2C3_1,0.19565929126312087,20.0,0,0,0.0,0,0,0,0,0,0.0,7.0,-2.00362916708471,-0.00196644747769348,-0.0927288693457482
set5IT085__Putida,0.5445464737205056,0.0,0,0,0.0,0,0,0,0,0,4.67377079828005,7.0,-0.0572989423956413,0.0371926747537956,-0.167157462408372
set5IT085__WCS417,0.5192765444834926,20.0,0,0,0.0,0,0,0,0,0,0.0,7.0,-0.346716859427874,0.104562061582974,-0.0669457467533303
set5IT085__pseudo5_N2C3_1,0.16933732763337125,20.0,0,0,0.0,0,0,0,0,0,0.0,7.0,-2.31901985086621,0.172844500744192,-0.164200989177928
set5IT086__Putida,0.38038304036401405,0.0,0,0,0.0,0,0,0,0,0,4.67377079828005,7.0,-0.222384560400897,-0.383792262952678,-0.381107742580888
set5IT086__WCS417,0.018879469709097495,20.0,0,0,0.0,0,0,0,0,0,0.0,7.0,-3.99157829570188,0.177610140078598,-1.32918731794175
set5IT086__pseudo5_N2C3_1,0.30229368003766793,20.0,0,0,0.0,0,0,0,0,0,0.0,7.0,-0.837981282380011,-0.490710278630138,-0.0768286462417322
set5IT087__Putida,0.5935928076014059,0.0,0,0,0.0,0,0,0,0,0,4.67377079828005,7.0,0.0902131009752527,0.00706111643531626,-0.0442872520666835
set5IT087__WCS417,0.5366334200577543,20.0,0,0,0.0,0,0,0,0,0,0.0,7.0,-0.136615035215147,0.0462793590425145,-0.13516934200521
set5IT087__pseudo5_N2C3_1,0.4842138199352363,20.0,0,0,0.0,0,0,0,0,0,0.0,7.0,-0.671173883283595,0.153842203948596,0.0398332953165361
set5IT088__Putida,0.5156730301946317,0.0,0,0,0.0,0,0,0,0,0,4.67377079828005,7.0,-0.342223299259111,-0.0153511844855441,0.0311531997118556
set5IT088__WCS417,0.19066533161291127,20.0,0,0,0.0,0,0,0,0,0,0.0,7.0,-1.78593327610227,-0.167287015763605,-0.183563701470671
set5IT088__pseudo5_N2C3_1,0.8421965185089036,20.0,0,0,0.0,0,0,0,0,0,0.0,7.0,1.50145915752952,-0.12358037597599,0.230335318687663
set5IT089__WCS417,0.38684483028167005,20.0,0,0,0.0,0,0,0,0,0,0.0,7.0,-0.810828755909022,-0.0384799538127354,-0.105176826418647
set5IT089__pseudo5_N2C3_1,0.17482132782178478,20.0,0,0,0.0,0,0,0,0,0,0.0,7.0,-2.03655736706084,-0.167521924566762,-0.060095317799258
set5IT090__WCS417,0.31024170331503764,20.0,0,0,0.0,0,0,0,0,0,0.0,7.0,-0.769060077780248,-0.452996329365996,-0.138565294798698
set5IT091__WCS417,0.11831079432000385,20.0,0,0,0.0,0,0,0,0,0,20.0,7.0,-2.51062811202046,-0.110231415550032,-0.191425653920752
set5IT091__pseudo5_N2C3_1,0.3210357193146953,20.0,0,0,0.0,0,0,0,0,0,0.0,7.0,-1.13841608459375,-0.0588644585821285,-0.103363892714001
set5IT092__WCS417,0.19884855230774537,20.0,0,0,0.0,0,0,0,0,0,0.0,7.0,-1.53501129291171,-0.155828478321756,-0.383311107149114
set5IT092__pseudo5_N2C3_1,0.3246676578314357,20.0,0,0,0.0,0,0,0,0,0,0.0,7.0,-1.10124115047261,-0.0989991163751884,-0.0804652064918332
set5IT093__WCS417,0.5543499368215318,20.0,0,0,0.0,0,0,0,0,20,0.0,7.0,0.092851050926047,0.030113886503889,-0.262698413410221
set5IT093__pseudo5_N2C3_1,0.28642234639791536,20.0,0,0,0.0,0,0,0,0,0,0.0,7.0,-1.28219625693719,-0.148708755824789,-0.0663386267293329
set6H31__psRCH2,0.6541409718197587,0.0,0,0,0.0,0,0,0,0,0,4.67377079828005,7.2,0.282718750889307,0.216575719267654,-0.136115821797468
set6H34__psRCH2,0.6942874941480733,0.0,0,0,0.0,0,0,0,0,0,4.67377079828005,7.2,0.173717271826691,0.561604113683088,-0.152569999249203
set6H35__psRCH2,0.427871948478842,0.0,0,0,0.0,0,0,0,0,0,4.67377079828005,7.2,-0.124231397130995,-0.0322630245197557,-0.593893370577079
set6H40__psRCH2,0.546126200700562,0.0,0,0,0.0,0,0,0,0,0,4.67377079828005,7.2,-0.164888512111724,0.114080445558138,-0.128808942882135
set6H41__psRCH2,0.5020064583021847,0.0,0,0,0.0,0,0,0,0,0,4.67377079828005,7.2,-0.0796711079168899,-0.327304981513158,0.014920646385401
set6H44__psRCH2,0.17706097715994795,0.0,0,0,0.0,0,0,0,400,0,4.67377079828005,7.2,0.622632102664956,-0.327925023856473,-2.54034181582289
set6IT049__pseudo5_N2C3_1,0.33211112134208004,20.0,0,0,0.0,0,0,0,0,0,0.0,7.0,-1.29355493012241,0.281233021105203,-0.227876586581345
set6IT050__pseudo5_N2C3_1,0.427978412980101,20.0,0,0,0.0,0,0,0,0,0,0.0,7.0,-0.754164329577793,0.0962525077675263,-0.0919540171207325
set6IT051__pseudo5_N2C3_1,0.38322251313993144,20.0,0,0,0.0,0,0,0,0,0,0.0,7.0,-0.982936337352713,0.129932416186539,-0.1198421938903
set6IT052__pseudo5_N2C3_1,0.4369525668991125,20.0,0,0,0.0,0,0,0,0,0,0.0,7.0,-0.550625699376418,-0.00485440276681448,-0.150501349943375
set6IT053__pseudo5_N2C3_1,0.46106114360111616,20.0,0,0,0.0,0,0,0,0,0,0.0,7.0,-0.217883581720214,-0.232969985402606,-0.138148718338924
set6IT054__pseudo5_N2C3_1,0.4257936370459022,20.0,0,0,0.0,0,0,0,0,0,0.0,7.0,-0.845860554510503,0.178066259840103,-0.0927892598738804
set6IT055__pseudo5_N2C3_1,0.445968165842377,20.0,0,0,0.0,0,0,0,0,0,0.0,7.0,-0.807535114589695,0.112704177468081,0.032733762958542
set6IT056__pseudo5_N2C3_1,0.05987426053052214,20.0,0,0,0.0,0,0,0,0,0,5.0,7.0,-3.65971465127154,0.0485794192399023,-0.0955771594548374
set6IT057__Putida,0.22208830439516006,10.0,0,0,0.0,0,0,0,0,0,9.5,7.0,-1.63245914337119,-0.244182040933526,-0.0295217921833486
set6IT057__pseudo3_N2E3,0.21493169091732128,0.0,0,0,0.0,0,0,0,0,0,0.0,6.0,-1.60867057876149,-0.0425045462111617,-0.305290554607172
set6IT058__pseudo3_N2E3,0.16303584236559446,0.0,0,0,0.0,0,0,0,0,0,0.0,6.0,-1.92223854795758,-0.240440165015977,-0.202282123763366
set6IT058__pseudo5_N2C3_1,0.06312437013531184,20.0,0,0,0.0,0,0,0,0,0,0.0,7.0,-3.4764582527046,-0.0563616710980546,-0.106294203375717
set6IT059__Putida,0.3658192381951127,0.0,0,0,0.0,0,0,0,0,0,9.5,7.0,-0.635060430128327,-0.213034071432578,-0.21392782367333
set6IT059__pseudo5_N2C3_1,0.6800725021360045,20.0,0,0,0.0,0,0,0,0,5,0.0,7.0,-0.00635602772403931,0.838796457460473,-0.32906432916544
set6IT060__pseudo3_N2E3,0.312009734022655,0.0,0,0,0.0,0,0,0,0,0,0.0,7.0,-1.17414498673646,-0.124828354360938,-0.0517477430963114
set6IT061__Putida,0.5852904082591642,0.0,0,0,0.0,5,0,0,0,0,9.5,7.0,0.0630705466246053,0.0883123319684238,-0.139572188881008
set6IT061__pseudo3_N2E3,0.214959333410065,0.0,0,0,0.0,0,0,0,0,0,0.0,8.0,-1.66767388461076,-0.00409285977071816,-0.284502329312035
set6IT062__pseudo3_N2E3,0.25278720624719603,0.0,0,0,0.0,0,0,0,0,0,0.0,8.0,-1.57865584362857,0.209892993267398,-0.333685866291696
set6IT063__pseudo3_N2E3,0.08324992647569336,0.0,0,0,0.0,0,0,0,0,0,0.0,9.0,-2.13113887222905,-0.61594770832965,-0.533825721773319
set6IT064__Putida,0.3562059600107571,0.0,0,0,0.0,0,0,0,0,0,9.5,7.0,-0.417282983244287,-0.546101069338913,-0.148655971441679
set6IT064__pseudo3_N2E3,0.10567035463755209,0.0,0,0,0.0,0,0,0,0,0,0.0,9.0,-2.90366065167224,0.191250907680835,-0.252569261012068
set6IT065__Putida,0.3867935637681362,0.0,0,0,0.0,0,0,0,0,0,9.5,7.0,-0.761879268136878,-0.0564505878023571,-0.136415089003889
set6IT078__pseudo5_N2C3_1,0.41630287276445793,0.0,0,0,0.0,0,0,0,0,0,0.0,6.0,-0.788222021402239,0.0421890866532415,-0.061279909949187
set6IT079__pseudo5_N2C3_1,0.34768982714899915,0.0,0,0,0.0,0,0,0,0,0,0.0,6.0,-1.24474773132901,0.154157872541498,-0.0662645623679419
set6IT080__pseudo5_N2C3_1,0.12767764494214018,0.0,0,0,0.0,0,0,0,0,0,0.0,7.0,-2.74931490496808,0.0688418237341919,-0.0275470763300492
set6IT081__pseudo3_N2E3,0.3611293066609969,20.0,0,0,0.0,0,0,0,0,0,0.0,7.0,-1.24128608102988,0.152755580607034,0.00217891468832621
set6IT081__pseudo5_N2C3_1,0.23171642691988734,0.0,0,0,0.0,0,0,0,0,0,0.0,7.0,-2.27113659256918,0.413167650469078,0.0176880599755438
set6IT082__pseudo3_N2E3,0.4545619945704299,20.0,0,0,0.0,0,0,0,0,0,0.0,7.0,-0.78437023122438,0.159543847020716,0.00439924134976644
set6IT082__pseudo5_N2C3_1,0.26069697589704166,0.0,0,0,0.0,0,0,0,0,0,0.0,8.0,-1.72993754742188,0.147121977552673,-0.0698822053134389
set6IT083__pseudo3_N2E3,0.5298955262686679,20.0,0,0,0.0,0,0,0,0,0,0.0,7.0,-0.59449223194407,0.411367439324391,-0.0748713590837027
set6IT083__pseudo5_N2C3_1,0.4076466865530293,0.0,0,0,0.0,0,0,0,0,0,0.0,8.0,-0.976187134724472,0.153314444962955,-0.0273266078641994
set6IT084__pseudo3_N2E3,0.4954971470426862,20.0,0,0,0.0,0,0,0,0,0,0.0,7.0,-0.21006876602524,-0.164079820498442,-0.0491569531872096
set6IT085__pseudo3_N2E3,0.29964286894846265,20.0,0,0,0.0,0,0,0,0,0,0.0,7.0,-0.817264992357944,0.066783673254228,-0.6701609422337
set6IT085__pseudo5_N2C3_1,0.10266458890631897,0.0,0,0,0.0,0,0,0,0,0,0.0,9.0,-2.93800280774543,-0.0154092468633817,-0.0502277392076187
set6IT086__pseudo3_N2E3,0.4407760839792926,20.0,0,0,0.0,0,0,0,0,0,0.0,7.0,-0.47471587001991,0.0469645981417335,-0.25959581304794
set6IT087__pseudo3_N2E3,0.5621731488658469,20.0,0,0,0.0,0,0,0,0,0,0.0,7.0,-0.224634856751817,0.221243540156212,-0.0982672260894759
set6IT088__pseudo3_N2E3,0.40585101907480264,20.0,0,0,0.0,0,0,0,0,0,0.0,7.0,-0.780624292926106,-0.106455394201717,0.0279492054128037
set6IT089__pseudo3_N2E3,0.44351304952279785,20.0,0,0,0.0,0,0,0,0,0,0.0,7.0,-0.915105542412666,-0.0795687807208276,0.320645023932038
set6IT090__pseudo3_N2E3,0.479345758305807,20.0,0,0,0.0,0,0,0,0,0,0.0,7.0,-0.642324290452144,0.0470267171121685,0.0943976680065668
set6IT091__pseudo3_N2E3,0.4197317273097854,20.0,0,0,0.0,0,0,0,0,0,0.0,7.0,-0.82143933061635,0.371219838657854,-0.340177489394689
set6IT092__WCS417,0.19988313847941513,20.0,0,0,0.0,0,0,0,0,0,4.67377079828005,7.0,-2.20562748936675,-0.0229116656500006,0.162167389707637
set6IT092__pseudo3_N2E3,0.5103283538069444,20.0,0,0,0.0,0,0,0,0,0,0.0,7.0,-0.229879404244393,-0.310606200690675,0.188388356619917
set6IT093__WCS417,0.5817331709265057,0.0,0,0,0.0,0,0,0,0,0,4.67377079828005,7.0,-0.122918579907343,0.00703185044039545,0.110129914053338
set6IT093__pseudo3_N2E3,0.3466252189233408,20.0,0,0,0.0,0,0,0,0,0,0.0,7.0,-0.71972883943728,0.0688544897697574,-0.511617779540152
set6IT094__WCS417,0.5338707514781129,0.0,0,0,0.0,0,0,0,0,0,4.67377079828005,7.0,-0.481801786792536,-0.00228790038087023,0.245255545324888
set6IT094__pseudo3_N2E3,0.33902036758346216,20.0,0,0,0.0,0,0,0,0,0,0.0,7.0,-0.765056916271035,-0.0305866108379855,-0.407362068866329
set6IT095__WCS417,0.05574660015907603,0.0,0,0,0.0,0,0,0,0,0,4.67377079828005,7.0,-3.43297193928524,-0.339751898289904,-0.0249758855427153
set6IT095__pseudo3_N2E3,0.6522638647929365,20.0,0,0,0.0,0,0,0,0,0,0.0,7.0,-0.276408873933438,0.339304791750001,0.290337531453608
set6IT096__pseudo3_N2E3,0.5493355875062591,20.0,0,0,0.0,0,0,0,0,0,0.0,7.0,-0.507635113138488,0.286624800309819,0.0569424642783221
set7H10__psRCH2,0.6068983201000283,0.0,0,0,0.0,0,0,0,0,0,4.67377079828005,7.2,0.191337824359223,0.184036224753131,-0.255830958726748
set7H11__psRCH2,0.6346456569090783,0.0,0,0,0.0,0,0,0,0,0,4.67377079828005,7.2,0.823939021258612,0.589650589418691,-1.15253752237925
set7H12__psRCH2,0.39544526258332113,0.0,0,0,0.0,0,0,0,0,0,4.67377079828005,7.2,-0.827929954156807,0.280405846608964,-0.363617369886312
set7H13__psRCH2,0.48183757749018147,0.0,0,0,0.0,0,0,0,0,0,4.67377079828005,7.2,0.136733162182558,-0.0707192033233457,-0.554933230889316
set7H15__psRCH2,0.5268585823515943,0.0,0,0,0.0,0,0,0,0,0,4.67377079828005,7.2,-0.0565958895192142,0.110588765901296,-0.326615741324261
set7H19__psRCH2,0.5673075568482685,0.0,0,0,0.0,0,0,0,0,0,4.67377079828005,7.2,0.0295499188811268,0.0559043547410021,-0.162043367305801
set7H1__psRCH2,0.6119968848459524,0.0,0,0,0.0,0,0,0,0,0,4.67377079828005,7.2,-0.0166016156863649,0.331013738002291,-0.169160072430213
set7H20__psRCH2,0.19644762799056184,0.0,0,0,0.0,0,0,0,0,0,4.67377079828005,7.2,-1.11800714854894,-0.696321343598523,-0.277993134031061
set7H21__psRCH2,0.7161688221999217,0.0,0,0,0.0,0,0,0,0,0,4.67377079828005,7.2,0.303938006891058,0.389493925617129,0.0156931049856883
set7H22__psRCH2,0.5399054340461965,0.0,0,0,0.0,0,0,0,0,0,4.67377079828005,7.2,-0.136588384388952,-0.00135720175343912,-0.0717587477108452
set7H23__psRCH2,0.5950109804767012,0.0,0,0,0.0,0,0,0,0,0,4.67377079828005,7.2,0.0895509824651517,0.255460884037922,-0.284965515300615
set7H29__psRCH2,0.5797282077591364,0.0,0,0,0.0,0,0,0,0,0,4.67377079828005,7.2,0.106121265845762,-0.231166331771079,0.10940529813723
set7H32__psRCH2,0.4662262303492092,0.0,0,0,0.0,0,0,0,0,0,4.67377079828005,7.2,-0.220304738828101,-0.208313183049211,-0.13545613997081
set7H33__psRCH2,0.6155070138298937,0.0,0,0,0.0,0,0,0,0,0,4.67377079828005,7.2,-0.153805717370002,0.350546667361081,-0.0337178260704079
set7H34__psRCH2,0.8175745641936794,0.0,0,0,0.0,0,0,0,0,0,4.67377079828005,7.2,0.381250271205489,0.400656924764689,0.616680144607296
set7H38__psRCH2,0.7332508638586397,0.0,0,0,0.0,0,0,0,0,0,4.67377079828005,7.2,1.54569591152284,-0.341780368392684,-0.39200331515393
set7H39__psRCH2,0.5348462944227754,0.0,0,0,0.0,0,0,0,0,0,4.67377079828005,7.2,-0.40476867905109,-0.0196842950871785,0.190324374013569
set7H44__psRCH2,0.6267282790528061,0.0,0,0,0.0,0,0,0,0,0,4.67377079828005,7.2,0.0831717085028942,0.155267089008407,-0.0181841549479229
set7H45__psRCH2,0.6169567722438415,20.0,0,0,0.0,0,0,0,0,0,4.67377079828005,7.2,0.13664901656965,-0.11531306481809,0.149044675644382
set7H4__psRCH2,0.5195500399909477,0.0,0,0,0.0,0,0,0,0,0,4.67377079828005,7.2,-0.194704220444241,-0.0495169204454804,-0.0635644426622139
set7H5__psRCH2,0.4686730339701438,0.0,0,0,0.0,0,0,0,0,0,4.67377079828005,7.2,-0.320425932947835,0.0108433289091052,-0.242694990120413
set7H6__psRCH2,0.4887394179066171,0.0,0,0,0.0,0,0,0,0,0,4.67377079828005,7.2,-0.190153511447146,-0.0424930254624467,-0.223109609034891
set7H8__psRCH2,0.5174034558305992,0.0,0,0,0.0,0,0,0,0,0,4.67377079828005,7.2,-0.0387739340356068,0.0778228781109365,-0.357153810993621
set7H9__psRCH2,0.47844837783502236,0.0,0,0,0.0,0,0,0,0,0,4.67377079828005,7.2,-0.243347089659656,-0.0390316463040989,-0.222836941745232
set7IT020__pseudo6_N2E2,0.5167594938584021,0.0,0,0,0.0,0,0,0,500,0,0.0,7.0,-0.115362646028803,-0.207107837993254,0.00127051534654821
set7IT021__pseudo6_N2E2,0.6615759904942903,0.0,0,0,0.0,0,0,0,600,0,0.0,7.0,0.289760423830277,-0.0859747249907281,0.199039383106267
set7IT042__Putida,0.7717200032657616,0.0,0,0,0.0,0,0,0,0,0,9.5,7.0,0.28051665138676,0.771389414532412,0.00828758672942431
set7IT044__Putida,0.6083034090328701,0.0,0,0,0.0,0,0,0,0,0,9.5,7.0,0.445425792047845,-0.459686783008772,0.140877107111927
set7IT045__Putida,0.5118906409216826,0.0,0,0,0.0,0,0,0,0,0,9.5,7.0,-0.162011866555725,-0.224973668157939,0.0423921191817223
set7IT055__Putida,0.46328054737854235,0.0,0,0,0.0,0,0,0,0,0,9.5,7.0,-0.0423404801321277,-0.302572446696102,-0.233373236318177
set7IT056__Putida,0.3233697120026944,0.0,0,0,0.0,0,0,0,0,0,9.5,7.0,-1.00535034845603,-0.277723689693059,-0.00474356623740846
set7IT057__Putida,0.5337415677632449,0.0,0,0,0.0,0,0,0,0,0,9.5,7.0,-0.449674204588786,0.0252745887998598,0.184942449399457
set7IT062__Putida,0.5919255997981433,0.0,0,0,0.0,0,0,0,0,0,9.5,7.0,0.310070292495132,-0.189561869944862,-0.0758105713620638
set8H33__psRCH2,0.8574159087713494,0.0,0,0,0.0,0,0,0,0,0,4.67377079828005,7.2,0.843593833203002,0.686474942096947,0.221361079331214
set8H34__psRCH2,0.8069666882990869,0.0,0,0,0.0,0,0,0,0,0,4.67377079828005,7.2,0.871508279956025,0.369687337482729,0.0738818159010242
set8H35__psRCH2,0.8181396986515804,0.0,0,0,0.0,0,0,0,0,0,4.67377079828005,7.2,0.645932121482568,0.527720505815051,0.229487842265234
set8H36__psRCH2,0.7854363216974324,0.0,0,0,0.0,0,0,0,0,0,4.67377079828005,7.2,0.430399940528171,0.332962961585273,0.392346073343563
set8H37__psRCH2,0.8424269766590289,0.0,0,0,0.0,0,0,0,0,0,4.67377079828005,7.2,0.239546170062642,0.729040036640619,0.641710309256588
set8H38__psRCH2,0.7377231716724907,0.0,0,0,0.0,0,0,0,0,0,4.67377079828005,7.2,0.180906793655922,0.643749845032408,0.0148464431778521
set8H40__psRCH2,0.7264424031763193,0.0,0,0,0.0,0,0,0,0,0,4.67377079828005,7.2,0.328759931804057,0.491049235237431,-0.0493419314336578
set8IT001__WCS417,0.4263768311870044,0.0,0,0,0.0,0,0,0,0,0,4.67377079828005,7.0,-0.591622501094839,-0.0224884788174058,-0.143610263638404
set8IT001__pseudo6_N2E2,0.44862368497170885,20.0,0,0,0.0,0,0,0,0,0,0.0,7.0,-0.690435257434503,0.0690839848600502,-0.0278541954073603
set8IT002__WCS417,0.05351618709946214,0.0,0,0,0.0,0,0,0,0,0,4.67377079828005,7.0,-3.63637160491167,-0.0362125830679998,-0.176953314356866
set8IT002__pseudo6_N2E2,0.1964310740820917,20.0,0,0,0.0,0,0,0,0,0,0.0,7.0,-1.98809745617841,0.0561356369482651,-0.160485670763685
set8IT003__WCS417,0.593626516344428,0.0,0,0,0.0,0,0,0,0,0,4.67377079828005,7.0,-0.264698147465705,0.214182918151913,0.103669899544314
set8IT003__pseudo6_N2E2,0.39844412400019014,20.0,0,0,0.0,0,0,0,0,0,0.0,7.0,-0.712143482377945,-0.317548140927119,0.133585662246062
set8IT004__WCS417,0.6961627638461967,0.0,0,0,0.0,0,0,0,0,0,4.67377079828005,7.0,0.152444317783406,0.189153044415457,0.251776057042472
set8IT004__pseudo6_N2E2,0.5326543820576881,20.0,0,0,0.0,0,0,0,0,0,0.0,7.0,-0.105068245556308,-0.0355986428223387,-0.104032678312237
set8IT005__WCS417,0.5723221619403717,0.0,0,0,0.0,0,0,0,0,0,4.67377079828005,7.0,-0.418615813422394,0.350646678229219,0.0159327305839805
set8IT005__pseudo6_N2E2,0.5685924326506043,20.0,0,0,0.0,0,0,0,0,0,0.0,7.0,-0.0979367016705548,0.0507108614880256,-0.0230788394410228
set8IT006__pseudo6_N2E2,0.47006900962591075,20.0,0,0,0.0,0,0,0,0,0,0.0,7.0,-0.67702268556999,0.107487013640058,0.0239850307079217
set8IT007__WCS417,0.44168878666359385,0.0,0,0,0.0,0,0,0,0,0,4.67377079828005,7.0,-0.628757877713594,-0.171063118698557,0.116916932144592
set8IT007__pseudo6_N2E2,0.37960913116317024,20.0,0,0,0.0,0,0,0,0,0,0.0,7.0,-0.80538291337888,-0.204384435415593,0.0185403521953194
set8IT008__WCS417,0.028991593084403584,0.0,0,0,0.0,0,0,0,0,0,4.67377079828005,7.0,-4.55883033212624,0.330041923024134,-0.387137431700881
set8IT008__pseudo6_N2E2,0.3681837479781683,20.0,0,0,0.0,0,0,0,0,0,0.0,7.0,-0.896542513245742,-0.200892509076349,0.0476284215692813
set8IT009__WCS417,0.6272253869692812,0.0,0,0,0.0,0,0,0,0,0,4.67377079828005,7.0,0.119210974281711,-0.111678310780457,0.215272981792932
set8IT009__pseudo6_N2E2,0.3578131078017013,20.0,0,0,0.0,0,0,0,0,0,0.0,7.0,-1.31370134819297,-0.116752242939375,0.326816279805132
set8IT010__WCS417,0.3976308696931992,0.0,0,0,0.0,0,0,0,0,0,4.67377079828005,7.0,-0.829967983316718,-0.17326812093413,0.103056522785966
set8IT010__pseudo6_N2E2,0.3685135812961027,20.0,0,0,0.0,0,0,0,0,0,0.0,7.0,-1.07610822335121,0.000348276130945235,0.0276547429134175
set8IT011__WCS417,0.6142440346795246,0.0,0,0,0.0,0,0,0,0,0,4.67377079828005,7.0,0.0446673139109621,0.0795343752661704,0.032420319481385
set8IT011__pseudo6_N2E2,0.6217481528979248,20.0,0,0,0.0,0,0,0,0,0,0.0,7.0,-0.187276695311049,0.316041122393956,0.0660084384888033
set8IT012__pseudo6_N2E2,0.19976875787809115,20.0,0,0,0.0,0,0,0,0,0,0.0,7.0,-2.23256686063298,0.164978250124955,0.000358299270629914
set8IT013__pseudo6_N2E2,0.236642946815739,20.0,0,0,0.0,0,0,0,0,0,0.0,7.0,-1.92793301485343,0.174343708035754,-0.0537211727193739
set8IT016__pseudo6_N2E2,0.3460179478197726,20.0,0,0,0.0,0,0,0,0,0,0.0,7.0,-0.874011924770097,-0.24529704242954,-0.0464026476299552
set8IT017__pseudo6_N2E2,0.371264577974853,20.0,0,0,0.0,0,0,0,0,0,0.0,7.0,-1.135924974111,0.0920346623020345,0.00995121590247772
set8IT018__pseudo6_N2E2,0.21429939705689802,20.0,0,0,0.0,0,0,0,0,0,0.0,7.0,-1.55673823426631,-0.164451907974019,-0.239777721291437
set8IT020__pseudo6_N2E2,0.213323401812487,20.0,0,0,0.0,0,0,0,0,0,0.0,7.0,-1.77801728063683,-0.251132871206413,0.061213805999775
set8IT021__pseudo6_N2E2,0.35859107240783555,20.0,0,0,0.0,0,0,0,0,0,0.0,7.0,-0.44779258065625,-0.537816902475326,-0.113966378788076
set8IT022__pseudo6_N2E2,0.13420640640788345,20.0,0,0,0.0,0,0,0,0,0,0.0,7.0,-2.01821125006954,-0.424336355786681,-0.196602727911837
set8IT023__pseudo6_N2E2,0.07083801873069268,20.0,0,0,0.0,0,0,0,0,0,0.0,7.0,-3.58225106744332,0.115727034011472,-0.0242998052477259
set8IT024__pseudo6_N2E2,0.21906273360193623,20.0,0,0,0.0,0,0,0,0,0,0.0,7.0,-1.62938707599155,-0.0301142810759405,-0.267783320341234
set8IT025__pseudo6_N2E2,0.15908096633576663,20.0,0,0,0.0,0,0,0,0,0,0.0,7.0,-2.05173754374989,-0.240572697308618,-0.107781043615927
set8IT026__pseudo6_N2E2,0.1512920179474915,20.0,0,0,0.0,0,0,0,0,0,20.0,7.0,-2.27693275181491,-0.212394868249734,0.0179199905923078
set8IT027__pseudo6_N2E2,0.21286925916612054,20.0,0,0,0.0,0,0,0,0,0,0.0,7.0,-2.09548919910047,0.0791542181572548,0.0451481934769555
set8IT028__pseudo6_N2E2,0.2341651177288341,20.0,0,0,0.0,0,0,0,0,20,0.0,7.0,-1.54374029970803,-0.169269598344212,-0.11082309421852
set8IT031__pseudo6_N2E2,0.598515910161198,0.0,0,0,0.0,0,0,0,0,0,4.67377079828005,7.0,-0.422818126234142,0.235974461573602,0.264371038325815
set8IT032__pseudo6_N2E2,0.46996099539522873,0.0,0,0,0.0,0,0,0,0,0,4.67377079828005,7.0,-0.230819968799936,-0.17991438835817,-0.135336703102567
set8IT033__pseudo6_N2E2,0.5961124949521477,0.0,5,0,0.0,0,0,0,0,0,4.67377079828005,7.0,-0.126809168728615,0.170600959184963,0.0217431267175809
set8IT034__pseudo6_N2E2,0.4463176112813755,0.0,0,0,0.0,0,0,0,0,0,4.67377079828005,7.0,-0.233382786346236,0.0575177436471018,-0.484534844881181
set8IT035__pseudo6_N2E2,0.5687724248807173,0.0,0,0,0.0,0,0,0,0,0,4.67377079828005,7.0,0.0963905919304333,-0.115443170861396,-0.0503713879162313
set8IT036__pseudo6_N2E2,0.6466176628343085,0.0,0,0,0.0,0,0,0,0,0,4.67377079828005,7.0,-0.47482981440974,0.556040180290158,0.242257801480729
set8IT041__pseudo6_N2E2,0.5502928703706725,0.0,0,0,0.0,0,0,0,0,0,4.67377079828005,7.0,-0.671716004377321,0.176212038553274,0.336077850527887
set8IT042__pseudo6_N2E2,0.4896404757911828,0.0,0,0,0.0,0,0,0,0,0,4.67377079828005,7.0,-0.109166905066503,-0.284232906853061,-0.0580285722785145
set8IT043__pseudo6_N2E2,0.5576422432337897,0.0,5,0,0.0,0,0,0,0,0,4.67377079828005,7.0,-0.196329086039389,0.198026057727959,-0.125424150348853
set8IT044__pseudo6_N2E2,0.3729512080705024,0.0,0,0,0.0,0,0,0,0,0,4.67377079828005,7.0,-0.346103953774571,-0.175085662805441,-0.50408556802049
set8IT045__pseudo6_N2E2,0.5562837335042539,0.0,0,0,0.0,0,0,0,0,0,4.67377079828005,7.0,0.16607371984102,-0.0444819594616022,-0.251926545772825
set8IT046__pseudo6_N2E2,0.474578186324378,0.0,0,0,0.0,0,0,0,0,0,4.67377079828005,7.0,-0.107706815099156,-0.200625401093676,-0.215504395694072
set8IT060__Putida,0.5995080937884388,0.0,0,0,0.0,0,0,0,0,0,0.0,6.9,0.182666743197044,0.056940756486215,-0.157122510703079
set8IT062__Putida,0.6903599709973406,0.0,0,0,0.0,0,0,0,0,0,0.0,6.9,0.103988960453803,0.631833282696184,-0.175200146446512
set8IT064__Putida,0.6416380087090091,0.0,0,0,0.0,0,0,0,0,0,0.0,6.9,0.104458491299833,0.260321715342393,-0.0673847340390212
set8IT073__Putida,0.8717063016484428,0.0,0,0,0.0,0,0,0,0,0,0.0,6.9,1.0944752772791,0.718652700831318,0.0848913167876306
set8IT082__Putida,0.692915155700945,0.0,0,0,0.0,0,0,0,0,0,0.0,6.9,1.16065508513859,-0.503034004739826,-0.0826198863701681
set8IT084__Putida,0.5895968862898956,0.0,0,0,0.0,0,0,0,0,0,0.0,6.9,0.175810267349659,0.0999670844145828,-0.242639976844124
set8IT085__Putida,0.6901034872874776,0.0,0,0,0.0,0,0,0,0,0,0.0,6.9,0.742597270200207,-0.0517749034573747,-0.131639981456557
set8IT092__Putida,0.6964828240354237,0.0,0,0,0.0,0,0,0,0,0,0.0,6.9,0.647427840965477,-0.220686431401032,0.168448597401209
set8IT093__Putida,0.6777740307930085,0.0,0,0,0.0,0,0,0,0,0,0.0,6.9,0.607175681221382,0.026234596514092,-0.142689069416992
set8IT094__Putida,0.5231626494739243,0.0,0,0,0.0,0,0,0,0,0,0.0,6.9,-0.163662032291569,-0.121847334873596,-0.00490127097550497
set8IT095__Putida,0.6660013423942981,0.0,0,0,0.0,0,0,0,0,0,0.0,6.9,0.367679205445172,0.0817153446985386,-0.0227705165889285
set8IT096__Putida,0.43070642555846333,0.0,0,0,0.0,0,0,0,0,0,0.0,6.9,-0.291038119234538,-0.338266550685062,-0.107197809218149
set9IT020__Putida,0.7738806849925857,0.0,0,0,0.0,0,0,0,0,0,0.0,6.9,1.11601943883653,0.338472921381901,-0.379529203562781
set9IT022__Putida,0.7610521438116015,0.0,0,0,0.0,0,0,0,0,0,0.0,6.9,0.765113375627763,0.556518738480506,-0.332960179107111
set9IT025__Putida,0.8600749771567199,0.0,0,0,0.0,0,0,0,0,0,0.0,6.9,2.11620065423678,0.159888773307703,-0.498349554588498
setAIT067__pseudo6_N2E2,0.3367451054952752,20.0,0,0,0.0,0,0,0,0,0,0.0,7.0,-1.08312604751632,-0.221614213971877,0.089528500376935
setAIT068__pseudo6_N2E2,0.13658468040302837,20.0,0,0,0.0,0,0,0,0,0,0.0,7.0,-2.76722377927112,0.103808252990181,0.0486487593092644
setAIT069__pseudo6_N2E2,0.47041431365195424,20.0,0,0,0.0,0,0,0,0,0,0.0,7.0,-0.963768304118384,0.208716062455914,0.211165205563709
setAIT070__pseudo6_N2E2,0.6307631309569037,20.0,0,0,0.0,0,0,0,0,0,0.0,7.0,-0.757709535285173,0.767543942821846,0.231166112860959
setAIT071__pseudo6_N2E2,0.5636251188129188,20.0,0,0,0.0,0,0,0,0,0,0.0,7.0,-0.172675136959719,0.0378999141830633,0.0401992880668105
setAIT072__pseudo6_N2E2,0.2700417929539955,20.0,0,0,0.0,0,0,0,0,0,0.0,7.0,-1.25554648011253,-0.337501595069051,-0.00211458499458628
setAIT073__pseudo6_N2E2,0.41470565209411014,20.0,0,0,0.0,0,0,0,0,0,0.0,7.0,-0.869326599409932,-0.0338916659158699,0.0880121678842856
setAIT074__pseudo6_N2E2,0.3884550805229715,20.0,0,0,0.0,0,0,0,0,0,0.0,7.0,-0.54571166131653,-0.496760707913269,0.0961282848564367
setAIT075__pseudo6_N2E2,0.37957536340827164,20.0,0,0,0.0,0,0,0,0,0,0.0,7.0,-1.37206206503802,-0.0196098303850938,0.400272809023462
setAIT076__pseudo6_N2E2,0.41377593965279624,20.0,0,0,0.0,0,0,0,0,0,0.0,7.0,-0.841205304943042,0.0415758370945877,-0.0201752153770739
setAIT077__pseudo6_N2E2,0.5137159693500536,20.0,0,0,0.0,0,0,0,0,0,0.0,7.0,-0.350377582296849,-0.0867175971222509,0.101270436321811
setAIT078__pseudo6_N2E2,0.1414722094381594,20.0,0,0,0.0,0,0,0,0,0,0.0,7.0,-2.7862231488903,0.0429588258652579,0.177507369876782
setAIT079__pseudo6_N2E2,0.27422463211156894,20.0,0,0,0.0,0,0,0,0,0,0.0,7.0,-1.6295967579296,0.0918300071310703,-0.0320509408349788
setAIT083__pseudo6_N2E2,0.24207393276745948,20.0,0,0,0.0,0,0,0,0,0,0.0,7.0,-1.15955142027623,-0.353459475884401,-0.25849719559194
setAIT084__pseudo6_N2E2,0.31896305246807455,20.0,0,0,0.0,0,0,0,0,0,0.0,7.0,-1.36519540300803,-0.100079156092938,0.153198189826423
setAIT086__pseudo6_N2E2,0.2799994290335616,20.0,0,0,0.0,0,0,0,0,0,0.0,7.0,-1.56440422489121,-0.0863773234797924,0.115563357689154
setAIT087__pseudo6_N2E2,0.2670469418824967,20.0,0,0,0.0,0,0,0,0,0,0.0,7.0,-1.65849518117479,0.000142430847907327,0.0448913098126675
setAIT088__pseudo6_N2E2,0.13157260765389572,20.0,0,0,0.0,0,0,0,0,0,0.0,7.0,-2.61027701935096,-0.0202272425390337,-0.0360793257152503
setAIT089__pseudo6_N2E2,0.1398346021177561,20.0,0,0,0.0,0,0,0,0,0,0.0,7.0,-2.3318800126984,-0.30348119199109,0.0533434148984324
setAIT090__pseudo6_N2E2,0.22655649742010278,20.0,0,0,0.0,0,0,0,0,0,0.0,7.0,-1.76016287922469,0.138025197114779,-0.253204989244938
setAIT091__pseudo6_N2E2,0.40241359948343125,20.0,0,0,0.0,0,0,0,0,0,0.0,7.0,-1.58085114320753,0.637782858082788,0.0668057792256871
setAIT092__pseudo6_N2E2,0.29316301594005906,20.0,0,0,0.0,0,0,0,0,0,20.0,7.0,-1.56647381004762,0.0148583166147075,0.0936809291326988
setAIT093__pseudo6_N2E2,0.1427951547131688,20.0,0,0,0.0,0,0,0,0,0,0.0,7.0,-2.41649152626656,-0.264225892379271,0.127982398367158
setAIT094__pseudo6_N2E2,0.24750808967113028,20.0,0,0,0.0,0,0,0,0,20,0.0,7.0,-1.80511006636673,0.0472423856276999,0.0216397842343583
