SampleID,Resp,d_glucose,sodium_citrate,sodium_octanoate,sodium_acetate,sodium_benzoate,d_xylose,l_arabinose,sodium_chloride,urea,ammonium_chloride,pH,fitness_pykA_PP_1362,fitness_pykF_PP_4301,fitness_ppc_PP_1505
set10H10__psRCH2,0.2114175072441318,0.0,0,0,0.0,0,0,0,0,0,4.67377079828005,7.2,-3.0965154586794,0.18674833384633,-0.158226646263777
set10H11__psRCH2,0.632066851704136,0.0,0,0,0.0,0,0,0,0,0,4.67377079828005,7.2,0.0696087626721873,0.256112568657349,0.168713421183097
set10H12__psRCH2,0.5803803300342708,0.0,0,0,0.0,0,0,0,0,0,4.67377079828005,7.2,-0.0684009314212728,0.0912260922855794,0.0558948148447156
set10H13__psRCH2,0.20435437852637894,0.0,0,0,0.0,0,0,0,0,0,4.67377079828005,7.2,-4.33618640125846,0.604465721961158,0.581457905116757
set10H14__psRCH2,0.1723566130442677,0.0,0,0,0.0,0,0,0,0,0,4.67377079828005,7.2,-3.56832781838862,-0.0616141413565305,0.0774672865458679
set10H15__psRCH2,0.5608928204055803,0.0,0,0,0.0,0,0,0,0,0,4.67377079828005,7.2,0.368694138484822,-0.297629040736815,-0.14490861791162
set10H16__psRCH2,0.5619400497380961,0.0,0,0,0.0,0,0,0,0,0,4.67377079828005,7.2,0.558689591256959,-0.459158041457624,-0.165218214700445
set10H17__psRCH2,0.6029892851458478,0.0,0,0,0.0,0,0,0,0,0,4.67377079828005,7.2,0.377920200816373,-0.211438150265692,0.0917526399183415
set10H18__psRCH2,0.49254553036278204,0.0,0,0,0.0,0,0,0,0,0,4.67377079828005,7.2,0.104732772427484,-0.562669096120713,-0.142565470101123
set10H19__psRCH2,0.5537112339149747,0.0,20,0,0.0,0,0,0,0,0,4.67377079828005,7.2,0.305398678631107,-0.434029984398401,-0.00103975165829229
set10H20__psRCH2,0.5696768380137692,0.0,20,0,0.0,0,0,0,0,0,4.67377079828005,7.2,0.00931832103548702,0.0769233806567902,-0.0915282722519679
set10H21__psRCH2,0.6153599232595945,0.0,0,0,0.0,0,0,0,0,0,4.67377079828005,7.2,0.342944777902142,-0.00429381493277248,0.0192420844255301
set10H22__psRCH2,0.482545912698431,0.0,0,0,0.0,0,0,0,0,0,4.67377079828005,7.2,0.201088183725886,-0.714811606260242,-0.163540269416159
set10H23__psRCH2,0.6076926319639817,0.0,0,0,0.0,0,0,0,0,0,4.67377079828005,7.2,0.166780183682239,0.02045775605486,0.108754589144857
set10H24__psRCH2,0.6171316854910446,0.0,0,0,0.0,0,0,0,0,0,4.67377079828005,7.2,0.259993611537949,-0.00772618300830707,0.119994309028076
set10H25__psRCH2,0.6077241323351923,0.0,0,0,0.0,0,0,0,0,0,4.67377079828005,7.2,0.360865663664784,-0.0761310113083058,0.0115112899857046
set10H26__psRCH2,0.569485600011968,0.0,0,0,0.0,0,0,0,0,0,4.67377079828005,7.2,0.0685648182324285,0.136285885342254,-0.211633322353509
set10H27__psRCH2,0.544246553812192,0.0,0,0,0.0,0,0,0,0,0,4.67377079828005,7.2,0.162108412678211,-0.226217601808768,-0.138875594002589
set10H28__psRCH2,0.5471582192070787,0.0,0,0,0.0,0,0,0,0,0,4.67377079828005,7.2,0.142132607554974,0.0655422496831719,-0.388134645636053
set10H29__psRCH2,0.5231132158102946,0.0,0,0,0.0,0,0,0,0,0,4.67377079828005,7.2,-0.17594688450449,-0.159633622746742,-0.0302916885021276
set10H30__psRCH2,0.5222255802872455,0.0,0,0,0.0,0,0,0,0,0,4.67377079828005,7.2,-0.252040930276276,-0.13662960771558,0.0159748500203711
set10H31__psRCH2,0.2041021050480431,0.0,0,0,0.0,0,0,0,0,0,4.67377079828005,7.2,-0.0630856535990056,-1.23760675675828,-1.85254741007382
set10H32__psRCH2,0.262721958958256,0.0,0,0,0.0,0,0,0,0,0,4.67377079828005,7.2,0.242734246937845,-1.38922762243626,-1.37580358144768
set10H33__psRCH2,0.6045836463340385,0.0,0,0,0.0,0,0,0,0,0,4.67377079828005,7.2,0.122891272360047,0.0437008106790875,0.104424428968318
set10H34__psRCH2,0.6181523429222894,0.0,0,0,0.0,0,0,0,0,0,4.67377079828005,7.2,0.278487999411898,-0.00127600892216617,0.103338543345484
set10H35__psRCH2,0.1799790597207134,0.0,0,0,0.0,0,0,0,0,0,4.67377079828005,7.2,-3.07157602156413,-0.527454445766375,0.147296193798675
set10H36__psRCH2,0.19728176363550431,0.0,0,0,0.0,0,0,0,0,0,4.67377079828005,7.2,-3.020274167303,-0.301294511890536,0.086780691314978
set10H37__psRCH2,0.4751911223954453,0.0,0,0,0.0,0,0,0,0,0,4.67377079828005,7.2,-0.249587964146103,-0.223096496864536,-0.261103227573304
set10H38__psRCH2,0.4661504385193652,0.0,0,0,0.0,0,0,0,0,0,4.67377079828005,7.2,-0.282338299277286,-0.45241355543111,-0.0686325066073268
set10H39__psRCH2,0.3611428571930839,0.0,0,0,0.0,0,0,0,0,0,4.67377079828005,7.2,0.624390590598613,0.0416664884059115,-2.30333263412245
set10H3__psRCH2,0.1293677825710557,20.0,0,0,0.0,0,0,0,0,0,4.67377079828005,7.2,-3.99960801726204,-0.316917468280329,0.11668750807783
set10H40__psRCH2,0.49083791697672363,0.0,0,0,0.0,0,0,0,0,0,4.67377079828005,7.2,0.244698292416195,0.420290619150616,-1.2785942308112
set10H42__psRCH2,0.2003472036118837,0.0,0,0,0.0,0,0,0,0,0,4.67377079828005,7.2,-3.10823432261474,-0.19474491889524,0.10510065221886
set10H4__psRCH2,0.12486591775345296,20.0,0,0,0.0,0,0,0,0,0,4.67377079828005,7.2,-3.94722996687833,-0.171271250741619,-0.159156760383659
set10H5__psRCH2,0.5576933881967153,0.0,0,0,0.0,0,0,0,0,0,4.67377079828005,7.2,-0.042169296192091,0.0805917782778254,-0.137160504826017
set10H6__psRCH2,0.546120701563818,0.0,0,0,0.0,0,0,0,0,0,4.67377079828005,7.2,-0.072738231991067,-0.119916943603368,0.00416624368908813
set10H9__psRCH2,0.24715766679070048,0.0,0,0,0.0,0,0,0,0,0,4.67377079828005,7.2,-2.36534125038616,-0.292486974566012,-0.0216581080863489
set10IT006__Putida,0.5491503385201646,0.0,0,0,0.0,0,0,0,0,0,9.5,7.0,-0.116443508276788,-0.0582195679795567,0.00962885808669989
set10IT008__Putida,0.4897007913795905,0.0,0,0,0.0,0,0,0,0,0,9.5,7.0,-0.823274700776678,-0.00723570514548522,0.208178359604959
set10IT010__Putida,0.6029739609485243,0.0,0,0,0.0,0,0,0,0,0,9.5,7.0,0.490548857356224,-0.157502672834741,-0.0749342609587909
set10IT017__Putida,0.4763947070915597,10.0,0,0,0.0,0,0,0,0,0,9.5,7.0,-0.778181892128751,0.205300505259155,-0.15165134750409
set10IT018__Putida,0.4658496222658525,10.0,0,0,0.0,0,0,0,0,0,9.5,7.0,-0.781633308342698,-0.116364787935165,0.0922953134571922
set10IT019__Putida,0.45592205763112564,10.0,0,0,0.0,0,0,0,0,0,9.5,7.0,-0.874968656137196,0.104498790924636,-0.111863405580085
set10IT020__Putida,0.5562605402649065,10.0,0,0,0.0,0,0,0,0,0,9.5,7.0,-0.34848099148762,0.296792590969605,-0.0581862867632081
set10IT021__Putida,0.606271548026815,10.0,0,0,0.0,0,0,0,0,0,9.5,7.0,-0.0251872339272299,0.477170380125097,-0.167415457655163
set10IT022__Putida,0.5501205688523375,10.0,0,0,0.0,0,0,0,0,0,9.5,7.0,-0.0328797171090238,-0.0826538366842944,-0.0419834952742257
set10IT023__Putida,0.4753391235704248,10.0,0,0,0.0,0,0,0,0,0,9.5,7.0,-0.646629711350798,0.00890379659400375,-0.094923602730151
set10IT024__Putida,0.49495351136172305,10.0,0,0,0.0,0,0,0,0,0,9.5,7.0,-0.939413564401177,0.277278400101168,0.0801090331479255
set10IT025__Putida,0.5232797299293078,10.0,0,0,0.0,0,0,0,0,0,9.5,7.0,-0.24208301274204,0.0370287206537212,-0.159537741276297
set10IT026__Putida,0.48267458759371873,10.0,0,0,0.0,0,0,0,0,0,9.5,7.0,-0.508169560188378,-0.120613917320376,-0.0474918941183657
set10IT027__Putida,0.4831683738353307,10.0,0,0,0.0,0,0,0,0,0,9.5,7.0,-0.708221804637729,0.159922164602063,-0.124183243176504
set10IT028__Putida,0.5543668821683077,10.0,0,0,0.0,0,0,0,0,0,9.5,7.0,-0.0979393216519897,0.107944938784117,-0.134587445120693
set10IT029__Putida,0.4819018614713842,10.0,0,0,0.0,0,0,0,0,0,9.5,7.0,-1.12162036348222,0.363612156057548,0.0757974460560396
set10IT031__Putida,0.470136629885703,10.0,0,0,0.0,0,0,0,0,0,9.5,7.0,-0.791517160212877,0.00249465127149917,0.0163428775021759
set10IT032__Putida,0.5115130975467641,10.0,0,0,0.0,0,0,0,0,0,9.5,7.0,-0.301894742841071,-0.000988207650139294,-0.1520899814193
set10IT033__Putida,0.5642947188751253,10.0,0,0,0.0,0,0,0,0,0,9.5,7.0,0.161997512145692,-0.0668551114345157,-0.142472758136317
set10IT034__Putida,0.5990015120675087,10.0,0,0,0.0,0,0,0,0,0,9.5,7.0,0.0485982038207791,0.186821075728181,-0.00907810930553588
set10IT035__Putida,0.5547276786788315,10.0,0,0,0.0,0,0,0,0,0,9.5,7.0,0.307129037534691,-0.370931004830917,-0.0579786845654497
set10IT036__Putida,0.4573387514300122,10.0,0,0,0.0,0,0,0,0,0,9.5,7.0,-0.960464304165795,0.175518644749319,-0.0864371000702049
set10IT037__Putida,0.5066653680992835,10.0,0,0,0.0,0,0,0,0,0,9.5,7.0,-0.418464054927788,0.0416998587745792,-0.115410503272402
set10IT043__Putida,0.584641539344569,0.0,0,0,0.0,0,0,0,0,0,9.5,7.0,-0.0412965324850632,0.114999769440365,0.0386218197988495
set10IT044__Putida,0.549497849869121,0.0,0,0,0.0,0,0,0,0,0,9.5,7.0,-0.0778414486390648,-0.18032282814342,0.09582217780682
set10IT053__Putida,0.5911273540839127,0.0,0,0,0.0,0,0,0,0,0,9.5,7.0,0.326766652337549,0.173980163123896,-0.337079034142824
set11H17__psRCH2,0.5740824238786891,0.0,0,0,0.0,0,0,0,200,0,0.0,7.0,0.0221527088430213,-0.143757010541226,0.15082849120669
set11H18__psRCH2,0.6570247423957788,0.0,0,0,0.0,0,0,0,200,0,0.0,7.0,0.261559247108972,0.186592491856483,0.255271838953358
set11IT031__pseudo1_N1B4,0.556247342379468,0.0,0,0,0.0,0,0,0,0,0,4.67377079828005,7.0,-0.375369963802212,0.165983899780503,0.0994088316183364
set11IT032__pseudo1_N1B4,0.5991477670482649,0.0,0,0,0.0,0,0,0,0,0,4.67377079828005,7.0,-0.822040547521092,1.20356677576529,-0.154017214985267
set11IT033__pseudo1_N1B4,0.5145937320408166,0.0,0,0,0.0,0,0,0,0,0,4.67377079828005,7.0,-0.408196664804116,-0.147996302879102,0.12486920601838
set11IT034__pseudo1_N1B4,0.6533821389294049,0.0,0,0,0.0,0,0,0,0,0,4.67377079828005,7.0,0.00552179719706514,0.531938742021171,0.135039150223722
set11IT047__pseudo1_N1B4,0.37296710421525114,0.0,0,0,0.0,0,0,0,0,0,4.67377079828005,7.0,-0.100357626668898,-0.649350278772826,-0.789951188686632
set11IT048__pseudo1_N1B4,0.49314095131484575,0.0,0,0,0.0,0,0,0,0,0,4.67377079828005,7.0,-0.0850258469411185,-0.0332507659755281,-0.477656493896197
set11IT049__pseudo1_N1B4,0.3806793992428025,0.0,0,0,0.0,0,0,0,0,0,4.67377079828005,7.0,0.0530940906088686,-0.897578318209088,-0.632185897512636
set11IT051__pseudo1_N1B4,0.44585386814660133,0.0,0,0,0.0,0,0,0,0,0,4.67377079828005,7.0,0.366967038947124,-0.787718548258622,-0.539574726884818
set11IT052__pseudo1_N1B4,0.6772405250160501,0.0,0,0,0.0,0,0,0,0,0,4.67377079828005,7.0,0.56000390799255,0.221239877591797,0.0968124934914671
set11IT061__Koxy,0.014446892185535366,0.0,0,0,0.0,0,0,0,0,0,4.67377079828005,7.0,-0.13426127439434,,-5.62702479826826
set11IT064__Koxy,0.030197345688194526,0.0,0,0,0.0,0,0,0,0,0,4.67377079828005,7.0,0.195203754082943,,-4.99322867830194
set11IT065__Koxy,0.016460320869341297,0.0,0,0,0.0,0,0,0,0,0,4.67377079828005,7.0,-0.189521880434729,,-5.40232916410242
set11IT066__Koxy,0.05137172423606418,0.0,0,0,0.0,0,0,0,0,0,4.67377079828005,7.0,0.14786682392617,,-4.23831495234499
set11IT067__Koxy,0.024268679240891364,0.0,0,0,0.0,0,0,0,0,0,4.67377079828005,7.0,-0.305532373774786,,-4.77974040961452
set11IT068__Koxy,0.016490966845260538,0.0,0,0,0.0,0,0,0,0,0,4.67377079828005,7.0,-0.139442801034869,,-5.44999015012501
set11IT069__Koxy,0.05912625733716372,0.0,0,0,0.0,0,0,0,0,0,4.67377079828005,7.0,-0.104734399788104,,-3.79546747158277
set11IT070__Koxy,0.022154974925711265,20.0,0,0,0.0,0,0,0,0,0,4.67377079828005,7.0,-0.0637560902403562,,-5.140793204162
set11IT071__Koxy,0.015129412613678415,0.0,0,0,0.0,0,0,0,0,0,4.67377079828005,7.0,-0.556491141942453,,-5.14488827389278
set11IT074__Koxy,0.02053703346723229,0.0,0,0,0.0,0,0,0,0,0,4.67377079828005,7.0,-0.109969389682027,,-5.19365115733946
set11IT075__Koxy,0.017574529168377002,0.0,0,0,0.0,0,0,0,0,0,4.67377079828005,7.0,-0.260292227337499,,-5.24636534719181
set11IT076__Koxy,0.03350901581469676,0.0,0,0,0.0,0,0,0,0,0,4.67377079828005,7.0,0.00822860438313422,,-4.66883058698242
set11IT077__Koxy,0.01332868902936517,0.0,0,0,0.0,0,0,0,0,0,4.67377079828005,7.0,0.13371171723251,,-5.99945050998065
set11IT078__Koxy,0.052646915814231275,0.0,0,0,0.0,0,0,0,0,0,4.67377079828005,7.0,0.209066947541737,,-4.26644479950098
set11IT079__Koxy,0.029698385484780317,0.0,0,0,0.0,0,0,0,0,0,4.67377079828005,7.0,-0.714235068890134,,-4.10575032916406
set11IT080__Koxy,0.01720099044415359,20.0,0,0,0.0,0,0,0,0,0,4.67377079828005,7.0,0.248448575063322,,-5.78306074723372
set12H10__psRCH2,0.5665889325347984,0.0,0,0,0.0,0,0,0,0,0,4.67377079828005,7.2,-0.163458277869743,-0.0351133627011913,0.16914804670012
set12H11__psRCH2,0.45782151130156057,0.0,0,0,0.0,0,0,0,0,0,4.67377079828005,7.2,-0.514791663761789,-0.201430108615126,-0.151430661751368
set12H12__psRCH2,0.5046095863098438,0.0,0,0,0.0,0,0,0,0,0,4.67377079828005,7.2,-0.361625032352737,-0.0170529280625753,-0.129269622437392
set12H13__psRCH2,0.5600811563150994,0.0,0,0,0.0,0,0,0,0,0,4.67377079828005,7.2,-0.026860503431358,0.341920582353781,-0.395222731059777
set12H14__psRCH2,0.5522288899309201,0.0,0,0,0.0,0,0,0,0,0,4.67377079828005,7.2,0.428443351794098,-0.225697549677502,-0.343917694351328
set12H15__psRCH2,0.5730930086282602,0.0,0,0,0.0,0,0,0,0,0,4.67377079828005,7.2,-0.00306309067165955,0.156278449921075,-0.131749485855899
set12H16__psRCH2,0.5371498251088901,0.0,0,0,0.0,0,0,0,0,0,4.67377079828005,7.2,-0.198057483594887,-0.024190000354662,-0.0355436552975597
set12H17__psRCH2,0.547150486999745,0.0,0,0,0.0,0,0,0,0,0,4.67377079828005,7.2,-0.131276394170478,-0.148505166692593,0.0992619228038505
set12H18__psRCH2,0.5753657889173498,0.0,0,0,0.0,0,0,0,0,0,4.67377079828005,7.2,0.144076246213544,-0.12694949139146,0.0221676452866864
set12H19__psRCH2,0.13709347973926558,0.0,0,0,0.0,0,0,0,0,0,4.67377079828005,7.2,0.715472352408964,-0.273546688630665,-4.51342595453406
set12H20__psRCH2,0.20252313045405348,0.0,0,0,0.0,0,0,0,0,0,4.67377079828005,7.2,0.675866429918926,-0.171048930702621,-3.67675307005086
set12H21__psRCH2,0.5152849636618195,0.0,0,0,0.0,0,0,0,0,0,4.67377079828005,7.2,-0.100520206314805,-0.222407553880075,-0.103088503900358
set12H22__psRCH2,0.5540636675025695,0.0,0,0,0.0,0,0,0,0,0,4.67377079828005,7.2,0.0662360199003558,-0.1151433353196,-0.0780282868069226
set12H23__psRCH2,0.581714394135131,0.0,0,0,0.0,0,0,0,0,0,4.67377079828005,7.2,0.168429714787136,-0.285918476059393,0.206719125981651
set12H24__psRCH2,0.5789723625725097,0.0,0,0,0.0,0,0,0,0,0,4.67377079828005,7.2,-0.229051514869326,0.157265672548744,0.139423214527997
set12H27__psRCH2,0.5932445622326447,0.0,0,0,0.0,0,0,0,0,0,4.67377079828005,7.2,0.162189492748201,0.0526112998893558,-0.0343193496175456
set12H28__psRCH2,0.6124477490143363,0.0,0,0,0.0,0,0,0,0,0,4.67377079828005,7.2,0.063335940649929,0.0654560052761668,0.205537516557937
set12H36__psRCH2,0.6456446329114761,0.0,0,0,0.0,0,0,0,0,0,4.67377079828005,7.2,0.455662111898297,-0.0446707149768191,0.196319493870076
set12H3__psRCH2,0.6057588232974631,0.0,0,0,0.0,0,0,0,0,0,4.67377079828005,7.2,0.152902643426957,-0.0449715250383127,0.17251806527818
set12H4__psRCH2,0.5421365285431231,0.0,0,0,0.0,0,0,0,0,0,4.67377079828005,7.2,-0.117171661863227,-0.134782081991479,0.0326602566608858
set12H5__psRCH2,0.5986615820941924,0.0,0,0,0.0,0,0,0,0,0,4.67377079828005,7.2,0.160004880238324,0.224717025369545,-0.161094525739129
set12H6__psRCH2,0.5886181202039743,0.0,0,0,0.0,0,0,0,0,0,4.67377079828005,7.2,0.0955932934817749,-0.0342981063269114,0.0824803624732164
set12H7__psRCH2,0.5265969033248424,0.0,0,0,0.0,0,0,0,0,0,4.67377079828005,7.2,0.31392245170667,-0.669973940642438,0.0169705900008263
set12H8__psRCH2,0.5865194537628238,0.0,0,0,0.0,0,0,0,0,0,4.67377079828005,7.2,0.202743117623668,-0.351226772040707,0.275649871560181
set12H9__psRCH2,0.5264235458850005,0.0,0,0,0.0,0,0,0,0,0,4.67377079828005,7.2,-0.0150571003201128,-0.566436650999435,0.241079197878149
set12IT001__Putida,0.5832793100009989,0.0,0,0,0.0,0,0,0,0,0,9.5,7.0,-0.0630869232250872,0.158542631794514,0.00611582583973469
set12IT002__Putida,0.6644476920219037,0.0,0,0,0.0,0,0,0,0,0,9.5,7.0,0.398381913567484,0.249513255286707,0.119038416078932
set12IT004__Putida,0.6920903617763464,0.0,0,0,0.0,0,0,0,0,0,9.5,7.0,0.505314985464097,0.455998364143612,0.048674976765585
set12IT007__Putida,0.6646963548410808,0.0,0,0,0.0,0,0,0,0,0,9.5,7.0,0.531490904589009,0.190458691068945,0.0471233685940948
set12IT008__Putida,0.45874431631478524,0.0,0,0,0.0,0,0,0,0,0,9.5,7.0,-0.480164947896906,-0.352896384813386,-0.0274622077714541
set12IT009__Putida,0.5177307611407438,0.0,0,0,0.0,0,0,0,0,0,9.5,7.0,-0.523531245689828,0.0674406746289007,0.0488576665718341
set12IT012__Putida,0.6761482544234599,0.0,0,0,0.0,0,0,0,0,0,9.5,7.0,0.197959841904581,0.519982362359531,0.150538981900997
set12IT014__Putida,0.6952465236345958,0.0,0,0,0.0,0,0,0,0,0,9.5,7.0,0.943332875856848,0.276676546388442,-0.181534749685905
set12IT015__Putida,0.4928460723688552,0.0,0,0,0.0,0,0,0,0,0,9.5,7.0,-0.228006874845077,-0.369926797449029,-0.000262032106649102
set12IT016__Putida,0.5224287791257065,0.0,0,0,0.0,0,0,0,0,0,9.5,7.0,0.161025361704741,-0.425065158455608,-0.107093944075412
set12IT017__Putida,0.6310914943957057,0.0,0,0,0.0,0,0,0,0,0,9.5,7.0,0.677028150141112,-0.268472073312118,0.0778395239902792
set12IT023__Putida,0.6010947930618619,0.0,0,0,0.0,0,0,0,0,0,9.5,7.0,0.0294014977239998,0.300837730238073,-0.0871697213110094
set12IT024__Putida,0.5607100268498265,0.0,0,0,0.0,0,0,0,0,0,9.5,7.0,0.232569537394292,-0.221310649254006,-0.0865257498209919
set12IT025__Putida,0.6285039395528667,0.0,0,0,0.0,10,0,0,0,0,9.5,7.0,0.205675725567015,0.220739611221657,0.0386954926024292
set12IT026__Putida,0.49913402637785975,0.0,0,0,0.0,0,0,0,0,0,9.5,7.0,-0.0422066868711619,-0.462219890671537,-0.0455275749778146
set12IT027__Putida,0.36689357759029295,10.0,0,0,0.0,0,0,0,0,0,9.5,7.0,-1.53649004068748,0.103396540947088,-0.156541200892152
set12IT028__Putida,0.5127276912286399,0.0,0,0,0.0,0,0,0,0,0,9.5,7.0,-0.398804040041422,-0.200836396904709,0.153990699843232
set12IT029__Putida,0.5139034993126027,0.0,0,0,0.0,0,0,0,0,0,9.5,7.0,-0.0343854033852082,-0.4897600949696,0.0875223366896924
set12IT031__Putida,0.5884985758271541,0.0,0,0,0.0,0,0,0,0,0,9.5,7.0,-0.0125721342164873,0.0415173192552913,0.11388358336221
set12IT032__Putida,0.5767658050195863,0.0,0,0,0.0,0,0,0,0,0,9.5,7.0,0.358038476761408,-0.366568879210565,0.0588194438254837
set12IT034__Putida,0.6203336832507832,0.0,0,0,0.0,0,0,0,0,0,9.5,7.0,0.397408999362815,0.0947932492647454,-0.0939084472543463
set12IT037__Putida,0.5923232982913901,0.0,0,0,0.0,0,0,0,0,0,9.5,7.0,0.187605870386912,0.132371453126862,-0.146815376040573
set12IT038__Putida,0.592977339445488,0.0,0,0,0.0,0,0,0,0,0,9.5,7.0,0.339787598288198,-0.301385816866502,0.139956026865468
set12IT039__Putida,0.6064745761275707,0.0,0,0,0.0,0,0,0,0,0,9.5,7.0,0.490719888957255,-0.26314525302433,0.0586244122374944
set12IT042__Putida,0.5995609971609099,0.0,0,0,0.0,0,0,0,0,0,9.5,7.0,0.132258764819047,0.0988823132323615,-0.000331667880879127
set12IT044__Putida,0.5232307939031031,0.0,0,0,0.0,0,0,0,0,0,9.5,7.0,-0.687478951945359,0.369496995828326,-0.0469863020736256
set12IT046__Putida,0.6350339361407819,0.0,0,0,0.0,0,0,0,0,0,9.5,7.0,0.329196485737797,0.245058763931047,-0.0553098635767775
set12IT053__Putida,0.5479229006632552,0.0,0,0,0.0,0,0,0,0,0,9.5,7.0,-0.155025413696563,0.0478342055920979,-0.0673488358310217
set12IT054__Putida,0.5821370868582925,0.0,0,0,0.0,0,0,0,0,0,9.5,7.0,0.23083165039767,-0.194910805685916,0.0566416509906964
set12IT055__Putida,0.5540791927483184,0.0,0,0,0.0,10,0,0,0,0,9.5,7.0,-0.034444486177855,-0.0475055115245531,-0.044865093801028
set12IT056__Putida,0.5445329335904678,0.0,0,0,0.0,0,0,0,0,0,9.5,7.0,-0.229955874989949,-0.133552267218489,0.162737764806232
set12IT057__Putida,0.2275044139691216,10.0,0,0,0.0,0,0,0,0,0,9.5,7.0,-2.57347318247267,-0.290651964601898,-0.0236937802645323
set12IT058__Putida,0.516150548481679,0.0,0,0,0.0,0,0,0,0,0,9.5,7.0,-0.523461312239216,0.0586773082804672,0.0454146127330688
set12IT059__Putida,0.6678048973737946,0.0,0,0,0.0,0,0,0,0,0,9.5,7.0,0.41635420509323,0.390364884585805,-0.0108347347287134
set13H25__psRCH2,0.6001576443655143,0.0,0,0,0.0,0,0,0,0,0,5.0,7.2,0.00565041309838976,0.186546349299896,0.0433799624418083
set13H26__psRCH2,0.5355435268472175,0.0,0,0,0.0,0,0,0,0,0,5.0,7.2,0.115334969093061,-0.00697235836428423,-0.378541883112877
set13H31__psRCH2,0.5949967447294243,0.0,0,0,0.0,0,0,0,0,5,0.0,7.2,-0.0120272476553526,0.123890499685802,0.0825538183899787
set13H32__psRCH2,0.5814119599538817,0.0,0,0,0.0,0,0,0,0,5,0.0,7.2,0.303933291986387,-0.358093338034993,0.141006871250447
set13IT004__pseudo5_N2C3_1,0.3667973244440774,0.0,0,0,0.0,0,0,0,0,0,4.67377079828005,7.0,-2.01812947179311,0.395045516663806,0.0326544865769067
set13IT005__pseudo5_N2C3_1,0.4223657175348415,0.0,0,0,0.0,0,0,0,0,0,4.67377079828005,7.0,-1.56323785969531,0.242460234380831,0.177041659128997
set13IT006__pseudo5_N2C3_1,0.43938770777293,0.0,0,0,0.0,0,0,0,0,0,4.67377079828005,7.0,-1.2094707326628,0.086806590080003,0.112070251934107
set13IT007__pseudo5_N2C3_1,0.31584491984308743,0.0,0,0,0.0,0,0,0,0,0,4.67377079828005,7.0,-2.0066535740924,-0.0250150312574633,0.00597527103634321
set13IT008__pseudo5_N2C3_1,0.40673795946645985,0.0,0,0,0.0,0,0,0,0,0,4.67377079828005,7.0,-1.56817396189638,0.273584243823297,0.0273476379816953
set13IT009__pseudo5_N2C3_1,0.48325348657331574,0.0,0,0,0.0,0,0,0,0,0,4.67377079828005,7.0,-0.739805240558678,0.15766076795781,-0.0896847342863396
set13IT012__pseudo5_N2C3_1,0.27991342775531564,0.0,0,0,0.0,0,0,0,0,0,4.67377079828005,7.0,-2.45315823351865,0.033262789236628,0.0644101072627117
set13IT013__pseudo5_N2C3_1,0.3785367767481481,0.0,0,0,0.0,0,0,0,0,0,4.67377079828005,7.0,-1.6310102917243,0.0577971972891183,0.0790942636352079
set13IT014__pseudo5_N2C3_1,0.37941905639935997,0.0,0,0,0.0,0,0,0,0,0,4.67377079828005,7.0,-1.81465193039192,0.259510259617727,0.0682124233898316
set13IT015__pseudo5_N2C3_1,0.4338527310806287,0.0,0,0,0.0,0,0,0,0,0,4.67377079828005,7.0,-1.70016584416313,0.489129103397797,0.157287587793924
set13IT016__pseudo5_N2C3_1,0.46512645273753317,0.0,0,0,0.0,0,0,0,0,0,4.67377079828005,7.0,-0.970385341336797,0.283151110948926,-0.124042880237722
set13IT017__pseudo5_N2C3_1,0.5310370568896571,0.0,0,0,0.0,0,0,0,0,0,4.67377079828005,7.0,-0.483459190463565,0.166620858881948,0.0119336609137504
set15IT054__Putida,0.5280087761884099,0.0,0,0,0.0,0,0,0,0,0,9.5,7.0,-0.356255678542938,-0.0623823591281296,0.0904206706091697
set15IT055__Putida,0.5151016918623139,0.0,0,0,0.0,0,0,0,0,0,9.5,7.0,-0.0929904363674183,-0.396566108715312,0.062133018557873
set15IT056__Putida,0.48091845803510297,0.0,0,0,0.0,0,0,0,0,0,9.5,7.0,0.0241662040362116,-0.424483573723724,-0.28944798115478
set15IT057__Putida,0.5397218315258439,0.0,0,0,0.0,0,0,0,0,0,9.5,7.0,0.0249718541777435,-0.154119023182436,-0.108795581570624
set15IT058__Putida,0.46983173108887705,0.0,0,0,0.0,0,0,0,0,0,9.5,7.0,-0.357705677348697,-0.36265511591514,-0.0546663182484801
set15IT059__Putida,0.5083836500759019,0.0,0,0,0.0,0,0,0,0,0,9.5,7.0,-0.330841807927704,-0.0670993530248298,-0.081048801102676
set15IT060__Putida,0.5961803721441059,0.0,0,0,0.0,0,0,0,0,0,9.5,7.0,-0.171080392070475,0.0961682107715953,0.278753869367262
set15IT061__Putida,0.5024374652616931,0.0,0,0,0.0,0,0,0,0,0,9.5,7.0,-0.430297235386921,-0.091700468807381,-0.00261408094548266
set15IT062__Putida,0.6012105899138672,0.0,0,0,0.0,0,0,0,0,0,9.5,7.0,-0.107481628776746,0.278435054026352,0.0730423214525875
set15IT063__Putida,0.4767982284665094,0.0,0,0,0.0,0,0,0,0,0,9.5,7.0,-0.546974546829781,-0.18399153779845,0.00953574718762784
set15IT064__Putida,0.5425173303459266,0.0,0,0,0.0,0,0,0,0,0,9.5,7.0,-0.0248337894520594,-0.083961379078342,-0.107555925176729
set15IT065__Putida,0.691259849493206,0.0,0,0,0.0,0,0,0,0,0,9.5,7.0,1.05537990823332,-0.086965283287415,0.0341048506331219
set15IT066__Putida,0.5052724857285659,0.0,0,0,0.0,0,0,0,0,0,9.5,7.0,-0.337635191311217,-0.104234373760925,-0.0609921113156433
set15IT067__Putida,0.4394090326543344,0.0,0,0,0.0,0,0,0,0,0,9.5,7.0,-0.515954129446571,-0.42358708623946,-0.0708866428518373
set15IT068__Putida,0.4632757649949335,0.0,0,0,0.0,0,0,0,0,0,9.5,7.0,-0.239735679452412,-0.653060911654568,0.0672488245421847
set15IT069__Putida,0.3953441285841015,0.0,0,0,0.0,0,0,0,0,0,9.5,7.0,-1.08512293310724,-0.144625699532784,-0.128469040832996
set15IT070__Putida,0.600293319027517,0.0,0,0,0.0,0,0,0,0,0,9.5,7.0,0.162501126135582,0.150550476251396,-0.0763904826217521
set15IT071__Putida,0.36828846869624055,0.0,0,0,0.0,0,0,0,0,0,9.5,7.0,-1.24647140150864,-0.199425852140312,-0.132229548058391
set15IT072__Putida,0.5117507484350274,0.0,0,0,0.0,0,0,0,0,0,9.5,7.0,-0.28411420399078,-0.0441036831380059,-0.124930927279323
set15IT073__Putida,0.537202022126109,0.0,0,0,0.0,0,0,0,0,0,9.5,7.0,-0.053051393992805,-0.0157642090898384,-0.188572882675551
set15IT074__Putida,0.44248009329357746,0.0,0,0,0.0,0,0,0,0,0,9.5,7.0,-0.262494158246924,-0.816545287285344,0.0925045081390021
set15IT075__Putida,0.5128740377107603,0.0,0,0,0.0,0,0,0,0,0,9.5,7.0,-0.0497568049667489,-0.408887981196452,0.0141184771928047
set15IT076__Putida,0.49740841576552586,0.0,0,0,0.0,0,0,0,0,0,9.5,7.0,-0.230947111818976,-0.0884772090208805,-0.243767962840841
set15IT077__Putida,0.49879868373606756,0.0,0,0,0.0,0,0,0,0,0,9.5,7.0,-0.0159125985167734,-0.333150582682117,-0.203463551430465
set15IT078__Putida,0.5481486587378741,0.0,0,0,0.0,0,0,0,0,0,9.5,7.0,-0.0984839713846375,0.0137347962811312,-0.0880428399900832
set15IT079__Putida,0.43419456842644544,0.0,0,0,0.0,0,0,0,0,0,9.5,7.0,-0.406772059270847,-0.341141486472772,-0.303166745279793
set15IT080__Putida,0.4623036862251269,0.0,0,0,0.0,0,0,0,0,0,9.5,7.0,-0.920407101393979,0.158757126830175,-0.0713965932397667
set15IT081__Putida,0.47640149665245174,0.0,0,0,0.0,0,0,0,0,0,9.5,7.0,-0.321072698504213,-0.350515179526377,-0.0528926541540231
set15IT087__pseudo3_N2E3,0.5397432007915222,0.0,0,0,0.0,0,0,0,0,0,4.67377079828005,7.0,-0.179704300451987,0.430450702142281,-0.488524176944109
set15IT088__pseudo3_N2E3,0.473085116395091,0.0,0,0,0.0,0,0,0,0,0,4.67377079828005,7.0,-0.0885307236782737,0.0751658848973795,-0.736622362637848
set15IT089__pseudo3_N2E3,0.5371438952213121,0.0,0,0,0.0,0,0,0,0,0,4.67377079828005,7.0,0.30342676914971,0.0909881156110646,-0.652251767410519
set15IT090__pseudo3_N2E3,0.5103544867305265,0.0,0,0,0.0,0,0,0,0,0,4.67377079828005,7.0,0.106051847909849,0.287410235608266,-0.857327512944269
set15IT091__pseudo3_N2E3,0.40995116398132564,10.0,0,0,0.0,0,0,0,0,0,4.67377079828005,7.0,-1.27157539837516,0.665215525237978,-0.635375008813196
set15IT092__pseudo3_N2E3,0.5139089109777247,0.0,0,0,0.0,0,0,0,0,0,4.67377079828005,7.0,-0.310991218544673,0.478606183858801,-0.604196579446587
set15IT093__pseudo3_N2E3,0.5029283091812664,0.0,0,0,0.0,0,0,0,0,0,4.67377079828005,7.0,-0.000638242617641005,0.044115279774424,-0.56432322209784
set15IT094__pseudo3_N2E3,0.6435530985212402,0.0,0,0,0.0,0,0,0,0,0,4.67377079828005,7.0,0.478084826202203,0.546047411144083,-0.434330932210736
set15IT095__pseudo3_N2E3,0.5252862840859368,0.0,0,0,0.0,0,0,0,0,0,4.67377079828005,7.0,0.43218517561506,0.419640008127039,-1.2009875949462
set15IT096__pseudo3_N2E3,0.42428430501698783,10.0,0,0,0.0,0,0,0,0,0,4.67377079828005,7.0,-1.03922201590688,0.356644294567927,-0.446085393264135
set16IT004__Putida,0.5066350425303321,0.0,0,0,0.0,0,0,0,0,0,9.5,7.0,-0.398220828190389,0.0676717937124396,-0.161858347621253
set16IT005__Putida,0.4761680383948352,0.0,0,0,0.0,0,0,0,0,0,9.5,7.0,-0.498049725023225,-0.142895139813997,-0.0853306721394778
set16IT006__Putida,0.5367783859916406,0.0,0,0,0.0,0,0,0,0,0,9.5,7.0,0.00384955687276589,-0.0125527783484414,-0.251953058823323
set16IT007__Putida,0.5625110086551814,0.0,0,0,0.0,0,0,0,0,0,9.5,7.0,0.143290634970647,0.086741727240319,-0.29127002942727
set16IT008__Putida,0.5026932655221499,0.0,0,0,0.0,0,0,0,0,0,9.5,7.0,-0.175791441134183,-0.0559736343502488,-0.290884295453338
set16IT009__Putida,0.4134964085540409,0.0,0,0,0.0,0,0,0,0,0,9.5,7.0,-0.461215793645398,-0.260821080099976,-0.491625621583704
set16IT010__Putida,0.23485174544896265,0.0,0,0,0.0,0,0,0,0,0,9.5,7.0,-1.78590561500095,-0.80589270055894,-0.21673317828394
set16IT011__Putida,0.13332704665855014,0.0,0,0,0.0,0,0,0,0,0,9.5,7.0,-3.59086638350778,0.145362310501608,-0.687776901977726
set16IT012__Putida,0.4985947612010061,0.0,0,0,0.0,0,0,0,0,0,9.5,7.0,-0.206226374093328,-0.209389928139551,-0.138474825441787
set16IT013__Putida,0.5579169608692655,0.0,0,0,0.0,0,0,0,0,0,9.5,7.0,-0.0799223374671156,-0.0141685000062455,-0.00290882097083855
set16IT014__Putida,0.5560824090711688,0.0,0,0,0.0,0,0,0,0,0,9.5,7.0,-0.123285087616792,0.098893172841668,-0.0868667668763754
set16IT015__Putida,0.5641409557359672,0.0,0,0,0.0,0,0,0,0,0,9.5,7.0,0.169196749715292,-0.0698863258958922,-0.147840154170523
set16IT016__Putida,0.5879978804575817,0.0,0,0,0.0,0,0,0,0,0,9.5,7.0,0.182884498930318,-0.053605014488517,0.00958471683517548
set16IT017__Putida,0.5868257577818213,0.0,0,0,0.0,0,0,0,0,0,9.5,7.0,-0.0387079000351931,0.0681652885400243,0.100131424514153
set16IT018__Putida,0.5291626795377747,0.0,0,0,0.0,0,0,0,0,0,9.5,7.0,0.398152957921536,-0.598640685194723,-0.118848479000317
set16IT019__Putida,0.4656863246199092,0.0,0,0,0.0,0,0,0,0,0,9.5,7.0,-0.347852181673276,-0.168956952501341,-0.290152280293889
set16IT020__Putida,0.45105344008689646,0.0,0,0,0.0,0,0,0,0,0,9.5,7.0,-0.71021482002202,-0.217536964872201,0.00774275221097676
set16IT021__Putida,0.4655715979435634,0.0,0,0,0.0,0,0,0,0,0,9.5,7.0,-0.53818760713784,-0.064808795229613,-0.204849312414606
set16IT022__Putida,0.5565126802732556,0.0,0,0,0.0,0,0,0,0,0,9.5,7.0,-0.0485616279060417,-0.0327376079964501,-0.0266162516183819
set16IT023__Putida,0.5005635862781305,0.0,0,0,0.0,0,0,0,0,0,9.5,7.0,-0.132896201019383,-0.337174720701937,-0.0689164049559174
set16IT069__psRCH2,0.4179971112597204,0.0,0,0,0.0,0,0,0,0,0,0.0,7.0,-0.563223968619717,-0.43689983944643,-0.178002407762263
set16IT070__psRCH2,0.5249593565932783,0.0,0,0,0.0,0,0,0,0,0,0.0,7.0,-0.179884035160081,-0.0253196009180703,-0.14647313553612
set16IT071__psRCH2,0.5838848607461926,0.0,0,0,0.0,0,0,0,0,0,0.0,7.0,0.0903582808015747,-0.117235566898332,0.133227825778314
set17IT010__psRCH2,0.5189397824406161,0.0,0,0,0.0,0,0,0,0,0,0.0,7.0,-0.512354555487214,-0.0206560741880968,0.135065182273634
set17IT011__psRCH2,0.5597981216485246,0.0,0,0,0.0,0,0,0,0,0,0.0,7.0,-0.0988627595980351,0.114949836849698,-0.0984526783893593
set17IT012__psRCH2,0.5887954350246255,0.0,0,0,0.0,0,0,0,0,0,0.0,7.0,0.259650664852906,-0.386115584277351,0.271644939858332
set17IT015__WCS417,0.5563056009696452,0.0,0,0,0.0,0,0,0,0,0,4.67377079828005,7.0,-0.143781870958761,0.111138508204872,-0.0768812065585565
set17IT016__WCS417,0.6271557795837097,0.0,0,0,0.0,0,0,0,0,0,4.67377079828005,7.0,0.0297931471764539,0.258199066756308,0.166052974954285
set17IT017__WCS417,0.5272951426729507,0.0,0,0,0.0,0,0,0,0,0,4.67377079828005,7.0,0.0387103536800288,-0.264971695643587,-0.107447435501905
set17IT018__WCS417,0.6187737771038829,0.0,0,0,0.0,0,0,0,0,0,4.67377079828005,7.0,0.122373959824176,-0.0290833858249084,0.292310794079371
set17IT019__WCS417,0.6196241265874478,0.0,0,0,0.0,0,0,0,0,0,4.67377079828005,7.0,0.198129959710537,-0.0391849371680633,0.233572863428736
set17IT020__WCS417,0.6706209789969181,0.0,0,0,0.0,0,0,0,0,0,4.67377079828005,7.0,0.298414316373139,0.36972335352003,0.152144595058266
set17IT021__WCS417,0.6244922548204731,0.0,0,0,0.0,0,0,0,0,0,4.67377079828005,7.0,0.470746552472262,-0.0694473602467403,0.0309313461244931
set17IT022__WCS417,0.5012434556340927,0.0,0,0,0.0,0,0,0,0,0,4.67377079828005,7.0,-0.828034326749795,0.173538954895678,0.120723656328548
set17IT023__WCS417,0.5473930015113991,0.0,0,0,0.0,0,0,0,0,0,4.67377079828005,7.0,-0.381274185101607,0.211262181584612,-0.00863041366366502
set17IT024__WCS417,0.5670628149651782,0.0,0,0,0.0,0,0,0,0,0,4.67377079828005,7.0,-0.135619739643953,0.0325589842315539,0.0773386528232605
set17IT024__psRCH2,0.6065241467442284,0.0,0,0,0.0,0,0,0,0,0,0.0,7.0,-0.033438846462241,0.506504664342647,-0.186468417899858
set17IT025__WCS417,0.6882218757147484,0.0,0,0,0.0,0,0,0,0,0,4.67377079828005,7.0,0.550064405794754,0.14244676560018,0.282781644807125
set17IT026__WCS417,0.5998053981805879,0.0,0,0,0.0,0,0,0,0,0,4.67377079828005,7.0,0.0203360538703878,0.0984204839171514,0.11400539281304
set17IT026__psRCH2,0.5119328328675472,0.0,0,0,80.0,0,0,0,0,0,0.0,7.0,-0.403497191395398,0.123931544782948,-0.172185529651594
set17IT027__WCS417,0.6618640646454892,0.0,0,0,0.0,0,0,0,0,0,4.67377079828005,7.0,0.417994939231939,0.226584951933599,0.100171467004373
set17IT028__WCS417,0.5591685068509155,0.0,0,0,0.0,0,0,0,0,0,4.67377079828005,7.0,-0.226057185658014,-0.124477615517489,0.263269790441949
set17IT028__psRCH2,0.4523159338734239,0.0,0,0,0.0,0,0,0,0,0,0.0,7.0,-0.660464964153678,-0.418495139995687,0.168727540101514
set17IT041__psRCH2,0.6151403327393055,0.0,0,0,0.0,0,0,0,0,0,0.0,7.0,0.0393723029818869,0.170869262886959,0.145872376189579
set17IT042__psRCH2,0.5642270386485565,0.0,0,0,0.0,0,0,0,0,0,0.0,7.0,-0.0537257988797091,0.120875328812518,-0.115007813992048
set17IT043__psRCH2,0.6657540399582998,0.0,0,0,0.0,0,0,0,0,0,0.0,7.0,0.193406747453952,0.626859093848848,-0.0420842384101836
set17IT061__psRCH2,0.48905367161744334,0.0,0,0,80.0,0,0,0,0,0,0.0,7.0,-0.336198759971738,-0.21558805541789,-0.0755118293954649
set17IT062__psRCH2,0.46554945520790425,0.0,0,0,0.0,0,0,0,0,0,0.0,7.0,-0.536554948363502,-0.386098578022274,0.114637134659086
set17IT063__psRCH2,0.4659564521208871,0.0,0,0,0.0,0,0,0,0,0,0.0,7.0,-0.337959474290143,-0.40952480758701,-0.0573951305377016
set19IT025__psRCH2,0.29750508098899436,20.0,0,0,0.0,0,0,0,0,0,4.67377079828005,0.0,-2.40888864280744,0.443368542707382,-0.225634401837426
set19IT026__psRCH2,0.30973143650668816,20.0,0,0,0.0,0,0,0,0,0,4.67377079828005,0.0,-2.48288755505316,0.442403521301647,-0.0397570001537726
set19IT029__psRCH2,0.332219671523826,20.0,0,0,0.0,0,0,0,0,0,4.67377079828005,0.0,-1.6019326610893,-0.402540223977332,0.122179208644623
set19IT030__psRCH2,0.5227894051832483,20.0,0,0,0.0,0,0,0,0,0,4.67377079828005,0.0,-1.19875813143602,0.80852631763337,0.0218702712001855
set19IT031__psRCH2,0.27965801576428617,20.0,0,0,0.0,0,0,0,0,0,4.67377079828005,0.0,-2.51612480045893,0.146417214237321,0.0117913200968069
set19IT032__psRCH2,0.3660212792270043,20.0,0,0,0.0,0,0,0,0,0,4.67377079828005,0.0,-2.48715283852725,0.588159027023096,0.30215327871034
set1H13__psRCH2,0.667067421492766,0.0,0,0,0.0,0,0,0,0,0,4.67377079828005,7.2,0.168463774849172,0.60874909009905,0.0122994064936148
set1H22__Kang,0.5636527971672545,0.0,0,0,0.0,0,0,0,500,0,0.0,7.6,-0.017445598563385,,
set1H25__psRCH2,0.5836183283188451,0.0,0,0,0.0,0,0,0,0,0,4.67377079828005,7.2,-0.200993069064488,0.619055233351833,-0.313815343298656
set1H35__Marino,0.6644645200066341,0.0,0,0,0.0,0,0,0,0,1,0.0,0.0,0.409049005585283,,0.102336554628137
set1H6__Marino,0.6176369419188188,0.0,4,0,0.0,0,0,0,0,0,0.0,0.0,0.2153951034881,,0.0355141565152093
set1H7__Kang,0.5212779902785765,0.0,0,0,0.0,0,0,0,0,0,0.0,7.6,-0.126659625573913,,
set1H8__Kang,0.6522285934653518,0.0,0,0,0.0,0,0,0,0,0,0.0,7.6,0.220912879657451,,
set1IT001__pseudo5_N2C3_1,0.3694719999180293,20.0,0,0,0.0,0,0,0,0,0,4.67377079828005,7.2,-1.21282924250272,-0.52352584004332,0.167978201837877
set1IT001__pseudo6_N2E2,0.30306113773228344,20.0,0,0,0.0,0,0,0,0,0,4.67377079828005,7.0,-1.76966907827801,-0.229179387682049,-0.141590499001805
set1IT002__Lysobacter_OAE881,0.5888772747268711,0.0,0,0,0.0,0,0,0,0,0,4.67377079828005,0.0,0.279144256047435,,-0.181925378784155
set1IT002__pseudo13_GW456_L13,0.7116389582174372,0.0,0,0,0.0,0,0,0,0,0,4.67377079828005,7.0,1.15976272847293,-0.0942525254216497,0.123697368738707
set1IT002__pseudo5_N2C3_1,0.4190218042299133,0.0,0,0,0.0,0,0,0,0,0,4.67377079828005,7.2,-0.950296216721423,-0.345330037200288,0.125575442118187
set1IT003__Keio,0.2891709991709631,20.0,0,0,0.0,0,0,0,0,0,18.6950831931202,7.0,0.0640096630938254,0.872773913424749,-3.20504938205636
set1IT003__Lysobacter_OAE881,0.503153980255997,0.0,0,0,0.0,0,0,0,0,0,4.67377079828005,0.0,-0.211722979914007,,-0.134353615638588
set1IT004__Keio,0.22310867791587452,20.0,0,0,0.0,0,0,0,0,0,18.6950831931202,7.0,0.0372962809711044,0.558936905018616,-3.53235322299249
set1IT004__WCS417,0.5806747160229182,0.0,0,0,0.0,0,0,0,0,0,0.0,7.0,0.493590593492897,-0.513564177049164,0.101012070086795
set1IT004__pseudo13_GW456_L13,0.47359938228474724,0.0,0,0,0.0,0,0,20,0,0,4.67377079828005,7.0,-0.593285900688748,-0.0962069272972403,-0.056537954510206
set1IT004__pseudo5_N2C3_1,0.5591407093957433,0.0,0,0,0.0,0,0,20,0,0,4.67377079828005,7.2,-0.0906198647022616,-0.198588526913043,0.201727106496045
set1IT004__pseudo6_N2E2,0.5983210387819597,0.0,0,0,0.0,0,0,20,0,0,4.67377079828005,7.0,-0.069739043947286,0.183994717133218,0.106653779354667
set1IT005__Keio,0.2023362618927411,0.0,0,0,0.0,0,0,0,0,0,18.6950831931202,7.0,0.0904041004202969,0.48293141494106,-3.74749087333417
set1IT005__pseudo13_GW456_L13,0.514387928179383,0.0,0,0,0.0,0,0,0,0,0,4.67377079828005,7.0,-0.977222015204581,0.543241028196746,0.00107708117711036
set1IT005__pseudo1_N1B4,0.4374962755849351,20.0,0,0,0.0,0,0,0,0,0,4.67377079828005,7.0,-0.837788320351552,-0.293028436776772,0.105489471589587
set1IT005__pseudo5_N2C3_1,0.7814319120788448,0.0,0,0,0.0,0,20,0,0,0,4.67377079828005,7.2,1.7088028252654,0.170722972445851,0.0205830192999463
set1IT005__pseudo6_N2E2,0.6768198445615105,0.0,0,0,0.0,0,20,0,0,0,4.67377079828005,7.0,0.593480482017239,0.169911872641051,0.110974142687034
set1IT006__Keio,0.1555385946526482,0.0,0,0,0.0,0,0,0,0,0,18.6950831931202,7.0,0.268582476336685,0.0065183385244918,-4.06306724177343
set1IT006__Lysobacter_OAE881,0.6269048808717891,0.0,0,0,0.0,0,0,0,0,0,4.67377079828005,0.0,0.450407423512006,,-0.149082344325489
set1IT006__pseudo13_GW456_L13,0.5645382017089725,0.0,0,0,0.0,0,0,0,0,0,4.67377079828005,7.0,-0.264808757613116,-0.00236415887218966,0.221741954928127
set1IT006__pseudo1_N1B4,0.6434728946180571,0.0,0,0,0.0,0,0,0,0,0,4.67377079828005,7.0,0.47766401116595,-0.133910966012012,0.245377738425707
set1IT006__pseudo5_N2C3_1,0.5285293230917705,0.0,0,0,0.0,0,0,0,0,0,4.67377079828005,7.2,-0.754476409278948,0.135723526872155,0.29454167848982
set1IT006__pseudo6_N2E2,0.7971022410233451,0.0,0,0,0.0,0,0,0,0,0,4.67377079828005,7.0,2.25520819584231,0.0223400763965635,-0.196679987527034
set1IT007__pseudo13_GW456_L13,0.1279328565418386,0.0,0,0,0.0,0,0,0,0,0,4.67377079828005,7.0,-4.31259625590683,-0.0104889928015384,0.0986974481871425
set1IT007__pseudo5_N2C3_1,0.5556194094695242,0.0,0,0,0.0,0,0,0,0,0,4.67377079828005,7.2,-0.102467301492092,-0.0944159738119166,0.0820278307105586
set1IT007__pseudo6_N2E2,0.6691347423296609,0.0,0,0,0.0,0,0,0,0,0,4.67377079828005,7.0,0.335765405044798,0.0386787375921376,0.43294860931947
set1IT008__pseudo1_N1B4,0.5552673860923241,0.0,0,0,0.0,0,0,20,0,0,4.67377079828005,7.0,-0.407386097514633,0.102900367366377,0.186896131927564
set1IT008__pseudo5_N2C3_1,0.5690071048333394,0.0,0,0,0.0,0,0,0,0,0,4.67377079828005,7.2,-0.109303984475062,-0.0972754384694432,0.196054262493532
set1IT008__pseudo6_N2E2,0.37524572786779414,0.0,0,0,0.0,0,0,0,0,0,4.67377079828005,7.0,-1.78458780796954,0.177890560709147,0.0857017879019377
set1IT009__Keio,0.118800549695785,0.0,0,0,0.0,0,0,0,0,0,18.6950831931202,7.0,-0.469649103838836,-0.261364888090151,-3.65538957661089
set1IT009__Lysobacter_OAE881,0.5631799949838515,0.0,0,0,0.0,0,0,0,0,0,4.67377079828005,0.0,-0.14128092099901,,0.10393213286654
set1IT009__pseudo13_GW456_L13,0.5084976540524856,0.0,0,0,0.0,0,0,0,0,0,4.67377079828005,7.0,-0.546890385156265,0.418326006620895,-0.349550756802381
set1IT009__pseudo1_N1B4,0.38250080911661855,0.0,0,0,0.0,0,0,0,0,0,4.67377079828005,7.0,-1.28869919867435,-0.315478013340325,0.142310199566085
set1IT009__pseudo6_N2E2,0.5897012680334535,0.0,0,0,0.0,0,0,0,0,0,4.67377079828005,7.0,-0.0207586285091461,0.222595255200119,-0.0494788475879067
set1IT010__Keio,0.11215612104967128,0.0,0,0,0.0,0,0,0,0,0,18.6950831931202,7.0,-0.457719693986064,-0.440976105883601,-3.61249586824972
set1IT010__Lysobacter_OAE881,0.19232228210442615,0.0,0,0,0.0,0,0,0,0,0,4.67377079828005,0.0,-0.204385860675761,,-1.99256784095207
set1IT010__pseudo1_N1B4,0.5547508108051881,0.0,0,0,0.0,0,0,0,0,0,4.67377079828005,7.0,-0.684662630389062,0.226293096176014,0.336768492349706
set1IT010__pseudo6_N2E2,0.6743588232675671,0.0,0,0,0.0,0,0,0,0,0,4.67377079828005,7.0,0.509153973151289,0.366988928439426,-0.0233120196969394
set1IT011__Keio,0.07423746322147642,0.0,0,0,0.0,0,20,0,0,0,18.6950831931202,7.0,-0.720535868320262,-0.274506369354801,-4.38771360290092
set1IT011__Lysobacter_OAE881,0.10559301218067613,0.0,0,0,0.0,0,0,0,0,0,4.67377079828005,0.0,0.191404214423116,,-3.28537980416801
set1IT011__pseudo13_GW456_L13,0.6629080462093135,0.0,0,0,0.0,0,0,0,0,0,4.67377079828005,7.0,0.353154465045847,0.604274106680078,-0.203723982467581
set1IT011__pseudo1_N1B4,0.5818237614429635,0.0,0,0,0.0,0,0,0,0,0,4.67377079828005,7.0,-0.0281429615509694,0.039417245365881,0.0788181439087419
set1IT011__pseudo6_N2E2,0.663511259790486,0.0,0,0,0.0,0,0,0,0,0,4.67377079828005,7.0,0.482625837677784,0.301938966252697,-0.0256808202311085
set1IT012__Keio,0.07996021017301475,0.0,0,0,0.0,0,20,0,0,0,18.6950831931202,7.0,-1.01411129289727,-0.358614965452538,-3.8557160438522
set1IT012__pseudo13_GW456_L13,0.536580305396578,0.0,0,0,0.0,0,0,0,0,0,4.67377079828005,7.0,-0.406462000190741,0.0794457719645745,0.0648321579463444
set1IT012__pseudo1_N1B4,0.4619479508934357,0.0,0,0,0.0,0,0,0,0,0,4.67377079828005,7.0,-0.804110039062049,-0.00916184960401001,-0.0225194389840231
set1IT012__pseudo5_N2C3_1,0.26479361204127566,0.0,0,0,0.0,0,0,0,0,0,4.67377079828005,7.2,-2.51141478292638,-0.0447258574053937,0.054303936837834
set1IT012__pseudo6_N2E2,0.5977287978948779,0.0,0,0,0.0,0,0,0,0,0,4.67377079828005,7.0,0.0893730893139215,0.14355099300443,-0.0167395915369295
set1IT013__Keio,0.11983914739486931,0.0,0,0,0.0,0,0,0,0,0,18.6950831931202,7.0,-0.125427653105072,-0.0725293758917915,-4.16949095692172
set1IT013__pseudo1_N1B4,0.5218806713371094,0.0,0,0,0.0,0,0,0,0,0,4.67377079828005,7.0,-0.5107560309213,-0.0038299775041728,0.139239206364465
set1IT013__pseudo5_N2C3_1,0.5212465246614032,0.0,0,0,0.0,0,0,0,0,0,4.67377079828005,7.2,-0.115905352677154,-0.17758246405969,-0.0867328846354827
set1IT013__pseudo6_N2E2,0.6629659311851048,0.0,0,0,0.0,0,0,0,0,0,4.67377079828005,7.0,0.134725294323652,0.33911101339801,0.280365103482587
set1IT014__Keio,0.11174165949039967,0.0,0,0,0.0,0,0,0,0,0,18.6950831931202,7.0,-0.0164327835763525,0.0557369623625072,-4.55849133914648
set1IT014__Lysobacter_OAE881,0.5685709164252307,0.0,0,0,0.0,0,0,0,0,0,4.67377079828005,0.0,0.10186285554645,,-0.111153470406146
set1IT014__pseudo13_GW456_L13,0.3701872288665381,0.0,0,0,0.0,0,0,0,0,0,4.67377079828005,7.0,-1.52970300626067,-0.0917352120253391,0.0589471141806122
set1IT014__pseudo1_N1B4,0.5066347508052274,0.0,0,0,0.0,0,0,0,0,0,4.67377079828005,7.0,-0.0321374384287898,-0.444850642189692,-0.015421539833518
set1IT014__pseudo5_N2C3_1,0.514559396345721,0.0,0,0,0.0,0,0,0,0,0,4.67377079828005,7.2,-0.173976071755434,-0.257669072268216,5.77532487793242e-05
set1IT014__pseudo6_N2E2,0.1390437956103199,0.0,0,0,0.0,0,0,0,0,0,4.67377079828005,7.0,-1.71090967251931,0.136874289988474,-2.46603365160573
set1IT015__Keio,0.12884631554651704,0.0,0,0,0.0,0,0,0,0,0,18.6950831931202,7.0,-0.893515589806425,-0.383551386995093,-2.93166569234594
set1IT015__pseudo13_GW456_L13,0.5048018473593889,0.0,0,0,0.0,0,0,0,0,0,4.67377079828005,7.0,0.198519953275681,-0.0657210061094502,-0.639271475619569
set1IT016__Keio,0.10177863835668044,0.0,0,0,0.0,0,0,0,0,0,18.6950831931202,7.0,-1.45411222209637,-0.450175801923999,-2.81539912224444
set1IT016__Lysobacter_OAE881,0.1134727453251652,0.0,0,0,0.0,0,0,0,0,0,4.67377079828005,0.0,-0.122886592383743,,-2.86775497984008
set1IT016__pseudo13_GW456_L13,0.5764166091918407,0.0,0,0,0.0,0,0,0,0,0,4.67377079828005,7.0,-0.30596515937719,0.331814262929508,0.0216967253921043
set1IT016__pseudo1_N1B4,0.6535994290692863,0.0,0,0,0.0,0,0,0,0,0,4.67377079828005,7.0,0.198657227154723,0.146540034120835,0.329142793463693
set1IT016__pseudo5_N2C3_1,0.5075694956109167,0.0,0,0,0.0,0,0,0,0,0,4.67377079828005,7.2,-0.477043928777955,-0.0413198420888865,0.0331264607597983
set1IT017__Keio,0.12834477208905645,0.0,0,0,0.0,0,0,0,0,0,18.6950831931202,7.0,-0.520878222093059,-0.28527388867098,-3.41116439844922
set1IT017__Lysobacter_OAE881,0.5454186716309116,0.0,0,0,0.0,0,0,0,0,0,4.67377079828005,0.0,0.339747701765839,,-0.46902772839876
set1IT017__pseudo13_GW456_L13,0.45169971065583175,0.0,0,0,0.0,0,0,0,0,0,4.67377079828005,7.0,-0.651359916709071,0.385780907205986,-0.64942484733001
set1IT017__pseudo1_N1B4,0.5275518284775491,0.0,0,0,0.0,0,0,0,0,0,4.67377079828005,7.0,-0.235581072126815,-0.0643760215523468,-0.0317765863536967
set1IT017__pseudo5_N2C3_1,0.5373641195721459,0.0,0,0,0.0,0,0,0,0,0,4.67377079828005,7.2,-0.246206765827441,0.00992050700298797,-0.0198517494021069
set1IT017__pseudo6_N2E2,0.7768992157985557,0.0,0,0,0.0,0,0,0,0,0,4.67377079828005,7.0,1.82356081928324,-0.0381561687843537,0.0641810088164541
set1IT018__Keio,0.1277933126442707,0.0,0,0,0.0,0,0,0,0,0,18.6950831931202,7.0,-0.444593753765331,-0.278636318553771,-3.50355766222368
set1IT018__Lysobacter_OAE881,0.6299543388372216,0.0,0,0,0.0,0,0,0,0,0,4.67377079828005,0.0,0.335935211075243,,-0.0179125429615801
set1IT018__pseudo13_GW456_L13,0.28429760942250065,0.0,0,0,0.0,0,0,0,0,0,4.67377079828005,7.0,-2.26371043666091,-0.0807428680226209,0.0304864302400641
set1IT018__pseudo1_N1B4,0.5495079917800283,0.0,0,0,0.0,0,0,0,0,0,4.67377079828005,7.0,0.0265754571027863,-0.0378139446917638,-0.151025037892145
set1IT018__pseudo5_N2C3_1,0.5756687860748719,0.0,0,0,0.0,0,0,0,0,0,4.67377079828005,7.2,-0.055820012173257,-0.0750647081931011,0.172557813779606
set1IT018__pseudo6_N2E2,0.2790887402801269,0.0,0,0,0.0,0,0,0,0,0,4.67377079828005,7.0,-2.46640914355272,0.0880525326630111,0.0150172706839209
set1IT019__Keio,0.6358683705107495,0.0,0,0,0.0,0,0,0,0,0,18.6950831931202,7.0,0.00177711421457483,0.081115840150384,0.442960755586589
set1IT019__Lysobacter_OAE881,0.4036619972950958,0.0,0,0,0.0,0,0,0,0,0,4.67377079828005,0.0,-0.536341033971176,,-0.324805106150972
set1IT019__pseudo13_GW456_L13,0.528506427406795,0.0,0,0,0.0,0,0,0,0,0,4.67377079828005,7.0,-0.190077415448798,0.0827933244164982,-0.217103329555062
set1IT019__pseudo1_N1B4,0.629358892155666,0.0,0,0,0.0,0,0,0,0,0,4.67377079828005,7.0,-0.00990369139781366,0.431101395980319,0.05093904109523
set1IT019__pseudo5_N2C3_1,0.6032119700670722,0.0,0,0,0.0,0,0,0,0,0,4.67377079828005,7.2,0.360851804733164,-0.16039649904954,0.0595635656985156
set1IT019__pseudo6_N2E2,0.573589047180894,0.0,0,0,0.0,0,0,0,0,0,4.67377079828005,7.0,-0.0394412774739208,0.0593157597547094,0.00548040801047445
set1IT020__Keio,0.6163402332016678,0.0,0,0,0.0,0,0,0,0,0,18.6950831931202,7.0,0.131702115713074,-0.241790307195453,0.475928291703575
set1IT020__pseudo5_N2C3_1,0.5706207858411216,0.0,0,0,0.0,0,0,0,0,0,4.67377079828005,7.2,-0.0942188373057153,-0.118796317088092,0.215115446768354
set1IT020__pseudo6_N2E2,0.6115414322238945,0.0,0,0,0.0,0,0,0,0,0,4.67377079828005,7.0,0.0406133456992535,0.490217709501754,-0.203821626341781
set1IT021__Keio,0.12219768829635021,0.0,0,0,0.0,0,0,0,0,0,18.6950831931202,7.0,-0.240228855926728,0.28636852405395,-4.37106282823147
set1IT021__WCS417,0.325066533667606,20.0,0,0,0.0,0,0,0,0,0,4.67377079828005,7.0,-1.58640565727562,-0.235562797497583,-0.12250508191738
set1IT021__pseudo13_GW456_L13,0.52619237568135,0.0,0,0,0.0,0,0,0,0,0,4.67377079828005,7.0,0.215353308793664,-0.0663177782546795,-0.491228421128287
set1IT021__pseudo1_N1B4,0.4095935985018897,20.0,0,0,0.0,0,0,0,0,0,4.67377079828005,7.0,-0.836899035563951,-0.528987868783995,0.121316639883413
set1IT021__pseudo5_N2C3_1,0.4109446821707378,20.0,0,0,0.0,0,0,0,0,0,4.67377079828005,7.2,-1.57093190323168,0.145713155376046,0.191358203243064
set1IT021__pseudo6_N2E2,0.6584336667171665,0.0,0,0,0.0,0,0,0,0,0,4.67377079828005,7.0,0.0937493727636163,0.263484967728941,0.358192226718753
set1IT022__Keio,0.12135983894501201,0.0,0,0,0.0,0,0,0,0,0,18.6950831931202,7.0,-0.0175559703046053,0.267397283700504,-4.58978932587387
set1IT022__WCS417,0.6436744266393326,0.0,0,0,0.0,0,0,0,0,0,4.67377079828005,7.0,0.567218404314423,-0.0506081599267669,0.0742055173670472
set1IT022__pseudo13_GW456_L13,0.3539534104010086,0.0,0,0,0.0,0,0,0,0,0,4.67377079828005,7.0,-0.140129942835002,0.105000779315925,-1.6621738074282
set1IT022__pseudo1_N1B4,0.6150627321901255,0.0,0,0,0.0,0,0,0,0,0,4.67377079828005,7.0,0.227332282050977,-0.161100271628551,0.289253308924939
set1IT022__pseudo5_N2C3_1,0.5124511750683435,0.0,0,0,0.0,0,0,0,0,0,4.67377079828005,7.2,-0.668127115601983,-0.0525563434432048,0.272911092412806
set1IT022__pseudo6_N2E2,0.6123268532639969,0.0,0,0,0.0,0,0,0,0,0,4.67377079828005,7.0,0.44072283488947,-0.0951629808008756,-0.012207190426063
set1IT023__Keio,0.08503639311238452,0.0,0,0,0.0,0,0,0,0,0,18.6950831931202,7.0,-0.182861890753938,-0.552208722399048,-4.36471584913068
set1IT023__Lysobacter_OAE881,0.2962036176060093,0.0,0,0,0.0,0,0,0,0,0,4.67377079828005,0.0,0.342305627656097,,-1.81104735952704
set1IT023__pseudo6_N2E2,0.678245966371601,0.0,0,0,0.0,0,0,0,0,0,4.67377079828005,7.0,0.228095693963933,0.472411358069008,0.186378156453227
set1IT024__Keio,0.16178707756481098,0.0,0,0,0.0,0,0,0,0,0,18.6950831931202,7.0,-0.104819460632348,-0.387607319299687,-3.20575644025762
set1IT024__Lysobacter_OAE881,0.6352725655393461,0.0,0,0,0.0,0,0,0,0,0,4.67377079828005,0.0,0.243179309695445,,0.104100905602907
set1IT024__WCS417,0.5730859691160858,0.0,0,0,0.0,0,0,20,0,0,4.67377079828005,7.0,0.0664789197461488,-0.00232513255941583,-0.0427430963140344
set1IT024__pseudo1_N1B4,0.5092948203242504,0.0,0,0,0.0,0,0,20,0,0,4.67377079828005,7.0,-0.0647535442398142,-0.542441239364805,0.135197018542082
set1IT024__pseudo5_N2C3_1,0.5532015008130425,0.0,0,0,0.0,0,0,20,0,0,4.67377079828005,7.2,-0.0398788356145052,-0.0602843819744026,-0.0334634533361329
set1IT025__Keio,0.03323153858937707,0.0,0,0,0.0,0,0,0,0,0,18.6950831931202,7.0,-0.30653601205176,-1.77988124754066,-4.92098359144151
set1IT025__WCS417,0.5390015197115176,0.0,0,0,0.0,0,20,0,0,0,4.67377079828005,7.0,-0.254044032168681,0.0832193501744224,-0.0726783750029215
set1IT025__pseudo13_GW456_L13,0.2588049016541402,0.0,0,0,0.0,0,0,0,0,0,4.67377079828005,7.0,0.0385820940927611,-0.107366167080339,-2.49248503354767
set1IT025__pseudo1_N1B4,0.4696044496213055,0.0,0,0,0.0,0,0,0,0,0,4.67377079828005,7.0,-0.782261917733504,-0.0304736887500119,0.0359584943743543
set1IT025__pseudo5_N2C3_1,0.7761735660889965,0.0,0,0,0.0,0,20,0,0,0,4.67377079828005,7.2,1.72054044140146,0.0124895352900276,0.108535634577992
set1IT025__pseudo6_N2E2,0.6366269441888056,0.0,0,0,0.0,0,0,0,0,0,4.67377079828005,7.0,1.31938270389153,-0.54976435169642,-0.237478500711424
set1IT026__Keio,0.04242723672028959,0.0,0,0,0.0,0,0,0,0,0,18.6950831931202,7.0,-0.468273134431266,-1.54038211344139,-4.51189826134088
set1IT026__WCS417,0.5415396225258055,0.0,0,0,0.0,0,0,0,0,0,4.67377079828005,7.0,-0.466157069928297,0.220581503520397,0.021670647751462
set1IT026__pseudo13_GW456_L13,0.17163780432477987,0.0,0,0,0.0,0,0,0,0,0,4.67377079828005,7.0,0.520442187733437,-0.372458362571083,-3.71013857793544
set1IT026__pseudo1_N1B4,0.47162694883773393,0.0,0,0,0.0,0,0,0,0,0,4.67377079828005,7.0,-0.727295383529261,-0.278086561167876,0.244174156653413
set1IT026__pseudo5_N2C3_1,0.3999818831714682,0.0,0,0,0.0,0,0,0,0,0,4.67377079828005,7.2,-1.35892851136428,-0.139589524276112,0.177434651424504
set1IT026__pseudo6_N2E2,0.5037023163443034,0.0,0,0,0.0,0,0,0,0,0,4.67377079828005,7.0,-0.147954666902058,-0.330150388205096,-0.0368030994623294
set1IT027__Keio,0.461776243893721,0.0,0,0,0.0,0,0,0,0,0,18.6950831931202,7.0,-0.12872248495795,-0.651816020093217,-0.0565777752587178
set1IT027__WCS417,0.5183328358027759,0.0,0,0,0.0,0,0,0,0,0,4.67377079828005,7.0,-0.292295996611988,-0.138482556325735,0.0281704580791826
set1IT027__pseudo13_GW456_L13,0.4804377671229748,0.0,0,0,0.0,0,0,0,0,0,4.67377079828005,7.0,-0.929303101590152,0.351495805021688,-0.11565117269371
set1IT027__pseudo1_N1B4,0.5563912511043239,0.0,0,0,0.0,0,0,0,0,0,4.67377079828005,7.0,-0.320887189786697,0.211364267506384,0.000663867316428979
set1IT027__pseudo5_N2C3_1,0.5604261911646755,0.0,0,0,0.0,0,0,0,0,0,4.67377079828005,7.2,-0.0445524715071461,-0.224444552174876,0.191520299196251
set1IT027__pseudo6_N2E2,0.5952735478576296,0.0,0,0,0.0,0,0,0,0,0,4.67377079828005,7.0,0.423939671976755,-0.121824014799861,-0.105495337696876
set1IT028__Keio,0.5078056014669902,0.0,0,0,0.0,0,0,0,0,0,18.6950831931202,7.0,-0.155958481444471,-0.23948830727926,-0.0879788154891239
set1IT028__WCS417,0.5917408683061206,0.0,0,0,0.0,0,0,0,0,0,4.67377079828005,7.0,0.149526950361921,-0.0197300363483901,0.0387402565007895
set1IT028__pseudo13_GW456_L13,0.5032302188338166,0.0,0,0,0.0,0,0,0,0,0,4.67377079828005,7.0,-0.322924992756334,0.0572050988041816,-0.252810114028552
set1IT028__pseudo1_N1B4,0.44586334165305824,0.0,0,0,0.0,0,0,0,0,0,4.67377079828005,7.0,-1.00130684632671,0.017251615959861,0.0238025320785979
set1IT028__pseudo5_N2C3_1,0.6159177359631383,0.0,0,0,0.0,0,0,0,0,0,4.67377079828005,7.2,0.185743427210233,0.0253318563114484,0.151338833654599
set1IT028__pseudo6_N2E2,0.6115770057361737,0.0,0,0,0.0,0,0,0,0,0,4.67377079828005,7.0,0.0652073355581337,0.208736606956355,0.0533526845179013
set1IT029__WCS417,0.3407402901319858,0.0,0,0,0.0,0,0,0,0,0,4.67377079828005,7.0,-1.81194263468239,0.0534972602138147,-0.0506512592029745
set1IT029__pseudo13_GW456_L13,0.593598552364187,0.0,0,0,0.0,0,0,0,0,0,4.67377079828005,7.0,0.0402559385609909,0.0555589347965035,0.0874804250366139
set1IT029__pseudo1_N1B4,0.4650644031131387,0.0,0,0,0.0,0,0,0,0,0,4.67377079828005,7.0,-0.127115975265447,-0.6088609074093,-0.0757785705286151
set1IT029__pseudo5_N2C3_1,0.26833240121671753,0.0,0,0,0.0,0,0,0,0,0,4.67377079828005,7.2,-2.61254141763239,0.0652033536244991,0.0802162003452718
set1IT029__pseudo6_N2E2,0.6769052675635803,0.0,0,0,0.0,0,0,0,0,0,4.67377079828005,7.0,0.529771583277837,0.31467414381391,0.0306698107863967
set1IT030__WCS417,0.5587139940568301,0.0,0,0,0.0,0,0,0,0,0,4.67377079828005,7.0,-0.0752571862133461,0.0554754489413238,-0.0710191883524482
set1IT030__pseudo13_GW456_L13,0.5304285370664034,0.0,0,0,0.0,0,0,0,0,0,4.67377079828005,7.0,0.590950739539525,0.0326786083182222,-0.933219960634705
set1IT030__pseudo1_N1B4,0.5201665657491599,0.0,0,0,0.0,0,0,0,0,0,4.67377079828005,7.0,-0.230471603258887,-0.269085474360176,0.111037273710336
set1IT030__pseudo5_N2C3_1,0.5886493429124346,0.0,0,0,0.0,0,0,0,0,0,4.67377079828005,7.2,0.0421372166144836,0.0719482961966686,0.0299373316335976
set1IT030__pseudo6_N2E2,0.6530964544232477,0.0,0,0,0.0,0,0,0,0,0,4.67377079828005,7.0,0.409009465180297,0.180505791419101,0.0805656170772744
set1IT031__Keio,0.08913545819308386,0.0,0,0,0.0,0,0,0,0,0,18.6950831931202,7.0,-0.172905770791511,0.178619525692145,-5.00659971838544
set1IT031__Lysobacter_OAE881,0.5984059275584539,0.0,0,0,0.0,0,0,0,0,0,4.67377079828005,0.0,0.179504729254185,,-0.0317801348221858
set1IT031__WCS417,0.5674400722221457,0.0,0,0,0.0,0,0,0,0,0,4.67377079828005,7.0,-0.014491627808883,0.0139807468581008,-0.0222637838311442
set1IT031__pseudo5_N2C3_1,0.6624510918972377,0.0,0,0,0.0,0,0,0,0,0,4.67377079828005,7.2,0.466575308143941,0.0153678770083947,0.267840873356436
set1IT031__pseudo6_N2E2,0.632217873085049,0.0,0,0,0.0,0,0,0,0,0,4.67377079828005,7.0,0.327159672198218,0.263700041759589,-0.0951794089632265
set1IT032__Keio,0.14326453445764067,0.0,0,0,0.0,0,0,0,0,0,18.6950831931202,7.0,0.031451511939353,0.10882702229709,-4.11357074581808
set1IT032__Lysobacter_OAE881,0.6471449524591354,0.0,0,0,0.0,0,0,0,0,0,4.67377079828005,0.0,0.483424366036806,,-0.0701578729436343
set1IT032__WCS417,0.5766909701516438,0.0,0,0,0.0,0,0,0,0,0,4.67377079828005,7.0,0.366269852745243,-0.0737011241990047,-0.242867625519078
set1IT032__pseudo13_GW456_L13,0.45829126100529505,0.0,0,0,0.0,0,0,0,0,0,4.67377079828005,7.0,-0.462197773403909,-0.306460929358746,-0.0953645241563503
set1IT032__pseudo1_N1B4,0.5821053445106157,0.0,0,0,0.0,0,0,0,0,0,4.67377079828005,7.0,-0.025362054368727,0.0562236542635108,0.0614506345881749
set1IT032__pseudo6_N2E2,0.43940861812954585,0.0,0,0,0.0,0,0,0,0,0,4.67377079828005,7.0,-1.12323225989488,0.0318119624003845,0.0809892115496242
set1IT033__WCS417,0.41669830920521433,0.0,0,0,0.0,0,0,0,0,0,4.67377079828005,7.0,-0.53267160889552,-0.236601960840253,-0.419096279220212
set1IT033__pseudo13_GW456_L13,0.7880135472751583,0.0,0,0,0.0,0,0,0,0,0,4.67377079828005,7.0,1.73882676849282,0.2284364696411,0.00757037784224601
set1IT033__pseudo1_N1B4,0.6072258646199982,0.0,0,0,0.0,0,0,0,0,0,4.67377079828005,7.0,0.0923952584360934,0.0433344069493331,0.156508668142173
set1IT033__pseudo5_N2C3_1,0.536655426992234,0.0,0,0,0.0,0,0,0,0,0,4.67377079828005,7.2,-0.242259471644108,-0.101586347272775,0.0822411488551056
set1IT033__pseudo6_N2E2,0.6581192806467749,0.0,0,0,0.0,0,0,0,0,0,4.67377079828005,7.0,0.449416707224721,0.232944071217902,0.0303853964331395
set1IT034__WCS417,0.5582978935590259,0.0,20,0,0.0,0,0,0,0,0,4.67377079828005,7.0,-0.14208010749477,0.130192923223256,-0.0821501538098752
set1IT034__pseudo1_N1B4,0.5889020091643775,0.0,0,0,0.0,0,0,0,0,0,4.67377079828005,7.0,0.0238100597884583,0.150436068953694,-0.0282218706534068
set1IT034__pseudo5_N2C3_1,0.5037369671705977,0.0,0,0,0.0,0,0,0,0,0,4.67377079828005,7.2,-0.314359084184543,-0.145388573109175,-0.0548946599955267
set1IT034__pseudo6_N2E2,0.1517250966822702,0.0,0,20,0.0,0,0,0,0,0,4.67377079828005,7.0,-2.28511750069178,-0.517418995372631,-1.04167963042625
set1IT035__Keio,0.1265366778180015,0.0,0,0,0.0,0,0,0,0,0,18.6950831931202,7.0,0.0426208364924778,0.0563395757595075,-4.34746169082719
set1IT035__WCS417,0.6599014681898328,0.0,0,0,0.0,0,0,0,0,0,4.67377079828005,7.0,0.448776532586704,0.117244253945166,0.16193573073699
set1IT035__pseudo1_N1B4,0.6167390058960786,0.0,0,0,0.0,0,0,0,0,0,4.67377079828005,7.0,0.117650556975388,0.0820819922453191,0.169342461102412
set1IT035__pseudo5_N2C3_1,0.5445230001293526,0.0,0,0,0.0,0,0,0,0,0,4.67377079828005,7.2,-0.134079777676138,-0.0915426356777689,0.0247752225580458
set1IT036__Keio,0.13023536814223233,0.0,0,0,0.0,0,0,0,0,0,18.6950831931202,7.0,0.133575009890043,-0.115923530742738,-4.20275840542611
set1IT036__WCS417,0.5959026276192034,0.0,0,0,0.0,0,0,0,0,0,4.67377079828005,7.0,0.17693692358256,-0.0299710279308484,0.054663459238833
set1IT036__pseudo5_N2C3_1,0.5125077714970928,0.0,0,0,0.0,0,0,0,0,0,4.67377079828005,7.2,-0.144804439121964,-0.303211607796474,0.000678128393554633
set1IT037__Keio,0.18073667600085475,0.0,0,0,0.0,0,0,0,0,0,18.6950831931202,7.0,0.257374003236968,0.389690162839386,-4.0889694534623
set1IT037__WCS417,0.5683458033589863,0.0,0,0,0.0,0,0,0,0,0,4.67377079828005,7.0,0.277527488184442,-0.160850510878898,-0.13237283856711
set1IT037__pseudo5_N2C3_1,0.5913730515799814,0.0,0,0,0.0,0,0,0,0,0,4.67377079828005,7.2,0.0633597875555998,-0.0858010696679501,0.18805886380928
set1IT038__Keio,0.21644264587271303,0.0,0,0,0.0,0,0,0,0,0,18.6950831931202,7.0,0.589678747596195,0.288002410904188,-3.88836243689729
set1IT038__WCS417,0.5735682176835765,0.0,0,0,0.0,0,0,0,0,0,4.67377079828005,7.0,0.0182516983661909,-0.0571686208717337,0.0641084831101832
set1IT039__Keio,0.4032030428268738,0.0,0,0,0.0,0,0,0,0,0,18.6950831931202,7.0,-1.73881906284957,-0.094070614248809,0.537513193553085
set1IT039__WCS417,0.537980819660603,0.0,0,0,0.0,0,0,0,0,0,4.67377079828005,7.0,-0.0806248013301569,-0.19037703396691,0.0196218307604972
set1IT039__pseudo13_GW456_L13,0.6048565829976142,0.0,0,0,0.0,0,0,0,0,0,0.0,7.0,0.0830093365677839,0.278103025775617,-0.087905966769661
set1IT040__Keio,0.35583477871257957,0.0,0,0,0.0,0,0,0,0,0,18.6950831931202,7.0,-1.75232168899403,-0.318371166541215,0.389150133135185
set1IT040__WCS417,0.36905508318870306,0.0,0,0,0.0,0,0,0,0,0,4.67377079828005,7.0,-1.15457947047765,-0.290142704518224,-0.127087780414196
set1IT040__pseudo13_GW456_L13,0.6085154138155868,0.0,0,0,0.0,0,0,0,0,0,0.0,7.0,0.154560253309779,0.0853298676286034,0.0627238778138292
set1IT041__Keio,0.25338977177019884,0.0,0,0,0.0,0,0,0,0,0,18.6950831931202,7.0,-3.40806815642666,0.227592596229034,0.564691142716115
set1IT041__WCS417,0.23142208692973548,20.0,0,0,0.0,0,0,0,0,0,4.67377079828005,7.0,-2.48214228943903,-0.166573999376602,-0.196606615616108
set1IT041__pseudo13_GW456_L13,0.5929513783943742,0.0,0,0,0.0,0,0,0,0,0,0.0,7.0,-0.105643510524209,0.276908983561771,0.00688604461791487
set1IT042__Keio,0.14486053227214196,0.0,0,0,0.0,0,0,0,0,0,18.6950831931202,7.0,-4.71429172487166,0.329526289594322,0.436296625106197
set1IT042__WCS417,0.6178652693586427,0.0,0,0,0.0,0,0,0,0,0,4.67377079828005,7.0,0.355173633881651,-0.0188593501494605,0.0419040625997639
set1IT043__pseudo5_N2C3_1,0.5858930004538055,0.0,0,0,0.0,0,0,0,0,0,0.0,7.0,-0.265239362156455,0.166873547462001,0.220578982461567
set1IT044__WCS417,0.602183490791748,0.0,0,0,0.0,0,0,20,0,0,4.67377079828005,7.0,0.394886127895597,-0.108671120535508,-0.0344335973893453
set1IT045__Keio,0.06821746713230169,0.0,0,0,0.0,0,0,0,0,0,18.6950831931202,7.0,-0.453401194562672,0.128116240144054,-5.23209251196065
set1IT046__Keio,0.07681056495682063,0.0,0,0,0.0,0,0,0,0,0,18.6950831931202,7.0,-0.427854983062069,-0.149329826726385,-4.73488503443968
set1IT047__Keio,0.14589566907937604,0.0,0,0,0.0,0,0,0,0,0,18.6950831931202,7.0,-0.291991947412805,0.0698068699398362,-3.71030491721309
set1IT048__Keio,0.13495962059091965,0.0,0,0,0.0,0,0,0,0,0,18.6950831931202,7.0,-0.160100024337118,0.0418759685107561,-3.98809935304023
set1IT051__Keio,0.24192814454367545,0.0,0,0,0.0,0,0,0,0,0,18.6950831931202,7.0,0.279488795268189,0.452294245414779,-3.46556043524342
set1IT052__Keio,0.18917154296617106,0.0,0,0,0.0,0,0,0,0,0,18.6950831931202,7.0,0.208403202074974,0.107816595522606,-3.65079720924145
set1IT053__Keio,0.3430944984381957,0.0,0,0,0.0,0,0,0,0,0,18.6950831931202,7.0,-1.73066367337249,-0.491120906869984,0.432754040026525
set1IT053__pseudo3_N2E3,0.39470327582989917,20.0,0,0,0.0,0,0,0,0,0,4.67377079828005,7.0,-1.06182592557084,-0.0100372608406625,-0.291497469914369
set1IT054__Keio,0.3641599721236731,0.0,0,0,0.0,0,0,0,0,0,18.6950831931202,7.0,-1.60253619142596,-0.34046275263302,0.330758274182585
set1IT054__Lysobacter_OAE881,0.6149022161820807,0.0,0,0,0.0,0,0,0,0,0,4.67377079828005,0.0,0.358093093819185,,-0.121969647426223
set1IT054__pseudo3_N2E3,0.41421852012987437,0.0,0,0,0.0,0,0,0,0,0,4.67377079828005,7.0,-1.18430713011816,-0.165856799213402,0.14221054682313
set1IT055__Keio,0.11838584087879046,0.0,0,0,0.0,0,0,0,0,0,18.6950831931202,7.0,-0.403932102685066,-0.297258088358085,-3.69282234540927
set1IT056__Keio,0.12524700168246122,0.0,0,0,0.0,0,0,0,0,0,18.6950831931202,7.0,-0.397125361713201,-0.00857565610127309,-3.8652773205624
set1IT056__pseudo3_N2E3,0.9069769970432928,0.0,0,0,0.0,0,0,0,0,0,4.67377079828005,7.0,3.7886147503793,-0.0224879161002047,0.0580615755230558
set1IT057__Keio,0.4088466003999901,0.0,0,0,0.0,0,0,0,0,0,18.6950831931202,7.0,1.28656025147355,0.287183298317379,-2.82423972611524
set1IT057__pseudo3_N2E3,0.5734229610511485,0.0,0,0,0.0,0,0,0,0,0,4.67377079828005,7.0,-0.170121793626998,-0.0319824932987989,0.226156908100859
set1IT058__Keio,0.27573545072056355,0.0,0,0,0.0,0,0,0,0,0,18.6950831931202,7.0,1.234748853684,0.163233604167744,-3.79340496831598
set1IT058__Lysobacter_OAE881,0.1814045232502621,0.0,0,0,0.0,0,0,0,0,0,4.67377079828005,0.0,-0.406027357745858,,-1.88281765685514
set1IT058__pseudo3_N2E3,0.36636096977559085,0.0,0,0,0.0,0,0,0,0,0,4.67377079828005,7.0,-1.70256356124368,0.207178204102464,-0.0986482195628648
set1IT059__Keio,0.5896163327217223,0.0,0,0,0.0,0,0,0,0,0,18.6950831931202,7.0,-0.323479061460055,0.31266681419845,0.162496800736318
set1IT059__Lysobacter_OAE881,0.15148306925484242,0.0,0,0,0.0,0,0,0,0,0,4.67377079828005,0.0,-0.0197322506355762,,-2.54548442599042
set1IT059__pseudo3_N2E3,0.22446408655529937,0.0,0,0,0.0,0,0,0,0,0,4.67377079828005,7.0,-0.372768338501884,0.304409481450455,-2.85279625118309
set1IT060__Keio,0.5691412186887986,0.0,0,0,0.0,0,0,0,0,0,18.6950831931202,7.0,-0.139137703232995,0.0207644522665007,0.108896957729978
set1IT060__pseudo3_N2E3,0.5669173458784561,0.0,0,0,0.0,0,0,0,0,0,4.67377079828005,7.0,-0.00787567463887084,-0.230948410247333,0.211965622994378
set1IT061__Keio,0.25092408740913236,0.0,0,0,0.0,0,0,0,0,0,18.6950831931202,7.0,0.156991492993485,0.689396012289206,-3.48724900757214
set1IT061__pseudo3_N2E3,0.5776544225248224,0.0,20,0,0.0,0,0,0,0,0,4.67377079828005,7.0,-0.186447124052953,0.085259729077912,0.15845996201311
set1IT062__Keio,0.19110104940577902,0.0,0,0,0.0,0,0,0,0,0,18.6950831931202,7.0,-0.0198642304021692,0.231165613177092,-3.52184675724166
set1IT062__pseudo3_N2E3,0.5964296863076355,0.0,0,0,0.0,0,0,0,0,0,4.67377079828005,7.0,0.0652359709365982,0.0861305472510654,0.0544614633441463
set1IT063__Keio,0.1187330654086423,0.0,0,0,0.0,0,0,0,0,0,18.6950831931202,7.0,0.446718847668324,-0.00773180358366998,-4.82662722904118
set1IT063__pseudo3_N2E3,0.4975112941886621,0.0,0,0,0.0,0,0,0,0,0,4.67377079828005,7.0,0.0593829664692438,-0.35454283685723,-0.26724316479623
set1IT064__Keio,0.20226587451666408,0.0,0,0,0.0,0,0,0,0,0,18.6950831931202,7.0,0.445532275632046,0.149152192243814,-3.76967634493648
set1IT064__Lysobacter_OAE881,0.13328883118357265,0.0,0,0,0.0,0,0,0,0,0,4.67377079828005,0.0,-0.247221223874598,,-2.50872233366165
set1IT064__pseudo3_N2E3,0.5856044406436555,0.0,0,0,0.0,0,0,0,0,0,4.67377079828005,7.0,0.0145028245884209,0.279636662387063,-0.174207075663908
set1IT065__Keio,0.1467512441559831,0.0,0,0,0.0,0,0,0,0,0,18.6950831931202,7.0,0.118220842239195,0.345998541280095,-4.38357316621436
set1IT065__Lysobacter_OAE881,0.6068851410726255,0.0,0,0,0.0,0,0,0,0,0,4.67377079828005,0.0,0.318318984217838,,-0.125319717777358
set1IT065__pseudo3_N2E3,0.4774919564767034,0.0,0,0,0.0,0,0,0,0,0,4.67377079828005,7.0,-0.0204848344175952,-0.386051671162315,-0.309560778700425
set1IT066__Keio,0.12828897480745097,0.0,0,0,0.0,0,0,0,0,0,18.6950831931202,7.0,0.0708730726721332,0.226296659078816,-4.51544296988189
set1IT066__Lysobacter_OAE881,0.6018481443207704,0.0,0,0,0.0,0,0,0,0,0,4.67377079828005,0.0,0.300453850616142,,-0.134389140540315
set1IT066__pseudo3_N2E3,0.5491087130253779,0.0,0,0,0.0,0,0,0,0,0,4.67377079828005,7.0,-0.13258206372537,-0.0956080982973162,0.0628335022438562
set1IT067__Keio,0.5723253358156474,0.0,0,0,0.0,0,0,0,0,0,9.5,0.0,0.0646451912959358,0.135244827471422,-0.18444054683812
set1IT067__pseudo3_N2E3,0.41179316378787034,0.0,0,0,0.0,0,0,0,0,0,4.67377079828005,7.0,0.606903264761509,0.250800739606353,-2.08484428776012
set1IT068__Keio,0.5616522865803188,0.0,0,0,0.0,0,0,0,0,0,9.5,0.0,0.05656409042771,-0.0773859735116942,-0.0471065903728718
set1IT068__Lysobacter_OAE881,0.5449318962400939,0.0,0,0,0.0,0,0,0,0,0,4.67377079828005,0.0,0.13292782334881,,-0.264717859900393
set1IT068__pseudo3_N2E3,0.4195345643418098,20.0,0,0,0.0,0,0,0,0,0,4.67377079828005,7.0,-1.22716806837565,0.213218976374202,-0.152062828808858
set1IT069__Keio,0.5913338023449619,22.0,0,0,0.0,0,0,0,0,0,9.5,0.0,0.126859279322768,0.0112992750543484,0.0271475298810531
set1IT069__pseudo3_N2E3,0.3716023254078379,0.0,0,0,0.0,0,0,0,0,0,4.67377079828005,7.0,-1.5653583668348,0.0990213308852654,-0.0845227021286448
set1IT070__Keio,0.5814004441857165,22.0,0,0,0.0,0,0,0,0,0,9.5,0.0,0.136120192273073,-0.0489238404345538,-0.000440274984281785
set1IT071__Keio,0.5802199380574575,22.202486678508,0,0,0.0,0,0,0,0,0,0.0,0.0,-0.174464409195791,0.755743758012334,-0.503822390715722
set1IT071__Lysobacter_OAE881,0.2320498829626945,0.0,0,0,0.0,0,0,0,0,0,4.67377079828005,0.0,-0.168795995878385,,-1.72357733933378
set1IT071__pseudo3_N2E3,0.9074482166838854,0.0,0,0,0.0,0,0,0,0,0,4.67377079828005,7.0,4.00865782103352,-0.0945948699081551,-0.0791384933428696
set1IT072__Keio,0.6304165630397365,22.202486678508,0,0,0.0,0,0,0,0,0,0.0,0.0,0.142875628533957,0.696395539574922,-0.358433357639181
set1IT072__pseudo3_N2E3,0.546227988902481,0.0,0,0,0.0,0,0,0,0,0,4.67377079828005,7.0,-0.0627640881843803,-0.166833169447318,0.041938456276573
set1IT073__Keio,0.3926316488389839,22.202486678508,0,0,0.0,0,0,0,0,0,0.0,0.0,-0.255713984831698,-0.473323745418883,-0.650968171462907
set1IT073__Lysobacter_OAE881,0.6607161759477296,0.0,0,0,0.0,0,0,0,0,0,4.67377079828005,0.0,0.143886763530261,,0.346061639406934
set1IT073__pseudo3_N2E3,0.3125556483451564,0.0,0,0,0.0,0,0,0,0,0,4.67377079828005,7.0,-1.80087747391795,-0.0805372710820058,-0.173554950176178
set1IT074__Keio,0.47839051288575535,22.202486678508,0,0,0.0,0,0,0,0,0,0.0,0.0,-0.00420478180728323,0.0116202458822761,-0.716606060423914
set1IT074__pseudo3_N2E3,0.25628072605949015,0.0,0,0,0.0,0,0,0,0,0,4.67377079828005,7.0,-0.577808118104554,0.255001299189817,-2.2637797202626
set1IT075__Keio,0.31816643067581496,22.202486678508,0,0,0.0,0,0,0,0,0,0.0,0.0,0.432767442899172,0.540438539578147,-2.97833537798667
set1IT075__pseudo3_N2E3,0.5759248379790171,0.0,0,0,0.0,0,0,0,0,0,4.67377079828005,7.0,-0.203450714178121,0.234833884654238,0.0123004184067215
set1IT076__Keio,0.232631155946208,22.202486678508,0,0,0.0,0,0,0,0,0,0.0,0.0,0.397463819533732,0.0833914778708051,-3.31316494060375
set1IT076__Lysobacter_OAE881,0.6093699449476824,0.0,0,0,0.0,0,0,0,0,0,4.67377079828005,0.0,0.288962210843888,,-0.0826313888400358
set1IT076__pseudo3_N2E3,0.510550761983081,0.0,20,0,0.0,0,0,0,0,0,4.67377079828005,7.0,-0.119430666189228,-0.0540857532983856,-0.28884263304598
set1IT077__Keio,0.5369697662445619,22.202486678508,0,0,0.0,0,0,0,0,0,0.0,0.0,-0.0565337396460592,-0.141839693193549,-0.0608066519954182
set1IT077__pseudo3_N2E3,0.5435212754188671,0.0,0,0,0.0,0,0,0,0,0,4.67377079828005,7.0,-0.0488815909804572,-0.0220795141361201,-0.137630819027479
set1IT078__Keio,0.5289516128495997,22.202486678508,0,0,0.0,0,0,0,0,0,0.0,0.0,-0.119872052331255,-0.0371281678654052,-0.16396066358614
set1IT078__Putida,0.29796557622714304,40.0,0,0,0.0,0,0,0,0,0,4.67377079828005,7.0,-2.09084814446498,0.174457978137899,-0.270540448716388
set1IT078__pseudo3_N2E3,0.47077254938327623,0.0,0,0,0.0,0,0,0,0,0,4.67377079828005,7.0,-0.0809646972215692,-0.52112726417944,-0.165692141972078
set1IT079__Keio,0.3119175205597791,22.202486678508,0,0,0.0,0,0,0,0,0,0.0,0.0,-0.152218462844496,0.0794810572169069,-1.98793134881115
set1IT079__Putida,0.29425669560119594,40.0,0,0,0.0,0,0,0,0,0,4.67377079828005,7.0,-2.19882703314028,0.018871528642143,-0.0411027757043458
set1IT079__pseudo3_N2E3,0.5528759229284279,0.0,0,0,0.0,0,0,0,0,0,4.67377079828005,7.0,0.203573304246402,-0.193605981571488,-0.146120077281827
set1IT080__Keio,0.28278818211806767,22.202486678508,0,0,0.0,0,0,0,0,0,0.0,0.0,0.0316002512674283,0.279293108892934,-2.63911047795066
set1IT080__Putida,0.24511337617893747,20.0,0,0,0.0,0,0,0,0,0,4.67377079828005,7.0,-2.10357440016607,-0.415085123227741,-0.181956603971241
set1IT080__pseudo3_N2E3,0.554805469738469,0.0,0,0,0.0,0,0,0,0,0,4.67377079828005,7.0,-0.105540405528007,-0.186172731726244,0.170536503423319
set1IT081__Keio,0.18158699595023187,22.202486678508,0,0,0.0,0,0,0,0,0,0.0,0.0,0.0630836111683888,0.00363512625620732,-3.49763051163399
set1IT081__Putida,0.3184117221812131,20.0,0,0,0.0,0,0,0,0,0,4.67377079828005,7.0,-1.69641252088125,-0.248029978827467,-0.0585187983440685
set1IT081__pseudo3_N2E3,0.5485186980031885,0.0,0,0,0.0,0,0,0,0,0,4.67377079828005,7.0,-0.0524356878422072,-0.147683124949098,0.0301923178271055
set1IT082__Keio,0.15656773467980314,22.202486678508,0,0,0.0,0,0,0,0,0,0.0,0.0,0.102048857198188,0.207336783951235,-4.08236535474398
set1IT082__Putida,0.6580128988753345,0.0,0,0,0.0,0,0,0,0,0,4.67377079828005,7.0,0.606351833616892,-0.0509958014619303,0.156483421462625
set1IT082__pseudo3_N2E3,0.5761071854709727,0.0,0,0,0.0,0,0,0,0,0,4.67377079828005,7.0,0.956762736309443,0.106161174095716,-1.01780835109066
set1IT083__Keio,0.2120972149447975,22.202486678508,0,0,0.0,0,0,0,0,0,0.0,0.0,0.130505822519986,0.166903269466012,-3.35759301992278
set1IT083__Putida,0.6958461277454483,0.0,0,0,0.0,0,0,0,0,0,4.67377079828005,7.0,0.639785800053523,0.116868052750032,0.287251268131082
set1IT084__Keio,0.19432897103076918,22.202486678508,0,0,0.0,0,0,0,0,0,0.0,0.0,0.111115817938109,0.03578716139973,-3.41765531252524
set1IT084__Putida,0.6539053362113944,0.0,0,0,0.0,0,0,0,0,0,4.67377079828005,7.0,0.680671285267349,0.0956549270311445,-0.0993943197437143
set1IT085__Keio,0.1973018075870128,22.202486678508,0,0,0.0,0,0,0,0,0,0.0,0.0,0.0947475345442772,0.497515650753885,-3.82680843678306
set1IT085__Putida,0.5838994043655936,0.0,0,0,0.0,0,0,0,0,0,4.67377079828005,7.0,0.741821649431174,-0.48434769915436,-0.15100860786611
set1IT086__Keio,0.1343208868239159,22.202486678508,0,0,0.0,0,0,0,0,0,0.0,0.0,0.254758687284649,0.0279068249575258,-4.39950290325337
set1IT086__Putida,0.6029972399077209,0.0,0,0,0.0,0,0,0,0,0,4.67377079828005,7.0,0.51859907868399,-0.237738575981035,-0.0225620835266311
set1IT087__Keio,0.17610668225568796,22.202486678508,0,0,0.0,0,0,0,0,0,0.0,0.0,0.0571887715823003,0.375509433914127,-3.93518252114844
set1IT087__Putida,0.6033456278980295,0.0,0,0,0.0,0,0,0,0,0,4.67377079828005,7.0,0.410117057605507,-0.119268417278799,-0.0297587202867907
set1IT088__Dyella79,0.028570576202588314,20.0,0,0,0.0,0,0,0,0,0,4.67377079828005,7.0,-0.101214637280148,,-4.76975652926871
set1IT088__Keio,0.08457970776808915,22.202486678508,0,0,0.0,0,0,0,0,0,0.0,0.0,0.0686352887949524,0.184120832547707,-5.36382720591519
set1IT089__Dyella79,0.02019876854819895,0.0,0,0,0.0,0,0,0,0,0,4.67377079828005,7.0,-0.319309290240624,,-5.00598752219693
set1IT089__Keio,0.507464760994352,22.202486678508,0,0,0.0,0,0,0,0,0,0.0,0.0,-0.0395689307398341,0.0703996518758436,-0.516871680738832
set1IT090__Keio,0.5004022759714278,22.202486678508,0,0,0.0,0,0,0,0,0,0.0,0.0,-0.0187215985349085,0.00674827178963944,-0.528251487314492
set1IT091__Dyella79,0.013179101575677966,0.0,0,0,0.0,0,0,0,0,0,4.67377079828005,7.0,-0.231520110090043,,-5.64884307284175
set1IT091__Keio,0.4936346813692692,22.202486678508,0,0,0.0,0,0,0,0,0,0.0,0.0,-0.0211142211930422,0.569327272001398,-1.14035786244277
set1IT092__Keio,0.4939637926107613,22.202486678508,0,0,0.0,0,0,0,0,0,0.0,0.0,-0.173199717567502,0.676906653954204,-1.09332659451204
set1IT093__Dyella79,0.014846079263454541,0.0,0,0,0.0,0,0,0,0,0,4.67377079828005,7.0,-0.666132536126369,,-5.05978602797601
set1IT093__Keio,0.6157017994744209,22.202486678508,0,0,0.0,0,0,0,0,0,0.0,0.0,0.169840733207306,0.299154985824834,-0.108332058723578
set1IT094__Dyella79,0.03178871686554637,0.0,0,0,0.0,0,0,0,0,0,4.67377079828005,7.0,-0.371480075836211,,-4.35878069384694
set1IT094__Keio,0.5577033081289952,22.202486678508,0,0,0.0,0,0,0,0,0,0.0,0.0,-0.0172583014800132,0.081221829087389,-0.162624422883912
set1IT095__Dyella79,0.09544192335360073,0.0,0,0,0.0,0,0,0,0,0,4.67377079828005,7.0,0.235241599990202,,-3.47287796398644
set1IT095__Keio,0.42107134789702266,22.202486678508,0,0,0.0,0,0,0,0,0,0.0,0.0,-0.0435370114691001,-0.515547235106465,-0.594830948780356
set1IT096__Keio,0.45927176152665833,22.202486678508,0,0,0.0,0,0,0,0,0,0.0,0.0,0.102862227643552,-0.158049835072421,-0.80126227515279
set20IT070__psRCH2,0.2976536394954777,20.0,0,0,0.0,0,0,0,0,0,4.67377079828005,0.0,-2.21463620597834,-0.169844860907371,0.194689627303612
set20IT071__psRCH2,0.2696986477594877,20.0,0,0,0.0,0,0,0,0,0,4.67377079828005,0.0,-2.22890645089228,-0.140988054996189,-0.083902500744604
set23IT023__pseudo6_N2E2,0.3815414434491956,0.0,0,0,0.0,0,0,0,0,0,4.67377079828005,7.0,-1.31158365399681,-0.213195526416115,0.0551185053744934
set23IT024__pseudo6_N2E2,0.36865527755107935,0.0,0,0,0.0,0,0,0,0,0,4.67377079828005,7.0,-1.63928246801297,0.0608063975041004,0.00337242829995188
set23IT025__pseudo6_N2E2,0.4337892357201825,0.0,0,0,0.0,0,0,0,0,0,4.67377079828005,7.0,-0.685431830539038,-0.397499181378054,0.0286860710361792
set23IT028__pseudo6_N2E2,0.41088090763976326,0.0,0,0,0.0,0,0,0,0,0,4.67377079828005,7.0,-1.22380725279217,-0.250190863567887,0.239632286891702
set23IT029__pseudo6_N2E2,0.4742186527327269,0.0,0,0,0.0,0,0,0,0,0,4.67377079828005,7.0,-0.839977467426732,0.124033546437336,-0.0253231786117953
set23IT030__pseudo6_N2E2,0.5026683439143611,0.0,0,0,0.0,0,0,0,0,0,4.67377079828005,7.0,-0.309615464521417,0.0895947046077392,-0.302819801738265
set27IT004__Putida,0.35961457462107715,10.0,0,0,0.0,0,0,0,0,0,10.0,7.0,-1.91442041780337,0.321716396132137,-0.0572872363808901
set27IT005__Putida,0.3476086996018358,10.0,0,0,0.0,0,0,0,0,0,10.0,7.0,-1.94320232096438,0.254653668929446,-0.0621875797722871
set27IT006__Putida,0.5707141086775379,10.0,0,0,0.0,0,0,0,0,0,0.0,7.0,-0.119875356490903,0.138743349109339,-0.0160371850125118
set27IT007__Putida,0.6191987849818976,10.0,0,0,0.0,0,0,0,0,0,0.0,7.0,0.257473658992525,0.098075379969913,0.0335084875284313
set27IT008__Putida,0.33191632787137765,10.0,0,0,0.0,0,0,0,0,10,0.0,7.0,-1.96027941886614,0.118168249838861,-0.0428054809965217
set27IT009__Putida,0.2993005300091138,10.0,0,0,0.0,0,0,0,0,10,0.0,7.0,-2.12064009747916,0.0159639223863997,-0.0700307628447849
set27IT010__Putida,0.17147370506643503,10.0,0,0,0.0,0,0,0,0,0,0.0,7.0,-3.63019045420969,0.115481951280162,-0.0496606511657498
set27IT011__Putida,0.13758809858714433,10.0,0,0,0.0,0,0,0,0,0,0.0,7.0,-3.95061198355597,0.0748403492120455,-0.187722012240553
set27IT012__Putida,0.5265025497566724,10.0,0,0,0.0,0,0,0,0,0,0.0,7.0,-0.607331270561448,0.304103501128185,-0.0365790061561493
set27IT013__Putida,0.5715718141240441,10.0,0,0,0.0,0,0,0,0,0,0.0,7.0,-0.30597767910258,0.419914197240127,-0.104389888535351
set27IT014__Putida,0.48101261143736856,10.0,0,0,0.0,0,0,0,0,0,0.0,7.0,-0.641318215304678,0.0215883096257976,-0.0693121024216745
set27IT015__Putida,0.48246001790865184,10.0,0,0,0.0,0,0,0,0,0,0.0,7.0,-0.565483019888525,-0.0649058079431293,-0.0475346108274646
set27IT016__Putida,0.33988285476587765,10.0,0,0,0.0,0,0,0,0,0,0.0,7.0,-2.07071632417649,0.3101394967293,-0.0558447491313465
set27IT017__Putida,0.215565068466928,10.0,0,0,0.0,0,0,0,0,0,0.0,7.0,-2.80652398783786,-0.101744573637129,-0.112351397694393
set27IT018__Putida,0.41014027980527806,10.0,0,0,0.0,0,0,0,0,0,0.0,7.0,-1.08293076217873,-0.0588650940913262,-0.0984397016636902
set27IT019__Putida,0.5151007332842924,10.0,0,0,0.0,0,0,0,0,0,0.0,7.0,-0.754675179272543,0.409201644034883,-0.0819573516980876
set27IT020__Putida,0.5724858062187571,10.0,0,0,0.0,0,0,0,0,0,0.0,7.0,-0.267352541739024,0.220633162215246,0.0634262626400142
set27IT021__Putida,0.6097404842701907,10.0,0,0,0.0,0,0,0,0,0,0.0,7.0,0.110028422121673,0.125713065459808,0.0767406774214896
set27IT024__Putida,0.6090507511718328,10.0,0,0,0.0,0,0,0,0,0,0.0,7.0,0.586579658804593,-0.188580794784423,-0.0910739879628606
set27IT025__Putida,0.6099803258968847,10.0,0,0,0.0,0,0,0,0,0,0.0,7.0,0.601264026671791,-0.121527886373402,-0.16532070593809
set27IT028__Putida,0.08754037221425634,10.0,0,0,0.0,0,0,0,0,0,0.0,7.0,-4.74132088380007,0.375195510743987,-0.672747336064891
set27IT029__Putida,0.11147370735837257,10.0,0,0,0.0,0,0,0,0,0,0.0,7.0,-4.18794336026775,0.423655998609338,-0.760082745815791
set27IT030__Putida,0.4914708838190034,10.0,0,0,0.0,0,0,0,0,0,0.0,7.0,-0.777183421118012,0.297392430870984,-0.128957025746384
set27IT031__Putida,0.6031683835212633,10.0,0,0,0.0,0,0,0,0,0,0.0,7.0,-0.0688636401038163,0.3121740576605,0.0163592057346775
set27IT032__Putida,0.5090234412345266,10.0,0,0,0.0,0,0,0,0,0,0.0,7.0,-0.642897192317225,0.211380064725133,-0.0425632112757728
set27IT033__Putida,0.4440368095752055,10.0,0,0,0.0,0,0,0,0,0,0.0,7.0,-0.816305211070703,-0.0230194460994864,-0.135112172532022
set27IT034__Putida,0.5000751063573047,10.0,0,0,0.0,0,0,0,0,0,0.0,7.0,-0.615343787466593,0.122122324384938,-0.0495132215697762
set27IT035__Putida,0.5247559938656904,10.0,0,0,0.0,0,0,0,0,0,0.0,7.0,-0.496841866984298,0.133050973935204,0.0105501660637988
set27IT036__Putida,0.3523082475484089,10.0,0,0,0.0,0,0,0,0,0,0.0,7.0,-2.07500533870773,0.304526433915074,0.0593633266903251
set27IT037__Putida,0.3917735210692683,10.0,0,0,0.0,0,0,0,0,0,0.0,7.0,-1.31669910115315,-0.128301888242369,0.0580910834030888
set27IT038__Putida,0.4380388196952521,10.0,0,0,0.0,0,0,0,0,0,0.0,7.0,-1.06743559494648,-0.0441814104861675,0.0905173198860603
set27IT039__Putida,0.42461848495332477,10.0,0,0,0.0,0,0,0,0,0,0.0,7.0,-1.28695827396775,0.16140320697107,-0.000484501617249222
set27IT040__Putida,0.39530101959691666,10.0,0,0,0.0,0,0,0,0,0,0.0,7.0,-1.56653847061826,0.233935656733015,-0.025960727850161
set27IT041__Putida,0.44529148414781544,10.0,0,0,0.0,0,0,0,0,0,0.0,7.0,-1.23379602487761,0.400037691906276,-0.13093394704431
set27IT042__Putida,0.43336560231152066,10.0,0,0,0.0,0,0,0,0,0,0.0,7.0,-1.21715333237465,0.225631672053066,-0.0660315530871922
set27IT043__Putida,0.4466119446699609,10.0,0,0,0.0,0,0,0,0,0,0.0,7.0,-1.14082780373707,0.258108956458675,-0.0717237954185508
set27IT044__Putida,0.513967021619129,10.0,0,0,0.0,0,0,0,0,0,0.0,7.0,-0.976587050772569,0.548636642744617,-0.0081850657268161
set27IT045__Putida,0.48864069096532026,10.0,0,0,0.0,0,0,0,0,0,0.0,7.0,-1.02829416512658,0.383039757246476,0.0147860196131573
set27IT046__Putida,0.46647896860696825,10.0,0,0,0.0,0,0,0,0,0,0.0,7.0,-0.858892745097033,0.0422092505601079,0.0158309313848275
set27IT047__Putida,0.46656122777034126,10.0,0,0,0.0,0,0,0,0,0,0.0,7.0,-0.6264234770987,-0.0699692511802863,-0.103825944537368
set27IT048__Putida,0.5982472157338202,10.0,0,0,0.0,0,0,0,0,0,0.0,7.0,-0.0539575187174341,0.249948460519551,0.0243294178724185
set27IT049__Putida,0.5694082044612829,10.0,0,0,0.0,0,0,0,0,0,0.0,7.0,-0.48979872184749,0.440670972080393,0.041739714415834
set27IT050__Putida,0.3972898196057871,10.0,0,0,0.0,0,0,0,0,0,0.0,7.0,-1.37491710264071,0.131769164748824,-0.0994727318978159
set27IT051__Putida,0.4432563314982747,10.0,0,0,0.0,0,0,0,0,0,0.0,7.0,-0.992429735382734,0.135276161098528,-0.123347701884097
set27IT052__Putida,0.4117428579832349,10.0,0,0,0.0,0,0,0,0,0,0.0,7.0,-1.43644119108978,0.201425934109055,0.00747665083107218
set27IT053__Putida,0.41800662337929045,10.0,0,0,0.0,0,0,0,0,0,0.0,7.0,-1.39643341235524,0.326898653121875,-0.108516467907934
set27IT054__Putida,0.5458603470997905,10.0,0,0,0.0,0,0,0,0,0,0.0,7.0,-0.41309595315981,0.103707443628674,0.118885235299892
set27IT055__Putida,0.49689898581761555,10.0,0,0,0.0,0,0,0,0,0,0.0,7.0,-0.630412425714493,0.144474428118246,-0.0811624865973877
set27IT056__Putida,0.420339565230019,10.0,0,0,0.0,0,0,0,0,0,0.0,7.0,-1.46059351798731,0.376217563683444,-0.0752979202544952
set27IT057__Putida,0.37562181250692284,10.0,0,0,0.0,0,0,0,0,0,0.0,7.0,-1.59635208232026,0.180495549202416,-0.102062885718598
set27IT058__Putida,0.46317869866879496,10.0,0,0,0.0,0,0,0,0,0,0.0,7.0,-0.713754316991358,0.0266699654077045,-0.139212105440333
set27IT059__Putida,0.5484156223417259,10.0,0,0,0.0,0,0,0,0,0,0.0,7.0,-0.234986308362305,0.0699690734073739,-0.00570750173136858
set27IT060__Putida,0.4927143053752805,10.0,0,0,0.0,0,0,0,0,0,0.0,7.0,-0.59500261717157,-0.0169396939487632,0.0127355501526756
set27IT061__Putida,0.4179211719492636,10.0,0,0,0.0,0,0,0,0,0,0.0,7.0,-1.25841278936818,0.149194357724728,-0.069506468129688
set27IT062__Putida,0.48190680643154915,10.0,0,0,0.0,0,0,0,0,0,0.0,7.0,-0.532161286773718,-0.208224502878632,0.0582130131208243
set27IT063__Putida,0.49545123476624625,10.0,0,0,0.0,0,0,0,0,0,0.0,7.0,-0.654906862264151,0.181242800052697,-0.104543449848854
set27IT064__Putida,0.5293639662478835,10.0,0,0,0.0,0,0,0,0,0,0.0,7.0,-0.570572851583492,0.207738855698544,0.0450472609010235
set27IT065__Putida,0.5592645221107471,10.0,0,0,0.0,0,0,0,0,0,0.0,7.0,-0.344012593276334,0.324277612850474,-0.0667829741974197
set27IT066__Putida,0.4010426920923267,10.0,0,0,0.0,0,0,0,0,0,0.0,7.0,-1.61449066025365,0.442138788931684,-0.140258078081556
set27IT067__Putida,0.4229711265697545,10.0,0,0,0.0,0,0,0,0,0,0.0,7.0,-1.24543933204522,0.142372596165143,-0.0359110367438451
set27IT068__Putida,0.3038326319642766,10.0,0,0,0.0,0,0,0,0,0,0.0,7.0,-2.24239058754511,0.11493456884648,-0.00598268579058647
set27IT069__Putida,0.33696616951027647,10.0,0,0,0.0,0,0,0,0,0,0.0,7.0,-1.69886378753513,-0.083448054332206,-0.059094117654189
set27IT070__Putida,0.5971908514078874,10.0,0,0,0.0,0,0,0,0,0,0.0,7.0,0.128725355107526,0.255774177994217,-0.172604866077388
set27IT071__Putida,0.6133394861292947,10.0,0,0,0.0,0,0,0,0,0,0.0,7.0,-0.0289014564498398,0.425684057846192,-0.0552447232457964
set27IT072__Putida,0.40139036024963853,10.0,0,0,0.0,0,0,0,0,0,0.0,7.0,-1.42775658007628,0.157892744076639,-0.0399706559103883
set27IT073__Putida,0.3866760338070082,10.0,0,0,0.0,0,0,0,0,0,0.0,7.0,-1.34502313308162,0.065777807154312,-0.14878876415907
set28IT003__Putida,0.4939828973204291,10.0,0,0,0.0,0,0,0,0,0,0.0,7.0,-0.347087818523093,-0.267686302729384,0.0253010455162166
set28IT004__Putida,0.47220721955701855,10.0,0,0,0.0,0,0,0,0,0,0.0,7.0,-0.704844971622371,0.0861986888346495,-0.138095891563456
set28IT005__Putida,0.6060552455990624,10.0,0,0,0.0,0,0,0,0,0,0.0,7.0,0.170770469186064,0.0673364598890815,0.0447230631540467
set28IT006__Putida,0.6262320742763494,10.0,0,0,0.0,0,0,0,0,0,0.0,7.0,0.0438240110322292,0.456636049153695,-0.0539872326149051
set28IT007__Putida,0.60899623806659,10.0,0,0,0.0,0,0,0,0,0,0.0,7.0,0.00853976767599729,0.187926503157766,0.110019534503113
set28IT008__Putida,0.6199857675202289,10.0,0,0,0.0,0,0,0,0,0,0.0,7.0,0.0614089045308499,0.216764223033139,0.117288057307909
set28IT009__Putida,0.5593479902459467,10.0,0,0,0.0,0,0,0,0,0,0.0,7.0,-0.0963279137868269,-0.0133119896846201,0.0237714088536478
set28IT010__Putida,0.5698029928721116,10.0,0,0,0.0,0,0,0,0,0,0.0,7.0,-0.0581037275038081,0.189082441657017,-0.135278290650233
set28IT013__Putida,0.49097627812396205,10.0,0,0,0.0,0,0,0,0,0,0.0,7.0,-0.342152580832932,-0.378694016176984,0.108303061494888
set28IT014__Putida,0.6040578175239469,10.0,0,0,0.0,0,0,0,0,0,0.0,7.0,0.248796123842216,0.134742624949915,-0.116739705794481
set28IT017__Putida,0.5325092849322407,10.0,0,0,0.0,0,0,0,0,0,0.0,7.0,0.186381782823532,-0.447630171408749,-0.0323163370095234
set28IT018__Putida,0.6241947364880741,10.0,0,0,0.0,0,0,0,0,0,0.0,7.0,0.344584266171159,0.0525655822430533,0.0326478277609061
set28IT021__Putida,0.49072180055987813,10.0,0,0,0.0,0,0,0,0,0,0.0,7.0,-0.641374537223256,0.261844897112556,-0.234966765062566
set28IT022__Putida,0.4730206523655774,10.0,0,0,0.0,0,0,0,0,0,0.0,7.0,-1.15501054065431,0.403922679223838,0.000604685926210102
set28IT023__Putida,0.5269356344304205,10.0,0,0,0.0,0,0,0,0,0,0.0,7.0,-0.227248418576542,-0.0848629240808152,-0.0243635244904303
set28IT024__Putida,0.5440147592218898,10.0,0,0,0.0,0,0,0,0,0,0.0,7.0,-0.318501724092069,0.079765958669108,0.0339588173207268
set28IT027__Putida,0.42868567261307194,10.0,0,0,0.0,0,0,0,0,0,0.0,7.0,-1.4604089454114,0.391216454307125,-0.0249593898086
set28IT028__Putida,0.48207622381295856,10.0,0,0,0.0,0,0,0,0,0,0.0,7.0,-1.04650026123864,0.396164589138659,-0.0305357369068591
set28IT029__Putida,0.5678897592512805,10.0,0,0,0.0,0,0,0,0,0,0.0,7.0,-0.0921932452999183,0.11682702431503,-0.0438943275702821
set28IT030__Putida,0.49028414026792694,10.0,0,0,0.0,0,0,0,0,0,0.0,7.0,-0.906766653680194,0.180430804079218,0.108480737285803
set28IT031__Putida,0.5898021964046852,10.0,0,0,0.0,0,0,0,0,0,0.0,7.0,-0.274767737919222,0.417402518810626,0.0105230452975598
set28IT032__Putida,0.49006494045241195,10.0,0,0,0.0,0,0,0,0,0,0.0,7.0,-0.516059991404209,-0.0964101375819912,-0.00706721646736863
set28IT035__Putida,0.5172645351738749,10.0,0,0,0.0,0,0,0,0,0,0.0,7.0,-0.378980294553896,-0.0191744857036336,-0.0126591458046563
set28IT036__Putida,0.7119974732644105,10.0,0,0,0.0,0,0,0,0,0,0.0,7.0,0.65262458795166,0.439748121965162,0.100186754276371
set28IT037__Putida,0.4439664843802756,10.0,0,0,0.0,0,0,0,0,0,0.0,7.0,-1.47819957980774,0.504998574034422,-0.00178217414796999
set28IT038__Putida,0.3930441370800354,10.0,0,0,0.0,0,0,0,0,0,0.0,7.0,-1.50428750689749,0.190609000713741,-0.0630106524381795
set28IT039__Putida,0.6404251254570812,10.0,0,0,0.0,0,0,0,0,0,0.0,7.0,0.17780522920528,0.318645630175874,0.0672493072772715
set28IT040__Putida,0.5938361897422602,10.0,0,0,0.0,0,0,0,0,0,0.0,7.0,-0.00715867143164139,0.251285516180919,-0.0589421415550984
set28IT041__Putida,0.5815401487793243,10.0,0,0,0.0,0,0,0,0,0,0.0,7.0,-0.167968758820648,0.139000267459072,0.116825537319896
set28IT042__Putida,0.5572304669724545,10.0,0,0,0.0,0,0,0,0,0,0.0,7.0,-0.729405741089289,0.497466411038903,0.129602492189761
set28IT045__Putida,0.46390931758539095,10.0,0,0,0.0,0,0,0,0,0,0.0,7.0,-0.716400551189406,-0.0591235413031868,-0.0451374908857192
set28IT046__Putida,0.5269145091079849,10.0,0,0,0.0,0,0,0,0,0,0.0,7.0,-0.563244384356903,0.231591392633366,-0.00498440889643081
set29IT004__Putida,0.5797576916193747,10.0,0,0,0.0,0,0,0,0,0,0.0,7.0,0.154358939892598,-0.162949797784433,0.0824085701340298
set29IT005__Putida,0.5467016385591185,10.0,0,0,0.0,0,0,0,0,0,0.0,7.0,-0.403598402415469,0.183979299687877,0.035625540662533
set29IT006__Putida,0.42043791981059353,10.0,0,0,0.0,0,0,0,0,0,0.0,7.0,-1.16602786763727,-0.0773111207487616,0.0844392635548243
set29IT007__Putida,0.38892007929242944,10.0,0,0,0.0,0,0,0,0,0,0.0,7.0,-1.32120865758059,-0.0195828074191113,-0.0691145990540636
set29IT014__Putida,0.3523642823752277,10.0,0,0,0.0,0,0,0,0,0,0.0,7.0,-1.79679900653465,0.0132030199205828,0.0729513526230683
set29IT015__Putida,0.3441254921605935,10.0,0,0,0.0,0,0,0,0,0,0.0,7.0,-1.37647385875098,-0.245838951999647,-0.15795081478263
set29IT057__Putida,0.5341195836340314,0.0,0,0,0.0,0,0,0,0,0,9.5,7.0,-0.338592448044766,-0.0758993255625371,0.133335493645174
set29IT058__Putida,0.549484382188668,0.0,0,0,0.0,0,0,0,0,0,9.5,7.0,-0.360129179349358,0.156465786991496,0.0412169542955256
set2H19__Marino,0.5973269264891587,0.0,0,0,0.0,0,0,0,0,0,0.0,7.6,0.179164244928734,,-0.03717783598084
set2H20__Marino,0.47577882586751374,0.0,0,0,0.0,0,0,0,0,0,0.0,7.6,-0.480747325583399,,-0.00543152614049525
set2H30__Marino,0.521971423341652,0.0,0,0,0.0,0,0,0,1000,0,0.0,7.6,-0.249511246892477,,-0.00025492640201108
set2H39__psRCH2,0.6850070797150906,0.0,0,0,0.0,0,0,0,0,0,4.67377079828005,7.2,0.63689521006353,0.38445652338076,-0.0747127458943515
set2H3__psRCH2,0.5276348567828151,0.0,0,0,0.0,0,0,0,0,0,4.67377079828005,7.2,-0.241074667656353,-0.190647928272957,0.100627810354131
set2H6__Marino,0.5690257409609234,0.0,0,0,0.0,0,0,0,0,1,0.0,0.0,-0.164127085314373,,0.157207473839231
set2H9__Kang,0.5653055492295371,0.0,0,0,0.0,0,0,0,0,0,0.0,7.6,-0.0131477778590277,,
set2IT001__pseudo6_N2E2,0.2636603874960047,20.0,0,0,0.0,0,0,0,0,0,4.67377079828005,7.0,-1.80860895852681,-0.57644827571175,-0.12795874599172
set2IT002__pseudo6_N2E2,0.4710879463737375,0.0,0,0,0.0,0,0,0,0,0,4.67377079828005,7.0,-0.86836496764043,0.207650072464808,-0.104641445115319
set2IT003__Dyella79,0.5685693304332153,0.0,0,0,0.0,0,0,0,0,0,4.67377079828005,7.0,0.0242919053503863,,-0.0335907869399794
set2IT003__pseudo3_N2E3,0.6110463617621535,0.0,0,0,0.0,0,0,0,0,0,0.0,7.0,-0.0523051228831506,0.0188761282816736,0.356442529975539
set2IT004__Dyella79,0.0785274392249117,0.0,0,0,0.0,0,0,0,0,0,4.67377079828005,7.0,-0.106330402591456,,-3.40440536425655
set2IT004__pseudo3_N2E3,0.5339061251943983,0.0,0,0,0.0,0,0,0,0,0,0.0,7.0,-0.158300527368646,-0.234635478106046,0.110134573808489
set2IT004__pseudo6_N2E2,0.5415125821029212,0.0,0,0,0.0,0,0,20,0,0,4.67377079828005,7.0,0.158705439865033,-0.256345672676308,-0.126473566264965
set2IT005__Dyella79,0.04145802555858297,0.0,0,0,0.0,0,0,0,0,0,4.67377079828005,7.0,0.135537084878739,,-4.51341292610659
set2IT005__Keio,0.10615760262034522,22.202486678508,0,0,0.0,0,0,0,0,0,0.0,0.0,-0.0666902946453256,-0.319536612320287,-4.24329821852646
set2IT005__pseudo6_N2E2,0.5687438633209241,0.0,0,0,0.0,0,20,0,0,0,4.67377079828005,7.0,0.443973039941961,-0.352492951131209,-0.104063757990455
set2IT006__Dyella79,0.025086435319032607,20.0,0,0,0.0,0,0,0,0,0,4.67377079828005,7.0,-0.354046943980228,,-4.68778090318606
set2IT006__Keio,0.11476726860649998,22.202486678508,0,0,0.0,0,0,0,0,0,0.0,0.0,-0.0535631524256594,-0.26196528806454,-4.14587577172575
set2IT006__pseudo6_N2E2,0.8621462999175095,0.0,0,0,0.0,0,0,0,0,0,4.67377079828005,7.0,2.65383599316905,0.184825826647711,0.133920660217772
set2IT007__Dyella79,0.026977210518080285,0.0,0,0,0.0,0,0,0,0,0,4.67377079828005,7.0,-0.263384298981838,,-4.68305337826061
set2IT007__Keio,0.2727566449600671,22.202486678508,0,0,0.0,0,0,0,0,0,0.0,0.0,-0.0633911022994639,0.689928437724864,-3.05066328442624
set2IT007__pseudo6_N2E2,0.6160819043460912,0.0,0,0,0.0,0,0,0,0,0,4.67377079828005,7.0,0.143377750575734,-0.0500360459059279,0.270403466812506
set2IT008__Keio,0.2666797086946615,22.202486678508,0,0,0.0,0,0,0,0,0,0.0,0.0,0.047923931984865,0.595055807351923,-3.12627769952809
set2IT008__pseudo3_N2E3,0.5425687818654843,0.0,0,0,0.0,0,0,0,0,0,0.0,7.0,0.0820446746631595,-0.321171591062252,0.023173409562872
set2IT008__pseudo6_N2E2,0.3429486612801984,0.0,0,0,0.0,0,0,0,0,0,4.67377079828005,7.0,-1.79895334382816,0.0212368745473938,-0.0125551913303767
set2IT009__Dyella79,0.01550636707646009,0.0,0,0,0.0,0,0,0,0,0,4.67377079828005,7.0,-0.322381364534374,,-5.34704278171522
set2IT009__Keio,0.2809833286757003,22.202486678508,0,0,0.0,0,0,0,0,0,20.0,0.0,0.121365144076118,0.658933969175241,-3.12561617404133
set2IT009__pseudo3_N2E3,0.4761727768025905,0.0,0,0,0.0,0,0,0,0,0,0.0,7.0,-0.374606567393425,-0.538630740517607,0.186998204213514
set2IT009__pseudo6_N2E2,0.5375929165398635,0.0,0,0,0.0,0,0,0,0,0,4.67377079828005,7.0,0.299110229396011,-0.511813133628514,-0.0416699787949631
set2IT010__Dyella79,0.05042540977077359,0.0,0,0,0.0,0,0,0,0,0,4.67377079828005,7.0,0.0265381152965851,,-4.14203327009834
set2IT010__Keio,0.2479655099386075,22.202486678508,0,0,0.0,0,0,0,0,0,20.0,0.0,0.0400428284378527,0.647579955366489,-3.3587916440319
set2IT010__pseudo6_N2E2,0.6215155924311963,0.0,0,0,0.0,0,0,0,0,0,4.67377079828005,7.0,0.143199105140481,0.225050574728712,0.0396743853367441
set2IT011__Dyella79,0.016672008546714627,0.0,0,0,0.0,0,0,0,0,0,4.67377079828005,7.0,-0.482801857494119,,-5.09243568184375
set2IT011__pseudo6_N2E2,0.5882897623775537,0.0,0,0,0.0,0,0,0,0,0,4.67377079828005,7.0,0.298686299636018,-0.290768515476639,0.133257397966433
set2IT012__Dyella79,0.03235069900244457,0.0,0,0,0.0,0,0,0,0,0,4.67377079828005,7.0,-0.496094150463763,,-4.21101820812997
set2IT012__pseudo6_N2E2,0.5574836937138768,0.0,0,0,0.0,0,0,0,0,0,4.67377079828005,7.0,-0.0176029833907634,-0.0763108470105746,-0.00645448309509167
set2IT013__Dyella79,0.051624061842988234,0.0,0,0,0.0,0,0,0,0,0,4.67377079828005,7.0,0.027329752088322,,-4.11117274020798
set2IT013__pseudo6_N2E2,0.6515311595718027,0.0,0,0,0.0,0,0,0,0,0,4.67377079828005,7.0,0.350470614256556,-0.014554859275804,0.320928686040162
set2IT014__pseudo3_N2E3,0.4241521842567213,0.0,0,0,0.0,0,0,0,0,0,4.67377079828005,7.2,-0.783388585115516,0.111651856835828,-0.457963776395226
set2IT014__pseudo6_N2E2,0.16107960739505509,0.0,0,0,0.0,0,0,0,0,0,4.67377079828005,7.0,-1.75723467593852,-0.46309946282508,-1.48787204501922
set2IT015__Dyella79,0.47850990788762826,0.0,0,0,0.0,0,0,0,0,0,4.67377079828005,7.0,-0.331378544770794,,-0.140803426761715
set2IT015__pseudo3_N2E3,0.5956524779904496,0.0,0,0,0.0,0,0,0,0,0,4.67377079828005,7.2,-0.0908378621918979,0.282413381901339,0.0080617240016565
set2IT016__Dyella79,0.054345682980214534,0.0,0,0,0.0,0,0,0,0,0,4.67377079828005,7.0,0.0802788737975482,,-4.09475750964522
set2IT016__pseudo3_N2E3,0.39122910653668647,0.0,0,0,0.0,0,0,0,0,0,4.67377079828005,7.2,-1.56079652638187,0.344407652463668,-0.174903867439496
set2IT017__Dyella79,0.015946928268490507,0.0,0,0,0.0,0,0,0,0,0,4.67377079828005,7.0,-0.244924165519688,,-5.38810769659509
set2IT017__pseudo6_N2E2,0.40523250669208705,0.0,0,0,0.0,0,0,0,0,0,4.67377079828005,7.0,-1.12718359543169,-0.172400479471516,0.0203696749850893
set2IT018__pseudo3_N2E3,0.5597603843038275,0.0,0,0,0.0,0,0,0,0,0,4.67377079828005,7.2,0.163501670818164,0.111589058374486,-0.357750029214616
set2IT018__pseudo6_N2E2,0.3576202179584462,0.0,0,0,0.0,0,0,0,0,0,4.67377079828005,7.0,-1.58124769288905,0.0331125809583477,-0.118485424544074
set2IT019__pseudo3_N2E3,0.5703814413700234,0.0,0,0,0.0,0,0,0,0,0,4.67377079828005,7.2,0.0210039400154196,-0.0843457109075425,0.0635686951156618
set2IT019__pseudo6_N2E2,0.33059057187845986,0.0,0,0,0.0,0,0,0,0,0,4.67377079828005,7.0,-1.3463272945415,-0.517286448342895,-0.0327807515026693
set2IT020__pseudo3_N2E3,0.6668224566486994,0.0,0,0,0.0,0,0,0,0,0,4.67377079828005,7.2,0.621811030761815,0.13573760050603,0.0298486126681214
set2IT020__pseudo6_N2E2,0.48241244882052103,0.0,0,0,0.0,0,0,0,0,0,4.67377079828005,7.0,-0.284885240233239,-0.21627670433425,-0.177126869493613
set2IT021__pseudo3_N2E3,0.5775540289147969,0.0,0,0,0.0,0,0,0,0,0,4.67377079828005,7.2,0.251166903632502,-0.398664737822563,0.203981224248126
set2IT021__pseudo6_N2E2,0.6423822696228491,0.0,0,0,0.0,0,0,0,0,0,4.67377079828005,7.0,0.209491730564487,0.205846737184998,0.164681115382721
set2IT022__pseudo3_N2E3,0.5799671412740156,0.0,0,0,0.0,0,0,0,0,0,4.67377079828005,7.2,0.157126047619564,-0.110174229075461,0.0285147447432965
set2IT022__pseudo6_N2E2,0.5901806019944623,0.0,0,0,0.0,0,0,0,0,0,4.67377079828005,7.0,0.28294252047354,-0.075630906846397,-0.0511536774135521
set2IT023__Keio,0.640399426243977,0.0,0,0,0.0,0,0,0,750,0,0.0,7.0,0.458762659940362,0.110884296347462,-0.00616081910279331
set2IT023__pseudo6_N2E2,0.6182652473047553,0.0,0,0,0.0,0,0,0,0,0,4.67377079828005,7.0,0.346277268714623,-0.116652553223324,0.15184323784097
set2IT024__pseudo3_N2E3,0.5178866373633585,0.0,0,0,0.0,0,0,0,0,0,4.67377079828005,7.2,-0.0754052399149843,-0.243414797338131,-0.0872155494733504
set2IT025__pseudo3_N2E3,0.5382142280190753,0.0,0,0,0.0,0,0,0,0,0,4.67377079828005,7.2,-0.0126495348647022,-0.156576841988969,-0.0803525875482638
set2IT025__pseudo6_N2E2,0.6391859192864026,0.0,0,0,0.0,0,0,0,0,0,4.67377079828005,7.0,1.09965669004161,-0.137261331366667,-0.409008004433357
set2IT026__pseudo6_N2E2,0.6173293617913606,0.0,0,0,0.0,0,0,0,0,0,4.67377079828005,7.0,0.383997467929757,-0.0650726801527113,0.0549416288247557
set2IT027__pseudo3_N2E3,0.5311543912713467,0.0,0,0,0.0,0,0,0,0,0,4.67377079828005,7.2,-0.300252984909514,-0.0571098251795008,0.0533617609210459
set2IT027__pseudo6_N2E2,0.5512511915315403,0.0,0,0,0.0,0,0,0,0,0,4.67377079828005,7.0,0.155908749365141,-0.241152040219252,-0.0635101663777757
set2IT028__pseudo3_N2E3,0.6074722859607498,0.0,0,0,0.0,0,0,0,0,0,4.67377079828005,7.2,0.177451074863018,0.135484784995855,-0.0187157639033939
set2IT028__pseudo6_N2E2,0.5441399044597627,0.0,0,0,0.0,0,0,0,0,0,4.67377079828005,7.0,0.158269926473392,-0.383907988644397,0.0218286804614842
set2IT029__pseudo3_N2E3,0.594018733263405,0.0,0,0,0.0,0,0,0,0,0,4.67377079828005,7.2,-0.079152846858441,0.1934866275734,0.0723025248370301
set2IT029__pseudo6_N2E2,0.6848578277884054,0.0,0,0,0.0,0,0,0,0,0,4.67377079828005,7.0,0.33559516565921,0.606466540919644,0.00325084344698334
set2IT030__pseudo6_N2E2,0.6009538349933939,0.0,0,0,0.0,0,0,0,0,0,4.67377079828005,7.0,0.0470627205817867,-0.0620947112797269,0.256974118885002
set2IT031__pseudo6_N2E2,0.6115650696416173,0.0,0,0,0.0,0,0,0,0,0,4.67377079828005,7.0,0.190664418046331,0.0928283190929168,0.0437075243001707
set2IT032__pseudo3_N2E3,0.4518796677291776,0.0,0,0,0.0,0,0,0,0,0,4.67377079828005,7.2,-0.646426682191148,0.0387668850654808,-0.305950570292393
set2IT032__pseudo6_N2E2,0.3201487425592541,0.0,0,0,0.0,0,0,0,0,0,4.67377079828005,7.0,-1.36287205623039,-0.488248562358944,-0.136512746689312
set2IT033__pseudo3_N2E3,0.5537907765280785,0.0,0,0,0.0,0,0,0,0,0,4.67377079828005,7.2,-0.352170019368647,0.213773430496654,0.00934287417772683
set2IT033__pseudo6_N2E2,0.43282752251333306,0.0,0,0,0.0,0,0,0,0,0,4.67377079828005,7.0,-0.459766338281454,-0.436139299971258,-0.16585068914345
set2IT034__pseudo3_N2E3,0.38807475656788226,0.0,0,0,0.0,0,0,0,0,0,4.67377079828005,7.2,-1.72052122033859,0.0761941464770288,0.227596766441254
set2IT034__pseudo6_N2E2,0.12702695369794526,0.0,0,20,0.0,0,0,0,0,0,4.67377079828005,7.0,-2.5103509573491,-0.453301369395332,-1.27635559196223
set2IT036__pseudo3_N2E3,0.43722639202669333,0.0,0,0,0.0,0,0,0,0,0,4.67377079828005,7.2,-0.2044349421651,-0.397318081541437,-0.425677675739178
set2IT037__pseudo3_N2E3,0.5935491981629896,0.0,0,0,0.0,0,0,0,0,0,4.67377079828005,7.2,-0.0753241006456482,0.193870880113751,0.0643561577789891
set2IT037__pseudo6_N2E2,0.6329430430185417,0.0,0,0,0.0,0,0,0,500,0,0.0,7.0,0.395181266896474,0.127447857200244,-0.0209649768554331
set2IT038__pseudo1_N1B4,0.617883845865988,0.0,0,0,0.0,0,0,0,0,0,0.0,7.0,-0.0969685072084144,0.371507087981439,0.103830660979213
set2IT038__pseudo3_N2E3,0.6680131743146613,0.0,0,0,0.0,0,0,0,0,0,4.67377079828005,7.2,0.482384694626206,0.0630006235466625,0.252299918064358
set2IT039__pseudo3_N2E3,0.6074047119917545,0.0,0,0,0.0,0,0,0,0,0,4.67377079828005,7.2,0.0934353930424106,0.16420788286565,0.0360333349098618
set2IT040__pseudo3_N2E3,0.535024585479916,0.0,0,0,0.0,0,0,0,0,0,4.67377079828005,7.2,-0.0964924818644493,-0.0663153735003699,-0.111372381662085
set2IT041__Keio,0.5977035639494802,0.0,0,0,0.0,0,0,0,0,0,0.0,7.0,0.270578839213077,-0.135155641914894,0.0805600249673908
set2IT042__pseudo1_N1B4,0.5632015002955808,0.0,0,0,0.0,0,0,0,0,0,0.0,7.0,-0.173914688811789,0.175505832963966,-0.0574466712912787
set2IT042__pseudo3_N2E3,0.5164480738683275,0.0,0,0,0.0,0,0,0,0,0,4.67377079828005,7.2,-0.347893628892456,-0.11268827712499,0.0434973982420095
set2IT043__pseudo3_N2E3,0.6187388167232093,0.0,0,0,0.0,0,0,0,0,0,4.67377079828005,7.2,0.0616922280958494,0.195156163890458,0.128468744659381
set2IT044__pseudo3_N2E3,0.577391761856743,0.0,0,0,0.0,0,0,0,0,0,4.67377079828005,7.2,0.0134022695753857,0.166735086338143,-0.124929412955309
set2IT045__pseudo3_N2E3,0.5717244804143398,0.0,0,0,0.0,0,0,0,0,0,4.67377079828005,7.2,0.101350748165458,-0.0220389982863525,-0.0685693934617362
set2IT049__WCS417,0.5176675908476008,0.0,0,0,0.0,0,20,0,0,0,4.67377079828005,7.0,-0.0374073055035857,-0.062102502069227,-0.30820831354671
set2IT049__pseudo13_GW456_L13,0.3044836019211544,20.0,0,0,0.0,0,0,0,0,0,4.67377079828005,7.0,-1.95031403664639,0.0414047300992745,-0.218630520722925
set2IT050__WCS417,0.44228230808541935,0.0,0,0,0.0,0,0,0,0,0,4.67377079828005,7.0,-0.488701878589467,-0.344643034335031,-0.15472774710381
set2IT050__pseudo13_GW456_L13,0.6009512068487387,0.0,0,0,0.0,0,0,0,0,0,4.67377079828005,7.0,-0.0650356589138692,0.375942341843606,-0.0689855732947445
set2IT051__WCS417,0.47733379133027115,0.0,0,0,0.0,0,0,0,0,0,4.67377079828005,7.0,-0.642362668050309,0.04979100323453,-0.124741458887602
set2IT052__WCS417,0.49799295067429644,0.0,0,0,0.0,0,0,0,0,0,4.67377079828005,7.0,-0.213465953382324,-0.341286781280808,-0.00395521514116126
set2IT052__pseudo13_GW456_L13,0.5441083621501392,0.0,0,0,0.0,0,0,20,0,0,4.67377079828005,7.0,0.0435430567117727,-0.00606864903185833,-0.24152766432218
set2IT053__WCS417,0.3406087380897317,0.0,0,0,0.0,0,0,0,0,0,4.67377079828005,7.0,-1.31985054541765,-0.215988633196266,-0.274380704863838
set2IT053__pseudo13_GW456_L13,0.4668131342752159,0.0,0,0,0.0,0,0,0,0,0,4.67377079828005,7.0,-0.95096492053345,0.193824539266287,-0.0411371832811975
set2IT053__pseudo5_N2C3_1,0.6214455321497676,0.0,0,0,0.0,0,0,0,0,0,0.0,7.0,0.0744579854981652,0.0802620140642616,0.252632883785864
set2IT054__WCS417,0.5741212807703108,0.0,0,0,0.0,0,0,0,0,0,4.67377079828005,7.0,0.335083614864547,-0.223822449478102,-0.0817321922605512
set2IT054__pseudo13_GW456_L13,0.5221231049981474,0.0,0,0,0.0,0,0,0,0,0,4.67377079828005,7.0,-0.254670995206876,-0.198812222432761,0.0799998449469941
set2IT055__WCS417,0.6274962806822892,0.0,0,0,0.0,0,0,0,0,0,4.67377079828005,7.0,0.611454141254197,0.200048468667,-0.354664141273329
set2IT055__pseudo13_GW456_L13,0.1785241262671793,0.0,0,0,0.0,0,0,0,0,0,4.67377079828005,7.0,-3.24122956919847,-0.064380537100279,-0.165090802693281
set2IT056__WCS417,0.5146451271514616,0.0,0,0,0.0,0,0,0,0,0,4.67377079828005,7.0,0.133033238920887,-0.322094692248036,-0.241867695235094
set2IT056__pseudo13_GW456_L13,0.4084133433121697,0.0,20,0,0.0,0,0,0,0,0,4.67377079828005,7.0,-0.100276444540414,-0.215102756882057,-0.93855551777011
set2IT057__WCS417,0.4459774965995201,0.0,0,0,0.0,0,0,0,0,0,4.67377079828005,7.0,-0.483778183598027,-0.091936619334533,-0.38365179381065
set2IT057__pseudo13_GW456_L13,0.48254778122735315,0.0,0,0,0.0,0,0,0,0,0,4.67377079828005,7.0,-0.191875669982051,-0.223798966961864,-0.261574703167162
set2IT058__WCS417,0.6006897192506042,0.0,20,0,0.0,0,0,0,0,0,4.67377079828005,7.0,0.153667385669657,0.122414516910528,-0.0362518042685436
set2IT058__pseudo13_GW456_L13,0.6332137564598672,0.0,0,0,0.0,0,0,0,0,0,4.67377079828005,7.0,0.0356372133366053,0.426490111305058,0.0417719244706352
set2IT059__WCS417,0.5825674595344766,0.0,0,0,0.0,0,0,0,0,0,4.67377079828005,7.0,0.25606051305728,-0.038451238056183,-0.12165312901059
set2IT060__WCS417,0.6039030956141721,0.0,0,0,0.0,0,0,0,0,0,4.67377079828005,7.0,0.31678237670294,-0.123167473474246,0.0719435431900178
set2IT061__WCS417,0.5602067617899958,0.0,0,0,0.0,0,0,0,0,0,4.67377079828005,7.0,0.117320904741712,-0.0657651569279927,-0.130740675182745
set2IT062__WCS417,0.5542450912797567,0.0,0,0,0.0,0,0,0,0,0,4.67377079828005,7.0,0.00109779736880622,-0.118664454616672,-0.00796063843478256
set2IT062__pseudo13_GW456_L13,0.25428151761851236,0.0,0,0,0.0,0,0,0,0,0,4.67377079828005,7.0,-2.56041539024601,0.122485383507921,-0.16882472577752
set2IT063__WCS417,0.5182174588871248,0.0,0,0,0.0,0,0,0,0,0,4.67377079828005,7.0,-0.168476130147853,-0.193769519718909,-0.0412487388766483
set2IT063__pseudo13_GW456_L13,0.5838937598759486,0.0,0,0,0.0,0,0,0,0,0,4.67377079828005,7.0,0.0527340647906226,-0.0334987849869834,0.0871855066551249
set2IT063__pseudo5_N2C3_1,0.34225850047863043,0.0,0,0,0.0,0,0,0,0,0,4.67377079828005,7.2,-1.88646734601933,0.269018413542682,-0.178699643413379
set2IT064__WCS417,0.3733050931891784,0.0,0,0,0.0,0,0,0,0,0,4.67377079828005,7.0,-1.55337117302088,-0.0391683059359531,0.0556516640780733
set2IT064__pseudo13_GW456_L13,0.5050246787042872,0.0,0,0,0.0,0,0,0,0,0,4.67377079828005,7.0,-0.167982129366742,0.14295970032137,-0.479740491649235
set2IT064__pseudo5_N2C3_1,0.5408073143572816,0.0,0,0,0.0,0,0,0,0,0,4.67377079828005,7.2,-0.159833461473875,-0.0440156119439672,-0.0257120770691825
set2IT065__pseudo13_GW456_L13,0.4764599461443327,0.0,0,0,0.0,0,0,0,0,0,4.67377079828005,7.0,-0.172662050321336,0.018222208431914,-0.569591298551444
set2IT065__pseudo5_N2C3_1,0.18789989070759416,0.0,0,0,0.0,0,0,0,0,0,4.67377079828005,7.2,-3.66379978097017,0.0986377144327004,0.214643310782044
set2IT066__WCS417,0.2812211325737027,0.0,0,0,0.0,0,0,0,0,0,4.67377079828005,7.0,-1.85012957132525,-0.0863989821565777,-0.406531641051249
set2IT066__pseudo13_GW456_L13,0.17347538841203514,0.0,0,0,0.0,0,0,0,0,0,4.67377079828005,7.0,-3.45311022255952,-0.154866418762091,0.0705049512635354
set2IT066__pseudo5_N2C3_1,0.33675800787557786,0.0,0,0,0.0,0,0,0,0,0,4.67377079828005,7.2,-2.12615833947278,0.245321291637786,0.0376439302362428
set2IT067__WCS417,0.4393377233472404,0.0,0,0,0.0,0,0,0,0,0,4.67377079828005,7.0,-0.227641914473393,-0.253208313018167,-0.530132840718959
set2IT067__pseudo13_GW456_L13,0.5434100042335289,0.0,0,0,0.0,0,0,0,0,0,4.67377079828005,7.0,-0.302672635919562,0.0859140552944959,0.00730654366691397
set2IT067__pseudo5_N2C3_1,0.5250568304445572,0.0,0,0,0.0,0,0,0,0,0,4.67377079828005,7.2,-0.000959915883329998,0.0427301366615418,-0.392697349925224
set2IT068__WCS417,0.4658952117477836,0.0,0,0,0.0,0,0,0,0,0,4.67377079828005,7.0,-0.000590761062678302,-0.513718907751307,-0.291041738960434
set2IT068__pseudo5_N2C3_1,0.6186948179467319,0.0,0,0,0.0,0,0,0,0,0,4.67377079828005,7.2,0.0191688676520219,0.328469499026912,0.0373210696773119
set2IT069__WCS417,0.24861145261050702,0.0,0,0,0.0,0,0,0,0,0,4.67377079828005,7.0,-2.42307300717914,-0.0434486197151651,-0.198009731537369
set2IT069__pseudo13_GW456_L13,0.5039687913543096,0.0,0,0,0.0,0,0,0,0,0,4.67377079828005,7.0,-0.233502116393508,0.0443903579493432,-0.323752022316762
set2IT069__pseudo5_N2C3_1,0.5529971017897156,0.0,0,0,0.0,0,0,0,0,0,4.67377079828005,7.2,-0.268329928574331,0.272803541791439,-0.13968621022421
set2IT070__WCS417,0.5174241860887241,0.0,0,0,0.0,0,0,0,0,0,4.67377079828005,7.0,0.0427085521038131,-0.30216643381474,-0.150129812554599
set2IT070__pseudo13_GW456_L13,0.3833228745014312,0.0,0,0,0.0,0,0,0,0,0,4.67377079828005,7.0,-0.0514736155740567,0.2560307489658,-1.65975179703472
set2IT070__pseudo5_N2C3_1,0.6585931275638354,0.0,0,0,0.0,0,0,0,0,0,4.67377079828005,7.2,-0.00867321056707793,0.455221375430611,0.270238387130292
set2IT071__pseudo5_N2C3_1,0.6100029816270591,0.0,0,0,0.0,0,0,0,0,0,4.67377079828005,7.2,-0.173587522046202,0.443255219330624,0.0449303781834933
set2IT072__WCS417,0.6299043188143032,0.0,0,0,0.0,0,0,0,0,0,4.67377079828005,7.0,0.756348991250199,-0.149390131646064,-0.130336372416789
set2IT072__pseudo5_N2C3_1,0.4900563356349329,0.0,0,0,0.0,0,0,0,0,0,4.67377079828005,7.2,-0.865655914027363,0.446029731985976,-0.199977201055733
set2IT073__WCS417,0.5517047464499871,0.0,0,0,0.0,0,0,0,0,0,4.67377079828005,7.0,0.178192456952962,-0.202490147177882,-0.12093905967333
set2IT073__pseudo13_GW456_L13,0.3800979353702271,0.0,0,0,0.0,0,0,0,0,0,4.67377079828005,7.0,0.068496330103333,0.352150506771853,-1.90204841074691
set2IT073__pseudo5_N2C3_1,0.5166827892931724,0.0,0,0,0.0,0,0,0,0,0,4.67377079828005,7.2,-0.506949837632523,0.239134718159033,-0.147466798707228
set2IT074__WCS417,0.5855987198479129,0.0,0,0,0.0,0,0,0,0,0,4.67377079828005,7.0,0.320363858964264,-0.151888823245726,-0.0485878364751142
set2IT074__pseudo13_GW456_L13,0.18986840373469915,0.0,0,0,0.0,0,0,0,0,0,4.67377079828005,7.0,0.347765547918625,0.182751315240199,-3.85639331071236
set2IT074__pseudo5_N2C3_1,0.5761770745505304,0.0,0,0,0.0,0,0,0,0,0,4.67377079828005,7.2,-0.0879685977013631,0.15481042746449,-0.0211773900790133
set2IT075__WCS417,0.5405049572880798,0.0,0,0,0.0,0,0,0,0,0,4.67377079828005,7.0,-0.0450994651384149,-0.185543364860417,-0.00125327996298696
set2IT075__pseudo13_GW456_L13,0.40007913824070424,0.0,0,0,0.0,0,0,0,0,0,4.67377079828005,7.0,-1.0795427225237,-0.06492455377956,-0.175838951867876
set2IT076__WCS417,0.5619194115426185,0.0,0,0,0.0,0,0,0,0,0,4.67377079828005,7.0,0.350598967538579,-0.298253007767404,-0.118193416582197
set2IT076__pseudo13_GW456_L13,0.5065203718072592,0.0,0,0,0.0,0,0,0,0,0,4.67377079828005,7.0,-0.289741853731065,-0.0336027365209515,-0.169942636449924
set2IT076__pseudo5_N2C3_1,0.5721300984125256,0.0,0,0,0.0,0,0,0,0,0,4.67377079828005,7.2,-0.40413220813648,0.376291808067025,0.0417601949186455
set2IT077__pseudo13_GW456_L13,0.5770482191673224,0.0,0,0,0.0,0,0,0,0,0,4.67377079828005,7.0,-0.0802752672427949,0.282658517452878,-0.149875179316396
set2IT077__pseudo5_N2C3_1,0.6041122922086706,0.0,0,0,0.0,0,0,0,0,0,4.67377079828005,7.2,-0.165918993013607,0.17978221155798,0.253372655000852
set2IT078__WCS417,0.5441982520779507,0.0,0,0,0.0,0,0,0,0,0,4.67377079828005,7.0,-0.00854020665633459,-0.0493512140199719,-0.145466828909737
set2IT078__pseudo5_N2C3_1,0.6631474708229491,0.0,0,0,0.0,0,0,0,0,0,4.67377079828005,7.2,0.0690308611042842,0.426825138017862,0.259903823935336
set2IT079__WCS417,0.5087129469739213,0.0,0,0,0.0,0,0,0,0,0,4.67377079828005,7.0,-0.27466857873737,0.192396797183444,-0.394191252492829
set2IT080__Keio,0.5419412447088454,0.0,0,0,0.0,0,0,0,0,0,0.0,7.0,-0.227583537290617,0.033764809626756,-0.0269835381266468
set2IT080__pseudo13_GW456_L13,0.5181870800081628,0.0,0,0,0.0,0,0,0,0,0,4.67377079828005,7.0,-0.00213710828468949,-0.136804449256321,-0.264786190949487
set2IT081__Keio,0.5161315868564371,0.0,0,0,0.0,0,0,0,0,0,0.0,7.0,-0.20498128568624,-0.0203796165026846,-0.194154104213835
set2IT081__WCS417,0.551074790038986,0.0,0,0,0.0,0,0,0,0,0,4.67377079828005,7.0,0.214951924821787,-0.203028466447779,-0.162044492689136
set2IT081__pseudo13_GW456_L13,0.7330125312680277,0.0,0,0,0.0,0,0,0,0,0,4.67377079828005,7.0,1.33612706545252,0.122888892740464,-0.0653568032109262
set2IT081__pseudo5_N2C3_1,0.32390731672594186,0.0,0,0,0.0,0,0,0,0,0,4.67377079828005,7.2,-2.03054516689795,0.162986368907975,-0.0870574103702801
set2IT082__Keio,0.6007867412560187,0.0,0,0,70.0,0,0,0,0,0,0.0,7.0,-0.01525125050087,0.212681290248452,0.0431758509499953
set2IT082__pseudo13_GW456_L13,0.21985178579580184,0.0,0,20,0.0,0,0,0,0,0,4.67377079828005,7.0,-1.328752661452,0.0495327448319141,-1.6931263599485
set2IT082__pseudo5_N2C3_1,0.5865494273881334,0.0,0,0,0.0,0,0,0,0,0,4.67377079828005,7.2,-0.11191845924915,0.262363258588848,-0.0230415405374007
set2IT083__Keio,0.551038556137598,0.0,0,0,140.0,0,0,0,0,0,0.0,7.0,-0.235245006096768,0.0622454538679822,0.0225976219011836
set2IT083__WCS417,0.5935428723762154,0.0,0,0,0.0,0,0,0,0,0,4.67377079828005,7.0,0.335506677245316,-0.18105653140278,0.0284025030948072
set2IT083__pseudo5_N2C3_1,0.3336831671357012,0.0,0,0,0.0,0,0,0,0,0,4.67377079828005,7.2,-2.44416980708941,0.396093005865018,0.178420936391276
set2IT084__WCS417,0.5121115936716101,0.0,0,0,0.0,0,0,0,0,0,4.67377079828005,7.0,-0.389908967621862,-0.0675204702271521,0.00705041196737555
set2IT084__pseudo5_N2C3_1,0.3270653599137691,0.0,0,0,0.0,0,0,0,0,0,4.67377079828005,7.2,-2.13036173082028,0.17004507644353,0.0332881380135444
set2IT085__Keio,0.6321212933133418,0.0,0,0,0.0,0,0,0,0,0,0.0,7.0,0.204516953238916,0.421382957861324,-0.131016174743455
set2IT085__WCS417,0.537535373548422,0.0,0,0,0.0,0,0,0,0,0,4.67377079828005,7.0,-0.200901060601225,-0.0920051104577704,0.0380893433018918
set2IT085__pseudo5_N2C3_1,0.5584413143269947,0.0,0,0,0.0,0,0,0,0,0,4.67377079828005,7.2,0.0200145293096887,0.158925198780306,-0.271861617517232
set2IT086__Keio,0.6279101004416966,0.0,0,0,0.0,0,0,0,0,0,0.0,7.0,0.10965945015081,0.403606795283604,-0.0530316345602744
set2IT086__pseudo13_GW456_L13,0.4237462722721823,0.0,0,0,0.0,0,0,0,400,0,0.0,7.0,-0.64989222913297,-0.22104169358475,-0.261954268076489
set2IT086__pseudo5_N2C3_1,0.5753372464833199,0.0,0,0,0.0,0,0,0,0,0,4.67377079828005,7.2,-0.180825500758792,0.155519997731123,0.0643758523724491
set2IT087__WCS417,0.3017353592335503,0.0,0,0,0.0,0,0,0,0,0,4.67377079828005,7.0,-1.50166668775519,-0.138366374328963,-0.512459118474634
set2IT087__pseudo5_N2C3_1,0.5428468444502943,0.0,0,0,0.0,0,0,0,0,0,4.67377079828005,7.2,-0.784969946924771,0.388675336489106,0.182489928234599
set2IT088__WCS417,0.4120557634720188,0.0,0,0,0.0,0,0,0,0,0,4.67377079828005,7.0,-0.411516760077753,-0.379870069662404,-0.433674418774078
set2IT088__pseudo5_N2C3_1,0.652117518388179,0.0,0,0,0.0,0,0,0,0,0,4.67377079828005,7.2,0.0835167143396807,0.251763729183056,0.326519101991134
set2IT089__WCS417,0.5672997403508999,0.0,0,0,0.0,0,0,0,0,0,4.67377079828005,7.0,0.215771884008771,0.122164171473358,-0.361807177150103
set2IT089__pseudo5_N2C3_1,0.5778578998388413,0.0,0,0,0.0,0,0,0,0,0,4.67377079828005,7.2,-0.183642420730734,0.292464014642731,-0.0499493717608805
set2IT090__pseudo5_N2C3_1,0.5183140310789266,0.0,0,0,0.0,0,0,0,0,0,4.67377079828005,7.2,-0.452124052513306,0.14835228089014,-0.0989807769985789
set2IT091__WCS417,0.4690088818325338,0.0,0,0,0.0,0,0,0,0,0,4.67377079828005,7.0,-0.334058890580969,-0.392678987422846,-0.0546253936623586
set2IT091__pseudo5_N2C3_1,0.6072744225465917,0.0,0,0,0.0,0,0,0,0,0,4.67377079828005,7.2,0.163770692348986,0.127136211702523,0.00172190582685872
set2IT092__WCS417,0.5136331494240786,0.0,0,0,0.0,0,0,0,0,0,4.67377079828005,7.0,-0.172247266529404,-0.164496143561431,-0.101955304897009
set2IT092__pseudo5_N2C3_1,0.5694454460873627,0.0,0,0,0.0,0,0,0,0,0,4.67377079828005,7.2,-0.0600831734803324,0.00157346085197063,0.0514129917128341
set2IT093__Keio,0.1370660424109579,0.0,0,0,0.0,0,0,0,0,0,9.5,7.0,0.108483636621433,-0.111477881759635,-4.06895089817302
set2IT093__WCS417,0.5549049754634081,0.0,0,0,0.0,0,0,0,0,0,4.67377079828005,7.0,0.135873667103046,-0.422311718123277,0.166034071748
set2IT094__Keio,0.13695597021769085,22.0,0,0,0.0,0,0,0,0,0,9.5,7.0,-0.0560303256905007,0.463762377645918,-4.48146259386619
set2IT094__WCS417,0.596261617407076,0.0,0,0,0.0,0,0,0,0,0,4.67377079828005,7.0,0.380993730085635,-0.161888088506209,-0.014616713564011
set2IT094__pseudo5_N2C3_1,0.5483748317604926,0.0,0,0,0.0,0,0,0,0,0,4.67377079828005,7.2,-0.652827267909807,0.451389537585369,0.0303971108469887
set2IT095__Keio,0.09554093533303913,0.0,0,0,0.0,0,0,0,0,0,18.6950831931202,7.0,-0.0901900224090672,-0.390704642297697,-4.37336136868148
set2IT095__pseudo5_N2C3_1,0.5752840666940456,0.0,0,0,0.0,0,0,0,0,0,4.67377079828005,7.2,-0.230834730750172,0.13468113308969,0.134806509858999
set2IT096__Keio,0.2585306795790989,22.0,0,0,0.0,0,0,0,0,0,18.6950831931202,7.0,0.249085564505186,0.818200023350098,-3.63129731340901
set2IT096__pseudo5_N2C3_1,0.6025622057239308,0.0,0,0,0.0,0,0,0,0,0,4.67377079828005,7.2,-0.0599403673625905,0.20344434043262,0.111309856511957
set3IT001__WCS417,0.5982343027219377,0.0,0,0,0.0,0,0,0,0,0,4.67377079828005,7.0,0.244855539425786,-0.00916495204790557,-0.0154732672500435
set3IT002__WCS417,0.5367968050386019,0.0,0,0,0.0,0,0,0,0,0,4.67377079828005,7.0,-0.180911168213436,0.0918782696831084,-0.171481311642763
set3IT003__WCS417,0.5979049189208995,0.0,0,0,0.0,0,0,0,0,0,4.67377079828005,7.0,0.178085468110653,0.136527862289397,-0.0970239653619001
set3IT005__WCS417,0.631443968086399,0.0,0,0,0.0,0,0,0,0,0,4.67377079828005,7.0,0.537465636441986,-0.105324477496151,0.0571585999909385
set3IT006__WCS417,0.4691506199369282,0.0,0,0,0.0,0,0,0,0,0,4.67377079828005,7.0,0.541223848265653,-0.292602691635975,-1.02889291530176
set3IT007__WCS417,0.5429409505538646,0.0,0,0,0.0,0,0,0,0,0,4.67377079828005,7.0,0.0701089059859108,0.370839985139051,-0.654026289253797
set3IT008__WCS417,0.5570672481215049,0.0,0,0,0.0,0,0,0,0,0,4.67377079828005,7.0,0.222150470079666,-0.0570666549410629,-0.2686893548368
set3IT009__WCS417,0.6277901373985794,0.0,0,0,0.0,0,0,0,0,0,4.67377079828005,7.0,0.152687821283467,0.452627160305887,-0.146065043362064
set3IT010__WCS417,0.5910062743118746,0.0,0,0,0.0,0,0,0,0,0,4.67377079828005,7.0,-0.103046643948066,0.23332553743457,0.0324281587723663
set3IT011__WCS417,0.5624926415808297,0.0,0,0,0.0,0,0,0,0,0,4.67377079828005,7.0,-0.457402381644025,0.459287299687051,-0.0632657242877233
set3IT012__WCS417,0.6245593437057514,0.0,0,0,0.0,0,0,0,0,0,4.67377079828005,7.0,0.278357283822902,0.28816139487369,-0.133739436059022
set3IT014__WCS417,0.5737151889147328,0.0,0,0,0.0,0,0,0,0,0,4.67377079828005,7.0,0.21169474147709,-0.125813211169673,-0.0595374850179085
set3IT015__WCS417,0.8227897247064774,0.0,0,0,0.0,0,0,0,0,0,4.67377079828005,7.0,2.52077350489533,-0.0501652198083489,-0.069297395285538
set3IT016__WCS417,0.5337287676724979,0.0,0,0,0.0,0,0,0,0,0,4.67377079828005,7.0,-0.405360045547917,0.129957870634667,-0.00876610122019783
set3IT017__WCS417,0.5339038341572955,0.0,0,0,0.0,0,0,0,0,0,4.67377079828005,7.0,-0.515741646890436,0.14568322505664,0.0872393333695192
set3IT018__WCS417,0.4869818470801112,0.0,0,0,0.0,0,0,0,0,0,4.67377079828005,7.0,-0.703069096779927,0.0746646978807137,-0.0147973292134811
set3IT019__WCS417,0.581089769455648,0.0,0,0,0.0,0,0,0,0,0,4.67377079828005,7.0,0.133466339185402,-0.0602587410372708,0.0111005148383564
set3IT020__WCS417,0.690091515335548,0.0,0,0,0.0,0,0,0,0,0,4.67377079828005,7.0,0.993730591057622,0.0829610209590567,-0.0846602527756628
set3IT021__WCS417,0.32882090370696937,0.0,0,20,0.0,0,0,0,0,0,4.67377079828005,7.0,0.490205839368019,-0.118671737211975,-2.2832860383166
set3IT023__WCS417,0.5964332740698001,0.0,0,0,0.0,0,0,0,0,0,4.67377079828005,7.0,0.254205622235219,0.0949284027334796,-0.14327745673398
set3IT024__WCS417,0.8579726096751019,0.0,0,0,0.0,0,0,0,0,0,4.67377079828005,7.0,2.49798318935335,0.173101716730678,0.234986455658403
set3IT025__WCS417,0.56953944781821,0.0,0,0,0.0,0,0,0,0,0,4.67377079828005,7.0,-0.164032384178936,0.38078411885115,-0.223113120363394
set3IT026__WCS417,0.48635800602871504,0.0,0,0,0.0,0,0,0,0,0,4.67377079828005,7.0,-0.6142325201757,-0.037751238487675,0.00399285176124087
set3IT027__WCS417,0.5274060605051949,0.0,0,0,0.0,0,0,0,0,0,4.67377079828005,7.0,-0.118585608073441,-0.261982789172348,0.0477130756746482
set3IT028__WCS417,0.6269221909189888,0.0,0,0,0.0,0,0,0,0,0,4.67377079828005,7.0,0.115923390361714,0.214426073223787,0.121780093420887
set3IT029__WCS417,0.7024408736373225,0.0,0,0,0.0,0,0,0,0,0,4.67377079828005,7.0,0.917153062095393,0.33680116536016,-0.149917371806273
set3IT030__WCS417,0.3587987517373142,0.0,0,20,0.0,0,0,0,0,0,4.67377079828005,7.0,0.349253614475357,0.000574321773278985,-2.00661673653908
set3IT030__pseudo1_N1B4,0.5280213522768488,0.0,0,0,0.0,0,0,0,0,0,0.0,7.0,0.0859005964701177,-0.236130916220963,-0.177890266469426
set3IT031__pseudo1_N1B4,0.5838599213396228,0.0,0,0,0.0,0,0,0,0,0,0.0,7.0,0.467165677733195,-0.128643881720995,-0.232368117430429
set3IT032__pseudo1_N1B4,0.5672466456218692,0.0,0,0,20.0,0,0,0,0,0,0.0,7.0,0.321732284005368,-0.210654132068363,-0.135364097352221
set3IT046__pseudo1_N1B4,0.536053464912145,0.0,0,0,0.0,0,0,0,200,0,0.0,7.0,0.420028726263965,-0.467163946857736,-0.219111923315411
set3IT047__Dyella79,0.5832062944329164,0.0,0,0,0.0,0,0,0,0,0,0.0,7.0,0.0998830414500764,,-0.0325527548148585
set3IT047__pseudo1_N1B4,0.6342620436347564,0.0,0,0,0.0,0,0,0,300,0,0.0,7.0,0.623695261129081,-0.142274311560791,0.0311398790761839
set3IT048__Dyella79,0.6069274378742099,0.0,0,0,0.0,0,0,0,0,0,0.0,7.0,0.265010593953138,,-0.0717846456366238
set3IT050__pseudo3_N2E3,0.5973458192017694,0.0,0,0,0.0,0,0,0,0,0,4.67377079828005,7.2,0.0873995000653036,0.0165050705655262,0.109225686575981
set3IT051__pseudo3_N2E3,0.5854760911907014,0.0,0,0,0.0,0,0,0,0,0,4.67377079828005,7.2,-0.0762018109325552,0.141156746874287,0.0539631596003889
set3IT059__Dyella79,0.5574636556212447,0.0,0,0,0.0,0,0,0,250,0,0.0,7.0,-0.00151316855711459,,-0.0655028936465527
set3IT062__pseudo3_N2E3,0.5575916992480697,0.0,0,0,0.0,0,0,0,500,0,0.0,7.0,-0.0921960375350015,0.0867670277818886,-0.0940996238361451
set3IT067__Kang,0.622240356182663,0.0,0,0,0.0,0,0,0,0,0,0.0,7.6,0.137945097581734,,
set3IT067__pseudo13_GW456_L13,0.5086424480266225,20.0,0,0,0.0,0,0,0,0,0,0.0,7.0,-0.627809576742422,0.199608815003619,-0.0488032654003843
set3IT068__pseudo13_GW456_L13,0.3644073079741156,20.0,0,0,0.0,0,0,0,0,0,0.0,7.0,-1.29582366980491,-0.175062915783927,-0.139305743137768
set3IT069__Kang,0.20000597652486232,0.0,0,0,150.0,0,0,0,0,0,0.0,7.6,-1.06732201935612,,
set3IT069__pseudo13_GW456_L13,0.3523733767213574,20.0,0,0,0.0,0,0,0,0,0,0.0,7.0,-1.50185176593813,0.0103860477468236,-0.219102485684393
set3IT070__Kang,0.07464141034493796,0.0,0,0,300.0,0,0,0,0,0,0.0,7.6,-1.79050381730204,,
set3IT070__pseudo13_GW456_L13,0.46395378449884656,20.0,0,0,0.0,0,0,0,0,0,0.0,7.0,-0.584591041013678,-0.106735196313922,-0.128992435307259
set3IT071__Kang,0.5635734054227943,0.0,0,0,0.0,0,0,0,0,0,0.0,7.6,-0.0176519557365302,,
set3IT071__pseudo13_GW456_L13,0.4994298796127537,20.0,0,0,0.0,0,0,0,0,0,0.0,7.0,-0.600343048772518,0.0547793288175473,-0.00212080036553552
set3IT072__pseudo13_GW456_L13,0.42309856601708523,20.0,0,0,0.0,0,0,0,0,0,0.0,7.0,-0.911869482589582,0.179078369883157,-0.405185285672268
set3IT073__pseudo13_GW456_L13,0.34984588304026365,20.0,0,0,0.0,0,0,0,0,0,0.0,7.0,-1.56469283457307,0.0602011057631997,-0.227352754255206
set3IT074__pseudo13_GW456_L13,0.42249971714536966,20.0,0,0,0.0,0,0,0,0,0,0.0,7.0,-0.82476657658876,-0.116262961745375,-0.201653104600906
set3IT075__pseudo13_GW456_L13,0.49878866274594236,20.0,0,0,0.0,0,0,0,0,0,0.0,7.0,-0.482853328071842,-0.185062066201125,0.115311785530718
set3IT076__pseudo13_GW456_L13,0.27175436067819947,20.0,0,0,0.0,0,0,0,0,0,0.0,7.0,-2.43405071210499,0.109740366100832,-0.109517439710881
set3IT077__pseudo13_GW456_L13,0.5335483772939327,20.0,0,0,0.0,0,0,0,0,0,0.0,7.0,-0.436287406786363,0.0975605928446683,0.0531683873716498
set3IT078__pseudo13_GW456_L13,0.36938628652412137,20.0,0,0,0.0,0,0,0,0,0,0.0,7.0,-1.43314873862878,-0.00858732753173275,-0.127346484958963
set3IT079__pseudo13_GW456_L13,0.24897503325107007,20.0,0,0,0.0,0,0,0,0,0,0.0,7.0,-2.59868637019503,0.0509626760603556,-0.113076700746414
set3IT079__pseudo6_N2E2,0.49708912449536036,0.0,0,0,80.0,0,0,0,0,0,0.0,7.0,-0.238163961665366,-0.284526674777966,-0.0429511529822131
set3IT080__pseudo13_GW456_L13,0.2428849719364599,20.0,0,0,0.0,0,0,0,0,0,0.0,7.0,-2.79578928781926,0.154629282945713,-0.0826249454843604
set3IT081__pseudo13_GW456_L13,0.3277621277030076,20.0,0,0,0.0,0,0,0,0,0,0.0,7.0,-1.76996852227196,-0.0269553681827479,-0.124036402569263
set3IT082__Dyella79,0.3681020173233735,20.0,0,0,0.0,0,0,0,0,0,0.0,7.0,-0.110946079642594,,-0.942163236929406
set3IT082__pseudo13_GW456_L13,0.33589196143658395,20.0,0,0,0.0,0,0,0,0,0,0.0,7.0,-1.56945380585053,0.132806393133597,-0.413986939932649
set3IT083__Dyella79,0.2737673061356036,20.0,0,0,0.0,0,0,0,0,0,0.0,7.0,-0.11161252284687,,-1.49796451701319
set3IT084__pseudo13_GW456_L13,0.5080190471966982,20.0,0,0,0.0,0,0,0,0,0,0.0,7.0,-0.513810289024934,0.0673234842104933,-0.035300947983363
set3IT085__pseudo13_GW456_L13,0.4138455843223822,20.0,0,0,0.0,0,0,0,0,0,0.0,7.0,-1.4421696147306,0.31736268891281,-0.0860945725406113
set3IT086__Dyella79,0.47040619783940385,20.0,0,0,0.0,0,0,0,0,0,0.0,7.0,-0.513823633734523,,8.74244311521721e-05
set3IT086__pseudo13_GW456_L13,0.34143876906543025,20.0,0,0,0.0,0,0,0,0,0,0.0,7.0,-1.30854031225579,-0.346621291259894,-0.147974609769697
set3IT087__pseudo13_GW456_L13,0.40848168116499756,20.0,0,0,0.0,0,0,0,0,0,0.0,7.0,-0.991676286572809,-0.0268626814756692,-0.234853313211587
set3IT088__Dyella79,0.604320815368695,20.0,0,0,0.0,0,0,0,0,0,0.0,7.0,0.101971437432932,,0.0773006991417939
set3IT088__pseudo13_GW456_L13,0.4059227184419906,20.0,0,0,0.0,0,0,0,0,0,0.0,7.0,-1.17496480658911,-0.0376404091775231,-0.0611184355370322
set3IT089__Dyella79,0.09158985422040754,20.0,0,0,0.0,0,0,0,0,0,0.0,7.0,-0.212542491405999,,-3.08320124143259
set3IT089__pseudo13_GW456_L13,0.4490975838749156,20.0,0,0,0.0,0,0,0,0,0,0.0,7.0,-1.04325844789372,0.27116799251206,-0.163073974557709
set3IT090__Dyella79,0.09869768168505559,20.0,0,0,0.0,0,0,0,0,0,0.0,7.0,0.220618565558716,,-3.4107566748659
set3IT090__pseudo13_GW456_L13,0.4059114533844681,20.0,0,0,0.0,0,0,0,0,0,0.0,7.0,-1.30518398207527,0.245892916064285,-0.214522176890447
set3IT091__Dyella79,0.49890336087089626,20.0,0,0,0.0,0,0,0,0,0,0.0,7.0,0.129487387870833,,-0.497303188877605
set3IT091__pseudo13_GW456_L13,0.6808862645976932,20.0,0,0,0.0,0,0,0,0,0,0.0,7.0,1.0096517851934,0.00819449527483251,-0.107706789670342
set3IT092__Dyella79,0.07615799232353496,20.0,0,0,0.0,0,0,0,0,0,0.0,7.0,0.304733389263112,,-3.85792578555863
set3IT092__pseudo13_GW456_L13,0.39332601189693583,20.0,0,0,0.0,0,0,0,0,0,0.0,7.0,-0.960911066246873,-0.128695449091269,-0.284816844830213
set3IT093__Dyella79,0.04908564222685837,20.0,0,0,0.0,0,0,0,0,0,0.0,7.0,-0.130942827604676,,-4.020785362938
set3IT093__pseudo13_GW456_L13,0.5083491118031738,20.0,0,0,0.0,0,0,0,0,0,0.0,7.0,-0.366609181918667,0.076657110014309,-0.189302923473678
set3IT094__Dyella79,0.09052076561667169,20.0,0,0,0.0,0,0,0,0,0,0.0,7.0,0.0443883053552803,,-3.35664794824758
set3IT094__pseudo13_GW456_L13,0.29508228262803615,20.0,0,0,0.0,0,0,0,0,0,20.0,7.0,-2.45333013081722,0.407234762109009,-0.167344691736078
set3IT095__pseudo13_GW456_L13,0.11054900269116888,20.0,0,0,0.0,0,0,0,0,0,0.0,7.0,-4.2817491212754,0.0522725024359167,-0.312863979133844
set3IT096__Dyella79,0.15577996324249302,20.0,0,0,0.0,0,0,0,0,0,0.0,7.0,-0.0763302405245905,,-2.446632618901
set4H13__Marino,0.7789716913851303,0.0,0,0,0.0,0,0,0,0,0,0.0,7.6,1.30093765209124,,-0.0525415777731824
set4H14__Marino,0.6173127500209747,0.0,0,0,0.0,0,0,0,0,0,0.0,7.6,0.280469983473641,,-0.0313156135173105
set4H15__Marino,0.5061022471676095,0.0,0,0,175.0,0,0,0,0,0,0.0,7.6,-0.260864515105176,,-0.0701323956823885
set4H16__Marino,0.4990693771429101,0.0,0,0,87.5,0,0,0,0,0,0.0,7.6,-0.194224806043619,,-0.172741932891874
set4H26__Marino,0.7602507257408706,0.0,0,0,0.0,0,0,0,0,0,0.0,7.6,1.23124283199883,,-0.117902018385119
set4H5__Marino,0.8159747861111804,0.0,0,0,0.0,0,0,0,0,0,0.0,7.6,1.70660500902284,,-0.164613367832763
set4H6__Marino,0.6103823007718923,0.0,0,0,0.0,0,0,0,0,0,0.0,7.6,0.23468840167635,,-0.0229173627855752
set4H7__Marino,0.5306471241093996,0.0,0,0,175.0,0,0,0,0,0,0.0,7.6,-0.174653066176223,,-0.0306185681705469
set4H8__Marino,0.49880398617085986,0.0,0,0,87.5,0,0,0,0,0,0.0,7.6,-0.343491730386111,,-0.0248323062523776
set4IT061__WCS417,0.5801590888090964,0.0,0,0,0.0,0,0,0,0,0,0.0,7.0,-0.0860837470577511,0.0499985559667713,0.113063022546867
set4IT061__pseudo1_N1B4,0.4967528897106519,0.0,0,0,0.0,0,0,0,0,0,4.67377079828005,7.0,-0.116495262821194,-0.623325997172309,0.171599959593337
set4IT062__pseudo1_N1B4,0.5506972164584407,0.0,0,0,0.0,0,0,0,0,0,4.67377079828005,7.0,0.154971514213128,-0.419986364028646,0.111966958163641
set4IT063__pseudo1_N1B4,0.4000199160110009,0.0,0,0,0.0,0,0,0,0,0,4.67377079828005,7.0,-1.1161670999007,-0.263858302836556,0.0592459428362717
set4IT064__pseudo1_N1B4,0.4927697241379315,0.0,0,0,0.0,0,0,0,0,0,4.67377079828005,7.0,-0.0157285202220194,-0.24114226024205,-0.341910747856048
set4IT065__pseudo1_N1B4,0.4359621764098342,0.0,0,0,0.0,0,0,0,0,0,4.67377079828005,7.0,-0.209283401451006,-0.801459719884408,-0.0265444785375616
set4IT066__pseudo1_N1B4,0.586937723296487,0.0,0,0,0.0,0,0,0,0,0,4.67377079828005,7.0,0.592186899013973,-0.45002719849418,-0.0116852060346018
set4IT067__pseudo1_N1B4,0.4479181390462143,0.0,0,0,0.0,0,0,0,0,0,4.67377079828005,7.0,0.0134248578260036,-0.899855236911803,-0.0578791142273939
set4IT068__pseudo1_N1B4,0.4894584121679683,0.0,0,0,0.0,0,0,0,0,0,4.67377079828005,7.0,-0.233219781919421,-0.251499194014981,-0.139473281787582
set4IT068__pseudo3_N2E3,0.5396111220027114,0.0,0,0,0.0,0,0,0,0,0,0.0,7.0,-0.0437847754214238,-0.0708869920905677,-0.12412566632767
set4IT069__pseudo1_N1B4,0.5025355503252095,0.0,0,0,0.0,0,0,0,0,0,4.67377079828005,7.0,-0.0527800522173905,-0.182986064785231,-0.288093193487638
set4IT069__pseudo3_N2E3,0.6388664358575847,0.0,0,0,0.0,0,0,0,0,0,0.0,7.0,0.229913003591269,0.224593965252183,0.0962241151194247
set4IT070__pseudo1_N1B4,0.3541046395592382,0.0,0,0,0.0,0,0,0,0,0,4.67377079828005,7.0,-0.3162899993162,-0.839434309162723,-0.54031042106098
set4IT070__pseudo3_N2E3,0.5605992633398191,0.0,0,0,0.0,0,0,0,0,0,0.0,7.0,0.0980841280298378,-0.0757714906379092,-0.098441908529652
set4IT071__pseudo1_N1B4,0.4634933194535495,0.0,0,0,0.0,0,0,0,0,0,4.67377079828005,7.0,-0.293583222616511,-0.0874961224629392,-0.442790461744906
set4IT071__pseudo3_N2E3,0.6257667982072067,0.0,0,0,17.0,0,0,0,0,0,0.0,7.0,0.198635229178021,0.308979744982786,-0.0649535316009646
set4IT072__pseudo1_N1B4,0.532960425590184,0.0,0,0,0.0,0,0,0,0,0,4.67377079828005,7.0,0.137638619302802,-0.402872984364026,-0.0248545526625191
set4IT072__pseudo3_N2E3,0.5514441598784948,0.0,0,0,34.0,0,0,0,0,0,0.0,7.0,0.0497371124798537,-0.0702586900215706,-0.126735751264164
set4IT073__pseudo1_N1B4,0.5214174332554294,0.0,0,0,0.0,0,0,0,0,0,4.67377079828005,7.0,0.401313359971374,-0.550205890561277,-0.230014660767725
set4IT073__pseudo3_N2E3,0.49266574870472185,0.0,0,0,68.0,0,0,0,0,0,0.0,7.0,-0.72484244943273,0.211782225617491,-0.0865191175412474
set4IT074__pseudo1_N1B4,0.519900129482047,0.0,0,0,0.0,0,0,0,0,0,4.67377079828005,7.0,0.0898336793816052,-0.308544004995566,-0.171856721106873
set4IT075__pseudo1_N1B4,0.32139401877994916,0.0,0,0,0.0,0,0,0,0,0,4.67377079828005,7.0,0.099123046136629,-0.423194601339078,-1.65260023969105
set4IT075__pseudo3_N2E3,0.5347424212187415,0.0,0,0,0.0,0,0,0,0,0,0.0,7.0,-0.0349922234868734,-0.0582612554708923,-0.18310195875978
set4IT076__pseudo1_N1B4,0.554869679028943,0.0,0,0,0.0,0,0,0,0,0,4.67377079828005,7.0,0.157207283755565,-0.271917691508832,-0.00596764961808516
set4IT076__pseudo3_N2E3,0.5897228385313399,0.0,0,0,0.0,0,0,0,0,0,0.0,7.0,-0.0142716959797345,0.247504176179805,-0.0807037193820238
set4IT077__pseudo1_N1B4,0.5875991001781498,0.0,0,0,0.0,0,0,0,0,0,4.67377079828005,7.0,0.214233961252942,-0.0442847164290917,-0.0342416025969949
set4IT077__pseudo3_N2E3,0.4883125798617005,0.0,0,0,0.0,0,0,0,0,0,0.0,7.0,-0.69476799814158,0.185369573778286,-0.123588394195768
set4IT078__pseudo1_N1B4,0.6921350881383722,0.0,0,0,0.0,0,0,0,0,0,4.67377079828005,7.0,0.804552963283664,0.14778866959147,0.0580492374109348
set4IT079__pseudo1_N1B4,0.48569175954950744,0.0,0,0,0.0,0,0,0,0,0,4.67377079828005,7.0,-0.198457590194237,-0.454414508765681,-0.000233890591645886
set4IT080__pseudo1_N1B4,0.4725662501336095,0.0,0,0,0.0,0,0,0,0,0,4.67377079828005,7.0,-0.272248975343057,-0.521475683030579,0.0397452005020568
set4IT082__Koxy,0.028174204306502547,20.0,0,0,0.0,0,0,0,0,0,4.67377079828005,7.0,0.0171721828005508,,-4.90652738903319
set4IT082__pseudo1_N1B4,0.4735432051220022,0.0,0,0,0.0,0,0,0,0,0,4.67377079828005,7.0,-0.371224021754061,-0.387840371058904,0.0126014417941159
set4IT083__Koxy,0.03421491831731107,0.0,0,0,0.0,0,0,0,0,0,4.67377079828005,7.0,-0.422249103665637,,-4.21076390431313
set4IT083__pseudo1_N1B4,0.5227732876745912,0.0,0,0,0.0,0,0,0,0,0,4.67377079828005,7.0,-0.315967794675052,0.0461156662412143,-0.0986333162724209
set4IT084__pseudo1_N1B4,0.4134950589595529,0.0,0,0,0.0,0,0,0,0,0,4.67377079828005,7.0,-0.624496176000392,-0.625245585895436,0.0360685937427055
set4IT085__pseudo1_N1B4,0.2047764482190954,0.0,0,20,0.0,0,0,0,0,0,4.67377079828005,7.0,-2.56281299000793,-0.0154479935678139,-0.567027102278518
set4IT086__Koxy,0.02592384162535618,0.0,0,0,0.0,0,0,0,0,0,4.67377079828005,7.0,0.0494293513312754,,-5.04817538112798
set4IT086__pseudo1_N1B4,0.44207880225032414,0.0,0,0,0.0,0,0,0,0,0,4.67377079828005,7.0,-0.166886761240759,-0.200046391321253,-0.622721854893493
set4IT087__Koxy,0.012196518787749648,0.0,0,0,0.0,0,0,0,0,0,4.67377079828005,7.0,-0.480591767925632,,-5.50011033554412
set4IT088__Koxy,0.04273316694741925,0.0,0,0,0.0,0,20,0,0,0,4.67377079828005,7.0,0.03228037827875,,-4.36972113763432
set4IT089__Koxy,0.03667034039669826,0.0,0,0,0.0,0,0,0,0,0,4.67377079828005,7.0,-0.0355527739094543,,-4.50559169615654
set4IT090__Koxy,0.01659141786036191,0.0,0,0,0.0,0,0,0,0,0,4.67377079828005,7.0,-0.265414875814265,,-5.3161229385421
set4IT091__Koxy,0.06312173878663573,0.0,0,0,0.0,0,0,0,0,0,4.67377079828005,7.0,0.115521663297746,,-3.92667609734366
set4IT092__Koxy,0.013476376954647895,0.0,0,0,0.0,0,0,0,0,0,4.67377079828005,7.0,0.021871604976476,,-5.87332969931272
set4IT093__Koxy,0.023040002221409377,0.0,0,0,0.0,0,0,0,0,0,4.67377079828005,7.0,-0.361900847972062,,-4.79140901394319
set4IT094__Koxy,0.026757086421664758,0.0,0,0,0.0,0,0,0,0,0,4.67377079828005,7.0,-0.0932256859794789,,-4.86397672381993
set4IT095__Koxy,0.033470554052499046,0.0,0,0,0.0,0,0,0,0,0,4.67377079828005,7.0,0.067481656274502,,-4.72960291747457
set4IT096__Koxy,0.44978114804161706,0.0,0,0,0.0,0,0,0,0,0,4.67377079828005,7.0,-0.0762467173489629,,-0.543664159468238
set52IT047__Keio,0.0963940882957688,0.0,0,0,0.0,0,0,0,0,0,4.67377079828005,7.0,0.344536249807297,0.278679788705576,-5.45861216772923
set52IT048__Keio,0.11104027859618974,0.0,0,0,0.0,0,0,0,0,0,4.67377079828005,7.0,0.193690273870397,0.495421118568553,-5.22188834345128
set52IT049__Keio,0.16865999819337577,0.0,0,0,0.0,0,0,0,0,0,4.67377079828005,7.0,0.333175808701145,0.386670420326745,-4.32244875698759
set52IT051__Keio,0.08846019833625962,0.0,0,0,0.0,0,0,0,0,0,4.67377079828005,7.0,0.315184163372734,0.00314266055228429,-5.33521846310418
set52IT052__Keio,0.09611244561817144,0.0,0,0,0.0,0,0,0,0,0,4.67377079828005,7.0,0.37023797522974,0.0526694877388764,-5.26451306582763
set52IT053__Keio,0.1307550569546541,0.0,0,0,0.0,0,0,0,0,0,4.67377079828005,7.0,0.21771129778212,-0.201642407888358,-4.19239175049762
set5H10__Marino,0.6553656571748504,0.0,0,0,0.0,0,0,0,0,0,0.0,7.0,0.763478507833647,,-0.303932129161766
set5H11__Marino,0.5919404619908697,0.0,0,0,0.0,0,0,0,0,0,0.0,7.0,0.164365129068571,,-0.050950588932186
set5H12__Marino,0.5053142490187927,0.0,0,0,0.0,0,0,0,0,0,0.0,7.0,0.427853169504415,,-0.762880672768331
set5H13__Marino,0.5743143820374195,0.0,0,0,0.0,0,0,0,0,0,0.0,7.0,-0.1401211033817,,0.160816914814751
set5H14__Marino,0.5968024146313682,0.0,20,0,0.0,0,0,0,0,0,0.0,7.0,0.0870321017119964,,0.0521667381468314
set5H15__Marino,0.6818042340149926,0.0,0,0,0.0,0,0,0,0,0,0.0,7.0,0.7819705820811,,-0.169805023987653
set5H16__Marino,0.5976980585924129,0.0,0,0,0.0,0,0,0,0,0,0.0,7.0,0.642794261353615,,-0.498834720336295
set5H19__psRCH2,0.1947282173722484,20.0,0,0,0.0,0,0,0,0,0,4.67377079828005,7.2,-3.4889743268043,0.291973441256199,-0.0688646342384629
set5H20__psRCH2,0.22345187448816478,20.0,0,0,0.0,0,0,0,0,0,4.67377079828005,7.2,-3.35589144640343,0.33461036933417,0.0889563441492462
set5H30__Marino,0.5179835383014751,0.0,0,0,0.0,0,0,0,0,0,0.0,7.0,0.410474111321372,,-0.680668282624961
set5H32__Marino,0.6431077515761668,0.0,20,0,0.0,0,0,0,0,0,0.0,7.0,0.457784860260871,,-0.0670655535301155
set5H33__Marino,0.6644217335991953,0.0,0,0,0.0,0,0,0,0,0,0.0,7.0,0.737929626633798,,-0.226789429307953
set5H34__Marino,0.6393182401743682,0.0,0,0,0.0,0,0,0,0,0,0.0,7.0,0.703668318393132,,-0.334009781603238
set5H35__Marino,0.5550559479022625,0.0,0,0,0.0,0,0,0,0,0,0.0,7.0,-0.0618909992517338,,-0.0175967502199299
set5H36__Marino,0.49829557244870665,0.0,0,0,0.0,0,0,0,0,0,0.0,7.0,0.434629140555128,,-0.805553384350443
set5H37__Marino,0.5727527357351307,0.0,0,0,0.0,0,0,0,0,0,0.0,7.0,0.0389695559663901,,-0.0264370561800331
set5H38__Marino,0.6082682515162087,0.0,20,0,0.0,0,0,0,0,0,0.0,7.0,0.194215075426523,,0.00620119159330335
set5H39__Marino,0.6493010670107656,0.0,0,0,0.0,0,0,0,0,0,0.0,7.0,0.548811415762455,,-0.123455432558797
set5H39__psRCH2,0.19545947854298898,20.0,0,0,0.0,0,0,0,0,0,4.67377079828005,7.2,-3.33781689899407,-0.0417874174533814,0.122669843548817
set5H40__Marino,0.6366848136526292,0.0,0,0,0.0,0,0,0,0,0,0.0,7.0,0.889713550985476,,-0.534633794681814
set5H41__psRCH2,0.22821180745173839,20.0,0,0,0.0,0,0,0,0,0,4.67377079828005,7.2,-3.27161193860712,0.413715076340981,-0.0222109357473863
set5H42__psRCH2,0.1458829241996463,20.0,0,0,0.0,0,0,0,0,0,4.67377079828005,7.2,-4.19980041746622,0.145532876211857,0.121581383877887
set5H43__psRCH2,0.11232106906138849,20.0,0,0,0.0,0,0,0,0,0,4.67377079828005,7.2,-5.02961762423173,0.496921459056185,0.0246793742758606
set5H47__psRCH2,0.21270702312468787,20.0,0,0,0.0,0,0,0,0,0,4.67377079828005,7.2,-3.11210142970694,-0.0244239203295372,0.083332567963708
set5H6__Marino,0.4595701176531,0.0,0,0,0.0,0,0,0,0,0,0.0,7.0,0.250364814346515,,-0.819795400059641
set5H7__Marino,0.5683923181217585,0.0,0,0,0.0,0,0,0,0,0,0.0,7.0,-0.0280744702423221,,0.0178529862907806
set5H8__Marino,0.6284324572986935,0.0,20,0,0.0,0,0,0,0,0,0.0,7.0,0.301913487102288,,0.00776897651668751
set5H9__Marino,0.6776303384069283,0.0,0,0,0.0,0,0,0,0,0,0.0,7.0,0.691136875761579,,-0.103485159897643
set5IT001__Koxy,0.016549901681514496,0.0,0,0,0.0,0,0,0,0,0,4.67377079828005,7.0,-0.566036088239836,,-5.01875905521748
set5IT001__pseudo3_N2E3,0.5704485344127838,0.0,0,0,0.0,0,0,0,0,0,4.67377079828005,7.0,0.242315595911088,-0.164871873174262,-0.0766916819679366
set5IT002__Koxy,0.5112521715027261,0.0,20,0,0.0,0,0,0,0,0,4.67377079828005,7.0,-0.39985551926992,,0.0952050828390241
set5IT002__pseudo3_N2E3,0.337287133875095,0.0,0,0,0.0,0,0,0,0,0,4.67377079828005,7.0,0.0399246714096999,0.0913579817130974,-1.96993405757563
set5IT003__Koxy,0.029721090367811967,0.0,0,0,0.0,0,0,0,0,0,4.67377079828005,7.0,-0.51942046001263,,-4.29955790017983
set5IT003__pseudo3_N2E3,0.5016545678918605,0.0,0,0,0.0,0,0,0,0,0,4.67377079828005,7.0,-0.127363559882083,0.24603582597294,-0.649290122048542
set5IT004__Koxy,0.024003232836445294,0.0,0,0,0.0,0,0,0,0,0,4.67377079828005,7.0,0.00124745976917406,,-5.10092992193845
set5IT004__pseudo3_N2E3,0.3067499680188004,0.0,0,0,0.0,0,0,0,0,0,4.67377079828005,7.0,0.0976621857367532,0.101058495505869,-2.30577845907047
set5IT005__Koxy,0.020182321037597924,0.0,0,0,0.0,0,0,0,0,0,4.67377079828005,7.0,0.152958620984391,,-5.47931844388256
set5IT005__pseudo3_N2E3,0.5499169724810522,0.0,0,0,0.0,0,0,0,0,0,4.67377079828005,7.0,-0.0715558093349768,-0.0902409391371015,0.00270202858461577
set5IT006__Koxy,0.03214040172198293,0.0,0,0,0.0,0,0,0,0,0,4.67377079828005,7.0,0.276671351110152,,-4.99240013602848
set5IT006__pseudo3_N2E3,0.5434521611938361,0.0,0,0,0.0,0,0,0,0,0,4.67377079828005,7.0,-0.212764222383391,0.56472349186261,-0.561085442174564
set5IT007__Koxy,0.3597954629265158,0.0,0,0,0.0,0,0,0,0,0,4.67377079828005,7.0,-0.918827482431506,,-0.180162511133812
set5IT007__pseudo3_N2E3,0.5320129826229126,0.0,0,0,0.0,0,0,0,0,0,4.67377079828005,7.0,0.20481180306551,0.023823849824804,-0.526023660918887
set5IT008__pseudo3_N2E3,0.604471376340309,0.0,0,0,0.0,0,0,0,0,0,4.67377079828005,7.0,0.290030373645814,0.375753867617447,-0.39566836590653
set5IT009__Koxy,0.0987602230922878,0.0,0,0,0.0,0,0,0,0,0,4.67377079828005,7.0,-0.0015563230479223,,-3.18768312769683
set5IT009__pseudo3_N2E3,0.5903119606905607,0.0,0,0,0.0,0,0,0,0,0,4.67377079828005,7.0,0.110804419887494,-0.0748211394867306,0.121216303684695
set5IT010__Koxy,0.03595642085976349,0.0,0,0,0.0,0,0,0,0,0,4.67377079828005,7.0,0.244774492837116,,-4.81200374668532
set5IT010__pseudo1_N1B4,0.4264265783495489,0.0,0,0,0.0,0,0,0,0,0,5.0,7.0,-0.948451679478651,-0.305158932702821,0.141756525315559
set5IT010__pseudo3_N2E3,0.3975572023445012,0.0,0,0,0.0,0,0,0,0,0,4.67377079828005,7.0,0.206027681416157,-0.140621130147139,-1.40588587970589
set5IT011__Koxy,0.014909351046457596,0.0,0,0,0.0,0,0,0,0,0,4.67377079828005,7.0,-0.00897778761386148,,-5.71142112905504
set5IT011__pseudo3_N2E3,0.6023362292089923,0.0,0,0,0.0,0,0,0,0,0,4.67377079828005,7.0,0.0941763205328754,0.0692401164653527,0.0895878511958887
set5IT012__Koxy,0.4203892989503284,0.0,0,0,0.0,0,0,0,0,0,4.67377079828005,7.0,-0.759836895613859,,-0.0130180469267189
set5IT012__pseudo3_N2E3,0.5193784653530468,0.0,0,0,0.0,0,0,0,0,0,4.67377079828005,7.0,-0.00753075786607216,-0.0701280635511565,-0.31691633702354
set5IT013__Koxy,0.5029076281803373,0.0,0,0,0.0,0,0,0,0,0,4.67377079828005,7.0,-0.308355595663712,,-0.0389809669360726
set5IT014__Koxy,0.019520441917912617,0.0,0,0,0.0,0,0,0,0,0,4.67377079828005,7.0,0.182601205310288,,-5.55245834381816
set5IT014__pseudo3_N2E3,0.4743015407362795,0.0,0,0,0.0,0,0,0,0,0,4.67377079828005,7.0,-0.540483540955016,-0.238503761381371,0.0383577647233357
set5IT015__Koxy,0.5645173005318033,0.0,0,0,0.0,0,0,0,0,0,4.67377079828005,7.0,-0.153239769251112,,0.122843755933199
set5IT015__pseudo3_N2E3,0.7766388132583004,0.0,0,0,0.0,0,0,0,0,0,4.67377079828005,7.0,1.83597472274927,0.0431798404195278,-0.0324490673937525
set5IT016__Koxy,0.05590396313789976,0.0,0,0,0.0,0,0,0,0,0,4.67377079828005,7.0,0.17424309937665,,-4.15046761402324
set5IT016__pseudo3_N2E3,0.8728500368947402,0.0,0,0,0.0,0,0,0,0,0,4.67377079828005,7.0,3.81247143467729,-0.0625396630822495,-0.59867214651632
set5IT017__Koxy,0.07936885016238518,0.0,0,0,0.0,0,0,0,0,0,4.67377079828005,7.0,-0.276711138039232,,-3.21922969811491
set5IT017__pseudo3_N2E3,0.5451943226214473,0.0,0,0,0.0,0,0,0,0,0,4.67377079828005,7.0,-0.342760756339032,0.148990764872582,-0.00188538220192758
set5IT018__Koxy,0.019145635910842996,0.0,0,0,0.0,0,0,0,0,0,4.67377079828005,7.0,-0.60387271541274,,-4.79126140496855
set5IT018__pseudo3_N2E3,0.24127920975998463,0.0,0,0,0.0,0,0,0,0,0,4.67377079828005,7.0,-0.188486967926685,-0.101493319521285,-2.45058945250519
set5IT019__pseudo3_N2E3,0.461958636168552,20.0,0,0,0.0,0,0,0,0,0,0.0,7.0,-0.713689254510509,0.149613615390023,-0.271633239428364
set5IT020__pseudo3_N2E3,0.5854564538871092,20.0,0,0,0.0,0,0,0,0,0,0.0,7.0,0.00609507660123132,-0.11517072525705,0.22783856326308
set5IT021__Koxy,0.010011384235418185,0.0,0,0,0.0,0,0,0,0,0,4.67377079828005,7.0,0.0243739997334051,,-6.26032791851623
set5IT021__pseudo3_N2E3,0.5595209591169648,20.0,0,0,0.0,0,0,0,0,0,0.0,7.0,-0.128604899829981,0.0141070523833648,0.0299752952510217
set5IT022__Koxy,0.03828352007730083,0.0,0,0,0.0,0,0,0,0,0,4.67377079828005,7.0,-0.534914943373404,,-3.9490422851101
set5IT022__pseudo1_N1B4,0.4080936505249871,0.0,0,0,0.0,0,0,0,0,0,0.0,6.0,-0.459777265158219,-0.536999347461518,-0.259696070845798
set5IT022__pseudo3_N2E3,0.35556425340084924,20.0,0,0,0.0,0,0,0,0,0,0.0,7.0,-0.737504612076195,-0.557000904024667,-0.38930109177081
set5IT023__Koxy,0.009976648528476512,0.0,0,0,0.0,0,0,0,0,0,4.67377079828005,7.0,-1.0179323635032,,-5.22251030821074
set5IT023__pseudo1_N1B4,0.4045392468651932,0.0,0,0,0.0,0,0,0,0,0,0.0,7.0,-0.676457902524269,-0.441957469191787,-0.166317025643219
set5IT023__pseudo3_N2E3,0.44163403326392525,20.0,0,0,0.0,0,0,0,0,0,0.0,7.0,-0.979471959478706,0.153197770788782,-0.166839620648191
set5IT024__Koxy,0.00993145135378853,0.0,0,0,0.0,0,0,0,0,0,4.67377079828005,7.0,-0.31467836081468,,-5.93162817454135
set5IT024__pseudo1_N1B4,0.3979331850914393,0.0,0,0,0.0,0,0,0,0,0,0.0,7.0,-0.634046170613794,-0.462568369111642,-0.240854549635704
set5IT024__pseudo3_N2E3,0.39189452703812167,20.0,0,0,0.0,0,0,0,0,0,0.0,7.0,-1.15310768654946,-0.11542767796009,-0.11740067191653
set5IT025__Koxy,0.043319486580643635,0.0,0,0,0.0,0,0,0,0,0,4.67377079828005,7.0,-0.072409042481473,,-4.24682491731886
set5IT025__pseudo1_N1B4,0.4947822798123051,0.0,0,0,0.0,0,0,0,0,0,0.0,8.0,-0.515502824499892,0.0348693280763586,-0.102706369822706
set5IT025__pseudo3_N2E3,0.37265920742828973,20.0,0,0,0.0,0,0,0,0,0,0.0,7.0,-1.45422590138457,0.2813926840056,-0.36935130636202
set5IT026__pseudo3_N2E3,0.5113230935015517,20.0,0,0,0.0,0,0,0,0,0,0.0,7.0,-0.539457073604877,0.120453711086135,-0.0374279391374954
set5IT027__pseudo1_N1B4,0.23025308432483313,0.0,0,0,0.0,0,0,0,0,0,0.0,9.0,-1.71539025817016,-1.20819500250959,0.0656350737338665
set5IT027__pseudo3_N2E3,0.44421186145539737,20.0,0,0,0.0,0,0,0,0,0,0.0,7.0,-0.227412013882989,-0.220090096469466,-0.525574832373444
set5IT028__Koxy,0.029657842597739,20.0,0,0,0.0,0,0,0,0,0,4.67377079828005,7.0,-0.00277345093881665,,-4.81901201802618
set5IT028__pseudo1_N1B4,0.2752093291439785,0.0,0,0,0.0,0,0,0,0,0,0.0,9.0,-1.70687711104847,-0.695716347940944,0.00211536302966264
set5IT028__pseudo3_N2E3,0.39320647490586613,20.0,0,0,0.0,0,0,0,0,0,0.0,7.0,-0.838307098459401,-0.493617380991564,-0.0434596868286357
set5IT029__Koxy,0.030730942766497203,0.0,0,0,0.0,0,0,0,0,0,4.67377079828005,7.0,-0.505049644808188,,-4.26987600414462
set5IT029__pseudo3_N2E3,0.6325764237279466,20.0,0,0,0.0,0,0,0,0,0,0.0,7.0,0.673314985977752,0.0634877558725822,-0.238164424257413
set5IT030__pseudo3_N2E3,0.46183863122956087,20.0,0,0,0.0,0,0,0,0,0,0.0,7.0,-0.659537365919619,0.120692768189046,-0.29779027149199
set5IT031__pseudo3_N2E3,0.4811495930404305,20.0,0,0,0.0,0,0,0,0,0,0.0,7.0,-0.522333052969827,0.0146749382053342,-0.180331537230299
set5IT032__Koxy,0.025403398949973007,0.0,0,0,0.0,0,0,0,0,0,4.67377079828005,7.0,0.00778113922068102,,-5.03313978500755
set5IT032__pseudo3_N2E3,0.5888362508648018,20.0,0,0,0.0,0,0,0,0,0,0.0,7.0,0.261087161940132,0.233031860545648,-0.348615683113894
set5IT033__Koxy,0.007361252612226581,0.0,0,0,0.0,0,0,0,0,0,4.67377079828005,7.0,-0.516257858713356,,-6.11626742474316
set5IT033__pseudo3_N2E3,0.5156627884817071,20.0,0,0,0.0,0,0,0,0,0,0.0,7.0,-0.409011548608192,0.188893572019026,-0.202997039138441
set5IT034__Koxy,0.030961629880826538,0.0,0,0,0.0,0,20,0,0,0,4.67377079828005,7.0,0.487941349708003,,-5.25300064334031
set5IT034__pseudo3_N2E3,0.4969282377347508,20.0,0,0,0.0,0,0,0,0,0,0.0,7.0,-0.524295016069912,0.234352481790075,-0.276933536332424
set5IT035__Koxy,0.02764073365713694,0.0,0,0,0.0,0,0,0,0,0,4.67377079828005,7.0,0.0185541597512948,,-4.93305266921101
set5IT035__pseudo3_N2E3,0.505085624731924,20.0,0,0,0.0,0,0,0,0,0,0.0,7.0,-0.704812326023938,0.170666193959998,0.0298508044259216
set5IT036__Koxy,0.024488379651542852,0.0,0,0,0.0,0,0,0,0,0,4.67377079828005,7.0,0.188236812729228,,-5.2616989981682
set5IT036__pseudo3_N2E3,0.5181794436538975,20.0,0,0,0.0,0,0,0,0,0,0.0,7.0,-0.703563447179172,0.313116919206049,-0.0133398801132545
set5IT037__Koxy,0.07203352457102138,0.0,0,0,0.0,0,0,0,0,0,4.67377079828005,7.0,0.171429520741481,,-3.80150652641465
set5IT037__pseudo3_N2E3,0.4042658970251844,20.0,0,0,0.0,0,0,0,0,0,5.0,7.0,-1.1238774724446,0.0803258026854208,-0.243357286262255
set5IT038__Koxy,0.010801521349357558,0.0,0,0,0.0,0,0,0,0,0,4.67377079828005,7.0,-0.0601291906480605,,-6.07767784937237
set5IT038__pseudo3_N2E3,0.321257742468193,20.0,0,0,0.0,0,0,0,0,0,0.0,7.0,-1.67117543930155,0.0944723781929757,-0.401167216138421
set5IT039__Koxy,0.02217785575153912,0.0,0,0,0.0,0,0,0,0,0,4.67377079828005,7.0,-0.0262550577181151,,-5.17694453335141
set5IT039__pseudo3_N2E3,0.36591330967622077,20.0,0,0,0.0,0,0,0,0,0,0.0,7.0,-1.50447118887608,0.18342749057025,-0.276689246943203
set5IT040__Koxy,0.02240464943758182,0.0,0,0,0.0,0,0,0,0,0,4.67377079828005,7.0,0.363069812979618,,-5.55296431909737
set5IT040__pseudo3_N2E3,0.42390775828678445,20.0,0,0,0.0,0,0,0,0,5,0.0,7.0,-1.00970371129371,-0.148236064270479,0.0263198545837282
set5IT041__Koxy,0.028072122659617945,0.0,0,0,0.0,0,0,0,0,0,4.67377079828005,7.0,-0.248023998367672,,-4.64610649765276
set5IT042__Koxy,0.3422541313798684,0.0,0,0,0.0,0,0,0,0,0,4.67377079828005,7.0,-0.296124814380175,,-0.901332384342407
set5IT043__Koxy,0.01629409270842152,0.0,0,0,0.0,0,0,0,0,0,4.67377079828005,7.0,-0.0267641457865999,,-5.5782806063251
set5IT044__Koxy,0.491129363360121,0.0,20,0,0.0,0,0,0,0,0,4.67377079828005,7.0,-0.263411252435134,,-0.144167928533181
set5IT044__pseudo1_N1B4,0.5045247766010541,20.0,0,0,0.0,0,0,0,0,0,0.0,7.0,-0.737847212053015,0.0563898985890285,0.1728590616888
set5IT045__Koxy,0.02562219191471107,0.0,0,0,0.0,0,0,0,0,0,4.67377079828005,7.0,-0.0597948182479131,,-4.95431185243611
set5IT045__pseudo1_N1B4,0.4750205383010297,20.0,0,0,0.0,0,0,0,0,0,0.0,7.0,-0.679945196975181,-0.0950762599560517,0.0399218865923423
set5IT046__Koxy,0.058736425881286865,0.0,0,0,0.0,0,0,0,0,0,4.67377079828005,7.0,0.27710133903878,,-4.18629068624847
set5IT046__pseudo1_N1B4,0.46688675951921005,20.0,0,0,0.0,0,0,0,0,0,0.0,7.0,-0.618831819585472,-0.0955074090090868,-0.083371028826674
set5IT047__Koxy,0.014207794899666348,0.0,0,0,0.0,0,0,0,0,0,4.67377079828005,7.0,-0.067975361482375,,-5.71495848297229
set5IT047__pseudo1_N1B4,0.6357722470558101,20.0,0,0,0.0,0,0,0,0,0,0.0,7.0,0.113152594265211,0.37020648209096,0.0416984787960355
set5IT048__Koxy,0.055270023438918923,0.0,0,0,0.0,0,0,0,0,0,4.67377079828005,7.0,0.082745841878203,,-4.07441024843833
set5IT048__pseudo1_N1B4,0.5543838502990901,20.0,0,0,0.0,0,0,0,0,0,0.0,7.0,-0.128280533941965,-0.114573683146314,0.118404117419058
set5IT049__Koxy,0.4333261997525552,0.0,0,0,0.0,0,0,0,0,0,4.67377079828005,7.0,-0.863601579215785,,0.158360940769304
set5IT051__Koxy,0.048404845872764266,0.0,0,0,0.0,0,0,0,0,0,4.67377079828005,7.0,0.109173340677041,,-4.27967401988669
set5IT053__Koxy,0.012250928569923027,0.0,0,0,0.0,0,0,0,0,0,4.67377079828005,7.0,-0.0397161679084304,,-5.93522434246732
set5IT054__Koxy,0.42514878872777634,0.0,0,0,0.0,0,0,0,0,0,4.67377079828005,7.0,-0.712578903330889,,-0.0353393785034377
set5IT054__pseudo5_N2C3_1,0.6215367559071727,0.0,0,0,0.0,0,0,0,0,0,0.0,7.0,0.172926982622141,0.246581678214748,-0.0114120476074193
set5IT055__Koxy,0.6063268293304501,0.0,0,0,0.0,0,0,0,0,0,4.67377079828005,7.0,0.0554119479990116,,0.134595953618702
set5IT055__pseudo5_N2C3_1,0.4467698992719707,0.0,0,0,0.0,0,0,0,0,0,0.0,7.0,-1.0110304359191,0.169610580875746,-0.111797111807608
set5IT056__Koxy,0.02998031159667318,0.0,0,0,0.0,0,0,0,0,0,4.67377079828005,7.0,-0.18677563564148,,-4.62075795353282
set5IT056__pseudo5_N2C3_1,0.5170149885553617,0.0,0,0,40.0,0,0,0,0,0,0.0,7.0,-0.424804901465048,0.0794531422431792,-0.06737880700737
set5IT058__Koxy,0.053123427101622725,0.0,0,0,0.0,0,0,0,0,0,4.67377079828005,7.0,-0.0349932574784984,,-4.01022087415183
set5IT058__pseudo5_N2C3_1,0.48716195324674416,0.0,0,0,0.0,0,0,0,0,0,0.0,7.0,-0.276852749834446,-0.311199112329427,-0.0537672636237099
set5IT059__Koxy,0.06505991428551239,0.0,0,0,0.0,0,0,0,0,0,4.67377079828005,7.0,0.0936037151004934,,-3.86344184026999
set5IT059__pseudo5_N2C3_1,0.5975430024059448,0.0,0,0,0.0,0,0,0,0,0,0.0,7.0,0.0718546314002486,0.12635386094247,0.0164941713450584
set5IT060__Koxy,0.008415722940796698,0.0,0,0,0.0,0,0,0,0,0,4.67377079828005,7.0,-0.888453092355703,,-5.57154802316514
set5IT060__pseudo5_N2C3_1,0.5564260530916202,0.0,0,0,0.0,0,0,0,0,0,0.0,7.0,-0.162538864192484,-0.0222211092324587,0.076171342543812
set5IT062__Koxy,0.5808463387741024,0.0,0,0,0.0,0,0,0,0,0,4.67377079828005,7.0,-0.277573896293474,,0.332500798446159
set5IT064__Koxy,0.03820553353810775,0.0,0,0,0.0,0,0,0,0,0,4.67377079828005,7.0,-0.541620462539514,,-3.94504766182575
set5IT065__Koxy,0.01970186701230093,0.0,0,0,0.0,0,0,0,0,0,4.67377079828005,7.0,-0.681128519959579,,-4.67666365883908
set5IT066__Koxy,0.007317700420534798,0.0,0,0,0.0,0,0,0,0,0,4.67377079828005,7.0,-0.14083098687453,,-6.49933744771232
set5IT067__Koxy,0.05946676169524528,0.0,0,0,0.0,0,0,0,0,0,4.67377079828005,7.0,0.0163400425810885,,-3.90873698568141
set5IT069__pseudo5_N2C3_1,0.5985238784359451,0.0,0,0,0.0,0,0,0,0,0,4.67377079828005,7.0,0.333835729036935,0.0428490839665094,-0.154156558098548
set5IT071__pseudo5_N2C3_1,0.5184526155361155,0.0,0,0,0.0,0,0,0,0,0,4.67377079828005,7.0,0.0981497466184247,-0.356222763880662,-0.143614946581533
set5IT072__pseudo5_N2C3_1,0.476740068893034,0.0,0,0,0.0,0,0,0,0,0,4.67377079828005,7.0,-0.0289003656642457,-0.0567721554197778,-0.636204950657919
set5IT073__pseudo5_N2C3_1,0.5316897657844137,0.0,0,0,0.0,0,0,0,0,0,4.67377079828005,7.0,-0.111134819282601,-0.10443334797406,-0.0843094903118948
set5IT074__pseudo5_N2C3_1,0.49768165910421275,0.0,0,0,0.0,0,0,0,0,0,4.67377079828005,7.0,0.244762941628854,-0.20226467414855,-0.603594324127072
set5IT075__Putida,0.21930917272226247,20.0,0,0,0.0,0,0,0,0,0,4.67377079828005,7.0,-2.69718709374541,-0.176822816802198,-0.104409136111064
set5IT075__pseudo5_N2C3_1,0.5311614907081998,0.0,0,0,0.0,0,0,0,0,0,4.67377079828005,7.0,-0.141267519365068,-0.0169509884059937,-0.145727866003104
set5IT076__Putida,0.24265690624700542,20.0,0,0,0.0,0,0,0,0,0,4.67377079828005,7.0,-2.234003878901,-0.277694603417791,-0.214465795792521
set5IT076__pseudo5_N2C3_1,0.5113666652901676,0.0,0,0,0.0,0,0,0,0,0,4.67377079828005,7.0,0.0135263578975764,-0.103942205782535,-0.365681022187696
set5IT077__pseudo5_N2C3_1,0.6276248350686283,0.0,0,0,0.0,0,0,0,0,0,4.67377079828005,7.0,0.58509006021527,0.12331243940739,-0.250509173323429
set5IT078__pseudo5_N2C3_1,0.37890616806266636,0.0,0,0,0.0,0,0,0,0,0,4.67377079828005,7.0,-1.37989755598946,-0.149156125200263,0.0379457667763499
set5IT079__pseudo5_N2C3_1,0.6293727686325342,0.0,0,0,0.0,0,0,0,0,0,4.67377079828005,7.0,0.650444998806723,0.0499931937757523,-0.228187356567835
set5IT080__pseudo5_N2C3_1,0.6153214908693979,0.0,0,0,0.0,0,0,0,0,0,4.67377079828005,7.0,0.581411309691148,0.101580308704735,-0.325409974711089
set5IT081__Putida,0.36968569552770625,0.0,0,0,0.0,0,0,0,0,0,4.67377079828005,7.0,-1.50805223621695,0.228869701443242,-0.287435304830706
set5IT081__pseudo5_N2C3_1,0.6130195738846981,0.0,0,0,0.0,0,0,0,0,0,4.67377079828005,7.0,0.636447778657623,-0.0373439975236289,-0.260152638629461
set5IT082__Putida,0.33622765091254153,0.0,0,0,0.0,0,0,0,0,0,4.67377079828005,7.0,-1.10676479510314,-0.437579470521384,-0.303404657428924
set5IT082__WCS417,0.5062810545571877,20.0,0,0,0.0,0,0,0,0,0,0.0,7.0,-0.263617419997709,-0.0925079152910837,-0.138998106039056
set5IT082__pseudo5_N2C3_1,0.24679321208917687,0.0,0,0,0.0,0,0,0,0,0,4.67377079828005,7.0,-2.35379939989027,-0.198628661319683,-0.130816636981309
set5IT083__Putida,0.49965977069084827,0.0,0,0,0.0,0,0,0,0,0,4.67377079828005,7.0,-0.274799905294463,-0.344929103828961,0.073808091434554
set5IT084__Putida,0.5146180163795168,0.0,0,0,0.0,0,0,0,0,0,4.67377079828005,7.0,-0.306287033721853,0.184124965385503,-0.308975237789943
set5IT084__WCS417,0.4486284331435703,20.0,0,0,0.0,0,0,0,0,0,0.0,7.0,-1.06570105846172,0.0786599864713743,0.0482395246775444
set5IT084__pseudo5_N2C3_1,0.3077191734341512,20.0,0,0,0.0,0,0,0,0,0,0.0,7.0,-2.00362916708471,-0.00196644747769348,-0.0927288693457482
set5IT085__Putida,0.5462790470133361,0.0,0,0,0.0,0,0,0,0,0,4.67377079828005,7.0,-0.0572989423956413,0.0371926747537956,-0.167157462408372
set5IT085__WCS417,0.5304921819415843,20.0,0,0,0.0,0,0,0,0,0,0.0,7.0,-0.346716859427874,0.104562061582974,-0.0669457467533303
set5IT085__pseudo5_N2C3_1,0.28467869444799815,20.0,0,0,0.0,0,0,0,0,0,0.0,7.0,-2.31901985086621,0.172844500744192,-0.164200989177928
set5IT086__Putida,0.4423836721678857,0.0,0,0,0.0,0,0,0,0,0,4.67377079828005,7.0,-0.222384560400897,-0.383792262952678,-0.381107742580888
set5IT086__WCS417,0.08329340142758522,20.0,0,0,0.0,0,0,0,0,0,0.0,7.0,-3.99157829570188,0.177610140078598,-1.32918731794175
set5IT086__pseudo5_N2C3_1,0.3894637109132003,20.0,0,0,0.0,0,0,0,0,0,0.0,7.0,-0.837981282380011,-0.490710278630138,-0.0768286462417322
set5IT087__Putida,0.5771091610893446,0.0,0,0,0.0,0,0,0,0,0,4.67377079828005,7.0,0.0902131009752527,0.00706111643531626,-0.0442872520666835
set5IT087__WCS417,0.5413324768818875,20.0,0,0,0.0,0,0,0,0,0,0.0,7.0,-0.136615035215147,0.0462793590425145,-0.13516934200521
set5IT087__pseudo5_N2C3_1,0.5085780261278809,20.0,0,0,0.0,0,0,0,0,0,0.0,7.0,-0.671173883283595,0.153842203948596,0.0398332953165361
set5IT088__Putida,0.5282421605695667,0.0,0,0,0.0,0,0,0,0,0,4.67377079828005,7.0,-0.342223299259111,-0.0153511844855441,0.0311531997118556
set5IT088__WCS417,0.30346381171995473,20.0,0,0,0.0,0,0,0,0,0,0.0,7.0,-1.78593327610227,-0.167287015763605,-0.183563701470671
set5IT088__pseudo5_N2C3_1,0.7543285202956764,20.0,0,0,0.0,0,0,0,0,0,0.0,7.0,1.50145915752952,-0.12358037597599,0.230335318687663
set5IT089__WCS417,0.44660641712547433,20.0,0,0,0.0,0,0,0,0,0,0.0,7.0,-0.810828755909022,-0.0384799538127354,-0.105176826418647
set5IT089__pseudo5_N2C3_1,0.2896096784371798,20.0,0,0,0.0,0,0,0,0,0,0.0,7.0,-2.03655736706084,-0.167521924566762,-0.060095317799258
set5IT090__WCS417,0.3950445243918048,20.0,0,0,0.0,0,0,0,0,0,0.0,7.0,-0.769060077780248,-0.452996329365996,-0.138565294798698
set5IT091__WCS417,0.2345002224100047,20.0,0,0,0.0,0,0,0,0,0,20.0,7.0,-2.51062811202046,-0.110231415550032,-0.191425653920752
set5IT091__pseudo5_N2C3_1,0.4025422607592677,20.0,0,0,0.0,0,0,0,0,0,0.0,7.0,-1.13841608459375,-0.0588644585821285,-0.103363892714001
set5IT092__WCS417,0.31041075840627697,20.0,0,0,0.0,0,0,0,0,0,0.0,7.0,-1.53501129291171,-0.155828478321756,-0.383311107149114
set5IT092__pseudo5_N2C3_1,0.4050451366095105,20.0,0,0,0.0,0,0,0,0,0,0.0,7.0,-1.10124115047261,-0.0989991163751884,-0.0804652064918332
set5IT093__WCS417,0.5524143389242571,20.0,0,0,0.0,0,0,0,0,20,0.0,7.0,0.092851050926047,0.030113886503889,-0.262698413410221
set5IT093__pseudo5_N2C3_1,0.37815356161656466,20.0,0,0,0.0,0,0,0,0,0,0.0,7.0,-1.28219625693719,-0.148708755824789,-0.0663386267293329
set6H31__psRCH2,0.6160120342561175,0.0,0,0,0.0,0,0,0,0,0,4.67377079828005,7.2,0.282718750889307,0.216575719267654,-0.136115821797468
set6H34__psRCH2,0.6427094261432771,0.0,0,0,0.0,0,0,0,0,0,4.67377079828005,7.2,0.173717271826691,0.561604113683088,-0.152569999249203
set6H35__psRCH2,0.47303304969823945,0.0,0,0,0.0,0,0,0,0,0,4.67377079828005,7.2,-0.124231397130995,-0.0322630245197557,-0.593893370577079
set6H40__psRCH2,0.5472670986358921,0.0,0,0,0.0,0,0,0,0,0,4.67377079828005,7.2,-0.164888512111724,0.114080445558138,-0.128808942882135
set6H41__psRCH2,0.5197064165894636,0.0,0,0,0.0,0,0,0,0,0,4.67377079828005,7.2,-0.0796711079168899,-0.327304981513158,0.014920646385401
set6H44__psRCH2,0.2916025503066783,0.0,0,0,0.0,0,0,0,400,0,4.67377079828005,7.2,0.622632102664956,-0.327925023856473,-2.54034181582289
set6IT001__Koxy,0.06736743293825616,20.0,0,0,0.0,0,0,0,0,0,0.0,7.0,-0.439637639343188,,-3.28247854547986
set6IT002__Koxy,0.4329984682007804,20.0,0,0,0.0,0,0,0,0,0,0.0,7.0,-0.16592583880807,,-0.54102141593474
set6IT003__Koxy,0.07731778480543051,20.0,0,0,0.0,0,0,0,0,0,0.0,7.0,0.181978301199392,,-3.71424017496146
set6IT003__Marino,0.6590607765573319,0.0,0,0,0.0,0,0,0,0,0,0.0,7.0,0.61301591415346,,-0.132498094312483
set6IT004__Koxy,0.5127442798321737,20.0,0,0,0.0,0,0,0,0,0,0.0,7.0,-0.197149913701409,,-0.0998650167022612
set6IT005__Koxy,0.5808093860719632,20.0,0,0,0.0,0,0,0,0,0,0.0,7.0,0.121961017083913,,-0.067228173737786
set6IT005__Marino,0.19766080440763695,0.0,0,0,0.0,0,0,0,0,0,0.0,7.0,0.054487128127291,,-2.20795437573009
set6IT006__Marino,0.22268509246492882,0.0,0,0,0.0,0,0,0,0,0,0.0,7.0,-1.89293647039791,,-0.0676035824140658
set6IT007__Koxy,0.15284449031425162,20.0,0,0,0.0,0,0,0,0,0,0.0,7.0,-0.0200087744818092,,-2.53171520773288
set6IT007__Marino,0.5290567390702963,0.0,0,0,0.0,0,0,0,0,0,0.0,7.0,0.0927161082281857,,-0.306150567456259
set6IT008__Koxy,0.5250122765462635,20.0,0,0,0.0,0,0,0,0,0,0.0,7.0,0.0532500820445305,,-0.287429936562584
set6IT008__Marino,0.5887079819035927,0.0,0,0,0.0,0,0,0,0,0,0.0,7.0,0.0402919154318444,,0.0560329519886676
set6IT009__Koxy,0.5324882752133315,20.0,0,0,0.0,0,0,0,0,0,0.0,7.0,0.107427052045015,,-0.303244775179202
set6IT009__Marino,0.5114350700032805,0.0,0,0,0.0,0,0,0,0,0,0.0,7.0,-0.030747413027037,,-0.272967142171638
set6IT010__Koxy,0.007574999538664903,20.0,0,0,0.0,0,0,0,0,0,0.0,7.0,-0.457124521994856,,-6.13852846334181
set6IT011__Koxy,0.046179155789905384,20.0,0,0,0.0,0,0,0,0,0,0.0,7.0,0.0473167866486444,,-4.2809888787957
set6IT012__Koxy,0.4061566391280051,20.0,0,0,0.0,0,0,0,0,0,0.0,7.0,-0.693770610638324,,-0.154138353037683
set6IT012__Marino,0.46527445134731005,0.0,0,0,0.0,0,0,0,0,0,0.0,7.0,-0.63124401483882,,0.0911532027844224
set6IT013__Marino,0.531685870402941,0.0,0,0,0.0,0,0,0,0,0,0.0,7.0,-0.0354260240492224,,-0.164512416855314
set6IT014__Koxy,0.07177286382048964,20.0,0,0,0.0,0,0,0,0,0,0.0,7.0,0.105811770578766,,-3.74088292673882
set6IT014__Marino,0.6109371085386867,0.0,0,0,0.0,0,0,0,0,0,0.0,7.0,0.120693889738982,,0.094060751736162
set6IT015__Koxy,0.10281238431815792,20.0,0,0,0.0,0,0,0,0,0,0.0,7.0,-0.280419719568467,,-2.85164528341296
set6IT015__Marino,0.5673006733973263,0.0,0,0,0.0,0,0,0,0,0,0.0,7.0,-0.195024589797279,,0.179115368622164
set6IT016__Koxy,0.10155011319696122,20.0,0,0,0.0,0,0,0,0,0,0.0,7.0,0.112769556426342,,-3.26242694511269
set6IT016__Marino,0.6137834769193894,0.0,0,0,0.0,0,0,0,0,0,0.0,7.0,0.424984425383754,,-0.194898295155276
set6IT017__Koxy,0.1605454076031243,20.0,0,0,0.0,0,0,0,0,0,0.0,7.0,0.182931679101124,,-2.66013032015351
set6IT017__Marino,0.5527859968260722,0.0,0,0,0.0,0,0,0,0,0,0.0,7.0,-0.243127383804413,,0.151893778215011
set6IT018__Marino,0.14209179969731542,0.0,0,0,0.0,0,0,0,0,0,0.0,7.0,-0.0481533410196487,,-2.61296635592104
set6IT019__Koxy,0.11844132608963145,20.0,0,0,0.0,0,0,0,0,0,0.0,7.0,-0.148442340306374,,-2.7802197749685
set6IT019__Marino,0.30300886402953825,0.0,0,0,0.0,0,0,0,0,0,0.0,7.0,-1.37476818487908,,-0.0525075761202173
set6IT020__Koxy,0.01887962601418557,20.0,0,0,0.0,0,0,0,0,0,0.0,7.0,0.0592316933761405,,-5.47260166806202
set6IT020__Marino,0.522903394022262,0.0,0,0,0.0,0,0,0,0,0,0.0,7.0,0.0747318759099155,,-0.319722043757309
set6IT021__Koxy,0.032151658562709795,20.0,0,0,0.0,0,0,0,0,0,0.0,7.0,0.00380591777256623,,-4.71907210192703
set6IT021__Marino,0.5862850579148341,0.0,0,0,0.0,0,0,0,0,0,0.0,7.0,-0.0592815826430357,,0.142823388944753
set6IT022__Koxy,0.49127866099880474,20.0,0,0,0.0,0,0,0,0,0,0.0,7.0,-0.0370806283707772,,-0.36973476190467
set6IT022__Marino,0.4508015488003454,0.0,0,0,0.0,0,0,0,0,0,0.0,7.0,-0.075901804774853,,-0.538738330026999
set6IT023__Koxy,0.21781454756792273,20.0,0,0,0.0,0,0,0,0,0,0.0,7.0,-0.281890231714864,,-1.7149114759947
set6IT024__Koxy,0.5427339441075077,20.0,0,0,0.0,0,0,0,0,0,0.0,7.0,-0.10686210952578,,-0.036256012731394
set6IT025__Koxy,0.3989508690876404,20.0,0,0,0.0,0,0,0,0,0,0.0,7.0,-0.0419722851850319,,-0.844245053625657
set6IT026__Koxy,0.009466158104818528,20.0,0,0,0.0,0,0,0,0,0,0.0,7.0,-0.413287392984969,,-5.89497048798841
set6IT026__Marino,0.47699256161003073,0.0,0,0,0.0,0,0,0,0,0,0.0,7.0,-0.257903472822351,,-0.222054078879716
set6IT027__Koxy,0.015898392579250412,20.0,0,0,0.0,0,0,0,0,0,0.0,7.0,-0.0593661064952973,,-5.57762619774208
set6IT027__Marino,0.5971088509259789,0.0,0,0,0.0,0,0,0,0,0,0.0,7.0,0.0157011735927031,,0.125126108327769
set6IT028__Marino,0.5715234822344318,0.0,0,0,0.0,0,0,0,0,0,0.0,7.0,-0.11055481772694,,0.116666886011171
set6IT029__Koxy,0.009685650633787122,20.0,0,0,0.0,0,0,0,0,0,0.0,7.0,-0.106190253170702,,-6.17247629125738
set6IT030__Koxy,0.04505284018970787,20.0,0,0,0.0,0,0,0,0,0,0.0,7.0,-0.0400210147107303,,-4.22673125503998
set6IT031__Marino,0.49656004106462376,0.0,0,0,0.0,0,0,0,0,0,0.0,7.6,-0.360782033373978,,-0.019018498646327
set6IT032__Koxy,0.012877562530321275,20.0,0,0,0.0,0,0,0,0,0,0.0,7.0,-0.077661172717548,,-5.83268646729953
set6IT034__Koxy,0.012699750662834818,20.0,0,0,0.0,0,0,0,0,0,0.0,7.0,0.230566263848324,,-6.15892165959413
set6IT035__Koxy,0.3601268408426254,20.0,0,0,0.0,0,0,0,0,0,0.0,7.0,-0.193947259133066,,-0.903203705248632
set6IT036__Koxy,0.00797739922442218,20.0,0,0,0.0,0,0,0,0,0,20.0,7.0,-0.373848347947974,,-6.15510802189378
set6IT037__Koxy,0.020631526682992694,20.0,0,0,0.0,0,0,0,0,0,0.0,7.0,0.0823943552676354,,-5.38002215965712
set6IT038__Koxy,0.01278289704308163,20.0,0,0,0.0,0,0,0,0,20,0.0,7.0,0.0576447587255324,,-5.97754879920464
set6IT039__Koxy,0.16702410507825802,20.0,0,0,0.0,0,0,0,0,0,0.0,7.0,0.372581567099781,,-2.78929198007676
set6IT040__Koxy,0.40396236793321333,20.0,0,0,0.0,0,0,0,0,0,0.0,7.0,-0.261972373145182,,-0.597578541849944
set6IT041__Koxy,0.03605656793301163,20.0,0,0,0.0,0,0,0,0,0,0.0,7.0,-0.0229595742618871,,-4.54058066318147
set6IT041__Marino,0.5128650935900652,0.0,0,0,0.0,0,0,0,0,0,0.0,7.6,-0.392977974331389,,0.0965813283593016
set6IT043__Koxy,0.5386047286630835,20.0,0,0,0.0,0,0,0,0,0,0.0,7.0,-0.0513438067279532,,-0.113033172941895
set6IT044__Koxy,0.04572793646253169,20.0,0,0,0.0,0,0,0,0,0,0.0,7.0,-0.422573120530017,,-3.82425817121603
set6IT045__Koxy,0.16036010882197252,20.0,0,0,0.0,0,0,0,0,0,0.0,7.0,-0.228326613045293,,-2.2506307908449
set6IT046__Koxy,0.5492897558232285,20.0,0,0,0.0,0,0,0,0,0,0.0,7.0,-0.042324362602328,,-0.0669784491588241
set6IT047__Koxy,0.39654364485473365,20.0,0,0,0.0,0,0,0,0,0,0.0,7.0,-0.160072547589751,,-0.738993473745834
set6IT048__Koxy,0.02270688796908711,20.0,0,0,0.0,0,0,0,0,0,0.0,7.0,-0.264828517765518,,-4.90753793989422
set6IT049__pseudo5_N2C3_1,0.41014495496481135,20.0,0,0,0.0,0,0,0,0,0,0.0,7.0,-1.29355493012241,0.281233021105203,-0.227876586581345
set6IT050__Koxy,0.4820521662352608,20.0,0,0,0.0,0,0,0,0,0,0.0,7.0,0.00362180116313704,,-0.45765927025496
set6IT050__pseudo5_N2C3_1,0.4731008905716876,20.0,0,0,0.0,0,0,0,0,0,0.0,7.0,-0.754164329577793,0.0962525077675263,-0.0919540171207325
set6IT051__Koxy,0.041754215973110194,20.0,0,0,0.0,0,0,0,0,0,0.0,7.0,0.13547579306469,,-4.50385437043241
set6IT051__pseudo5_N2C3_1,0.4442415761960984,20.0,0,0,0.0,0,0,0,0,0,0.0,7.0,-0.982936337352713,0.129932416186539,-0.1198421938903
set6IT052__pseudo5_N2C3_1,0.47880806878235666,20.0,0,0,0.0,0,0,0,0,0,0.0,7.0,-0.550625699376418,-0.00485440276681448,-0.150501349943375
set6IT053__Koxy,0.20040217360819976,20.0,0,0,0.0,0,0,0,0,0,0.0,7.0,0.387382036614171,,-2.51886244090315
set6IT053__pseudo5_N2C3_1,0.49404425754894227,20.0,0,0,0.0,0,0,0,0,0,0.0,7.0,-0.217883581720214,-0.232969985402606,-0.138148718338924
set6IT054__Koxy,0.10541081358585655,20.0,0,0,0.0,0,0,0,0,0,0.0,7.0,0.216925913714548,,-3.31336999914819
set6IT054__pseudo5_N2C3_1,0.4717080584056088,20.0,0,0,0.0,0,0,0,0,0,0.0,7.0,-0.845860554510503,0.178066259840103,-0.0927892598738804
set6IT055__Koxy,0.13057441983477813,20.0,0,0,0.0,0,0,0,0,0,0.0,7.0,0.0411695373594936,,-2.82741801645042
set6IT055__pseudo5_N2C3_1,0.4845207702024448,20.0,0,0,0.0,0,0,0,0,0,0.0,7.0,-0.807535114589695,0.112704177468081,0.032733762958542
set6IT056__Koxy,0.12703952748285963,20.0,0,0,0.0,0,0,0,0,0,0.0,7.0,-0.453971568561767,,-2.37255540730685
set6IT056__pseudo5_N2C3_1,0.16118488788679033,20.0,0,0,0.0,0,0,0,0,0,5.0,7.0,-3.65971465127154,0.0485794192399023,-0.0955771594548374
set6IT057__Koxy,0.19033631592304903,20.0,0,0,0.0,0,0,0,0,0,0.0,7.0,0.357620912714257,,-2.57098613630385
set6IT057__Putida,0.3294643716939532,10.0,0,0,0.0,0,0,0,0,0,9.5,7.0,-1.63245914337119,-0.244182040933526,-0.0295217921833486
set6IT057__pseudo3_N2E3,0.32369617088404135,0.0,0,0,0.0,0,0,0,0,0,0.0,6.0,-1.60867057876149,-0.0425045462111617,-0.305290554607172
set6IT058__Koxy,0.015314382513868803,20.0,0,0,0.0,0,0,0,0,0,0.0,7.0,-0.0610742237703286,,-5.62452812940981
set6IT058__pseudo3_N2E3,0.27891866517322367,0.0,0,0,0.0,0,0,0,0,0,0.0,6.0,-1.92223854795758,-0.240440165015977,-0.202282123763366
set6IT058__pseudo5_N2C3_1,0.16600747349905393,20.0,0,0,0.0,0,0,0,0,0,0.0,7.0,-3.4764582527046,-0.0563616710980546,-0.106294203375717
set6IT059__Koxy,0.03777672283636617,20.0,0,0,0.0,0,0,0,0,0,0.0,7.0,0.203666722908525,,-4.70533638528819
set6IT059__Putida,0.43279347496738124,0.0,0,0,0.0,0,0,0,0,0,9.5,7.0,-0.635060430128327,-0.213034071432578,-0.21392782367333
set6IT059__pseudo5_N2C3_1,0.6331504007275327,20.0,0,0,0.0,0,0,0,0,5,0.0,7.0,-0.00635602772403931,0.838796457460473,-0.32906432916544
set6IT060__Koxy,0.5504141516003833,20.0,0,0,0.0,0,0,0,0,0,0.0,7.0,0.0544341090142431,,-0.157928671333257
set6IT060__pseudo3_N2E3,0.3962789016008224,0.0,0,0,0.0,0,0,0,0,0,0.0,7.0,-1.17414498673646,-0.124828354360938,-0.0517477430963114
set6IT061__Putida,0.5718608699898298,0.0,0,0,0.0,5,0,0,0,0,9.5,7.0,0.0630705466246053,0.0883123319684238,-0.139572188881008
set6IT061__pseudo3_N2E3,0.3237186130883187,0.0,0,0,0.0,0,0,0,0,0,0.0,8.0,-1.66767388461076,-0.00409285977071816,-0.284502329312035
set6IT062__pseudo3_N2E3,0.35334011516480107,0.0,0,0,0.0,0,0,0,0,0,0.0,8.0,-1.57865584362857,0.209892993267398,-0.333685866291696
set6IT063__Koxy,0.42030437030414114,20.0,0,0,0.0,0,0,0,0,0,0.0,7.0,-0.0298500759443892,,-0.743450528193545
set6IT063__pseudo3_N2E3,0.19350090355922825,0.0,0,0,0.0,0,0,0,0,0,0.0,9.0,-2.13113887222905,-0.61594770832965,-0.533825721773319
set6IT064__Putida,0.4264028658074645,0.0,0,0,0.0,0,0,0,0,0,9.5,7.0,-0.417282983244287,-0.546101069338913,-0.148655971441679
set6IT064__pseudo3_N2E3,0.22051135841640607,0.0,0,0,0.0,0,0,0,0,0,0.0,9.0,-2.90366065167224,0.191250907680835,-0.252569261012068
set6IT065__Koxy,0.014052300849546128,20.0,0,0,0.0,0,0,0,0,0,0.0,7.0,-0.00318569472464758,,-5.79402005112193
set6IT065__Putida,0.4465729882022697,0.0,0,0,0.0,0,0,0,0,0,9.5,7.0,-0.761879268136878,-0.0564505878023571,-0.136415089003889
set6IT066__Koxy,0.03871010739087008,20.0,0,0,0.0,0,0,0,0,0,0.0,7.0,0.392132490982003,,-4.86135425943755
set6IT067__Koxy,0.014686299845407135,20.0,0,0,0.0,0,0,0,0,0,0.0,7.0,0.544605522584236,,-6.28456658133206
set6IT068__Koxy,0.0502575206368561,20.0,0,0,0.0,0,0,0,0,0,0.0,7.0,-0.624519051144015,,-3.4954662102087
set6IT069__Koxy,0.029571163317701536,20.0,0,0,0.0,0,0,0,0,0,0.0,7.0,0.168953618829116,,-4.99459559240097
set6IT070__Koxy,0.012665870358074658,20.0,0,0,0.0,0,0,0,0,0,0.0,7.0,-0.201836815532198,,-5.72997799282576
set6IT071__Koxy,0.07690655390246895,20.0,0,0,0.0,0,0,0,0,0,0.0,7.0,-0.271581506750151,,-3.26806862167738
set6IT072__Koxy,0.01829132849581243,20.0,0,0,0.0,0,0,0,0,0,0.0,7.0,0.168611089304954,,-5.62322246532299
set6IT073__Koxy,0.43753129810737584,20.0,0,0,0.0,0,0,0,0,0,0.0,7.0,-0.107127567855439,,-0.576241997985356
set6IT074__Koxy,0.004318615633685608,20.0,0,0,0.0,0,0,0,0,0,20.0,7.0,-0.184736112375807,,-7.13356144984886
set6IT075__Koxy,0.0076309664110722686,20.0,0,0,0.0,0,0,0,0,0,0.0,7.0,0.153536723070304,,-6.73970573081328
set6IT076__Koxy,0.011269054232285016,20.0,0,0,0.0,0,0,0,0,20,0.0,7.0,0.178983491407123,,-6.26200839522012
set6IT078__pseudo5_N2C3_1,0.46564073059874794,0.0,0,0,0.0,0,0,0,0,0,0.0,6.0,-0.788222021402239,0.0421890866532415,-0.061279909949187
set6IT079__pseudo5_N2C3_1,0.4206978029996855,0.0,0,0,0.0,0,0,0,0,0,0.0,6.0,-1.24474773132901,0.154157872541498,-0.0662645623679419
set6IT080__pseudo5_N2C3_1,0.2443997496529964,0.0,0,0,0.0,0,0,0,0,0,0.0,7.0,-2.74931490496808,0.0688418237341919,-0.0275470763300492
set6IT081__pseudo3_N2E3,0.4296820692317902,20.0,0,0,0.0,0,0,0,0,0,0.0,7.0,-1.24128608102988,0.152755580607034,0.00217891468832621
set6IT081__pseudo5_N2C3_1,0.33709724686020565,0.0,0,0,0.0,0,0,0,0,0,0.0,7.0,-2.27113659256918,0.413167650469078,0.0176880599755438
set6IT082__pseudo3_N2E3,0.4899489988318105,20.0,0,0,0.0,0,0,0,0,0,0.0,7.0,-0.78437023122438,0.159543847020716,0.00439924134976644
set6IT082__pseudo5_N2C3_1,0.35928964811656633,0.0,0,0,0.0,0,0,0,0,0,0.0,8.0,-1.72993754742188,0.147121977552673,-0.0698822053134389
set6IT083__pseudo3_N2E3,0.5371232484989923,20.0,0,0,0.0,0,0,0,0,0,0.0,7.0,-0.59449223194407,0.411367439324391,-0.0748713590837027
set6IT083__pseudo5_N2C3_1,0.46008124588429733,0.0,0,0,0.0,0,0,0,0,0,0.0,8.0,-0.976187134724472,0.153314444962955,-0.0273266078641994
set6IT084__pseudo3_N2E3,0.5156379774001918,20.0,0,0,0.0,0,0,0,0,0,0.0,7.0,-0.21006876602524,-0.164079820498442,-0.0491569531872096
set6IT085__pseudo3_N2E3,0.3875904839174745,20.0,0,0,0.0,0,0,0,0,0,0.0,7.0,-0.817264992357944,0.066783673254228,-0.6701609422337
set6IT085__pseudo5_N2C3_1,0.21706596647395918,0.0,0,0,0.0,0,0,0,0,0,0.0,9.0,-2.93800280774543,-0.0154092468633817,-0.0502277392076187
set6IT086__pseudo3_N2E3,0.4812332351976709,20.0,0,0,0.0,0,0,0,0,0,0.0,7.0,-0.47471587001991,0.0469645981417335,-0.25959581304794
set6IT087__pseudo3_N2E3,0.5573177247714388,20.0,0,0,0.0,0,0,0,0,0,0.0,7.0,-0.224634856751817,0.221243540156212,-0.0982672260894759
set6IT088__pseudo3_N2E3,0.45892467511477847,20.0,0,0,0.0,0,0,0,0,0,0.0,7.0,-0.780624292926106,-0.106455394201717,0.0279492054128037
set6IT089__pseudo3_N2E3,0.48296702471699254,20.0,0,0,0.0,0,0,0,0,0,0.0,7.0,-0.915105542412666,-0.0795687807208276,0.320645023932038
set6IT090__pseudo3_N2E3,0.5055281790554083,20.0,0,0,0.0,0,0,0,0,0,0.0,7.0,-0.642324290452144,0.0470267171121685,0.0943976680065668
set6IT091__pseudo3_N2E3,0.467836006112473,20.0,0,0,0.0,0,0,0,0,0,0.0,7.0,-0.82143933061635,0.371219838657854,-0.340177489394689
set6IT092__WCS417,0.3112796639508997,20.0,0,0,0.0,0,0,0,0,0,4.67377079828005,7.0,-2.20562748936675,-0.0229116656500006,0.162167389707637
set6IT092__pseudo3_N2E3,0.5249046823856537,20.0,0,0,0.0,0,0,0,0,0,0.0,7.0,-0.229879404244393,-0.310606200690675,0.188388356619917
set6IT093__WCS417,0.5696167294305868,0.0,0,0,0.0,0,0,0,0,0,4.67377079828005,7.0,-0.122918579907343,0.00703185044039545,0.110129914053338
set6IT093__pseudo3_N2E3,0.4199815636153063,20.0,0,0,0.0,0,0,0,0,0,0.0,7.0,-0.71972883943728,0.0688544897697574,-0.511617779540152
set6IT094__WCS417,0.5396063670236314,0.0,0,0,0.0,0,0,0,0,0,4.67377079828005,7.0,-0.481801786792536,-0.00228790038087023,0.245255545324888
set6IT094__pseudo3_N2E3,0.41484463457216525,20.0,0,0,0.0,0,0,0,0,0,0.0,7.0,-0.765056916271035,-0.0305866108379855,-0.407362068866329
set6IT095__WCS417,0.15487316803618195,0.0,0,0,0.0,0,0,0,0,0,4.67377079828005,7.0,-3.43297193928524,-0.339751898289904,-0.0249758855427153
set6IT095__pseudo3_N2E3,0.6147847012884813,20.0,0,0,0.0,0,0,0,0,0,0.0,7.0,-0.276408873933438,0.339304791750001,0.290337531453608
set6IT096__pseudo3_N2E3,0.5492750875694888,20.0,0,0,0.0,0,0,0,0,0,0.0,7.0,-0.507635113138488,0.286624800309819,0.0569424642783221
set7H10__psRCH2,0.5855551781394468,0.0,0,0,0.0,0,0,0,0,0,4.67377079828005,7.2,0.191337824359223,0.184036224753131,-0.255830958726748
set7H11__psRCH2,0.6033409070787386,0.0,0,0,0.0,0,0,0,0,0,4.67377079828005,7.2,0.823939021258612,0.589650589418691,-1.15253752237925
set7H12__psRCH2,0.4521985343299539,0.0,0,0,0.0,0,0,0,0,0,4.67377079828005,7.2,-0.827929954156807,0.280405846608964,-0.363617369886312
set7H13__psRCH2,0.5070896432121652,0.0,0,0,0.0,0,0,0,0,0,4.67377079828005,7.2,0.136733162182558,-0.0707192033233457,-0.554933230889316
set7H15__psRCH2,0.5352265920419698,0.0,0,0,0.0,0,0,0,0,0,4.67377079828005,7.2,-0.0565958895192142,0.110588765901296,-0.326615741324261
set7H19__psRCH2,0.5605402035889504,0.0,0,0,0.0,0,0,0,0,0,4.67377079828005,7.2,0.0295499188811268,0.0559043547410021,-0.162043367305801
set7H1__psRCH2,0.5888045281412339,0.0,0,0,0.0,0,0,0,0,0,4.67377079828005,7.2,-0.0166016156863649,0.331013738002291,-0.169160072430213
set7H20__psRCH2,0.30838634533269615,0.0,0,0,0.0,0,0,0,0,0,4.67377079828005,7.2,-1.11800714854894,-0.696321343598523,-0.277993134031061
set7H21__psRCH2,0.6576943329202509,0.0,0,0,0.0,0,0,0,0,0,4.67377079828005,7.2,0.303938006891058,0.389493925617129,0.0156931049856883
set7H22__psRCH2,0.543377364233981,0.0,0,0,0.0,0,0,0,0,0,4.67377079828005,7.2,-0.136588384388952,-0.00135720175343912,-0.0717587477108452
set7H23__psRCH2,0.5780072331102024,0.0,0,0,0.0,0,0,0,0,0,4.67377079828005,7.2,0.0895509824651517,0.255460884037922,-0.284965515300615
set7H29__psRCH2,0.5683529786881402,0.0,0,0,0.0,0,0,0,0,0,4.67377079828005,7.2,0.106121265845762,-0.231166331771079,0.10940529813723
set7H32__psRCH2,0.497293476373601,0.0,0,0,0.0,0,0,0,0,0,4.67377079828005,7.2,-0.220304738828101,-0.208313183049211,-0.13545613997081
set7H33__psRCH2,0.5910461097428412,0.0,0,0,0.0,0,0,0,0,0,4.67377079828005,7.2,-0.153805717370002,0.350546667361081,-0.0337178260704079
set7H34__psRCH2,0.7335151178311745,0.0,0,0,0.0,0,0,0,0,0,4.67377079828005,7.2,0.381250271205489,0.400656924764689,0.616680144607296
set7H38__psRCH2,0.6696562507294975,0.0,0,0,0.0,0,0,0,0,0,4.67377079828005,7.2,1.54569591152284,-0.341780368392684,-0.39200331515393
set7H39__psRCH2,0.5402158412181751,0.0,0,0,0.0,0,0,0,0,0,4.67377079828005,7.2,-0.40476867905109,-0.0196842950871785,0.190324374013569
set7H44__psRCH2,0.5982389800200376,0.0,0,0,0.0,0,0,0,0,0,4.67377079828005,7.2,0.0831717085028942,0.155267089008407,-0.0181841549479229
set7H45__psRCH2,0.5919730584952484,20.0,0,0,0.0,0,0,0,0,0,4.67377079828005,7.2,0.13664901656965,-0.11531306481809,0.149044675644382
set7H4__psRCH2,0.5306629502769965,0.0,0,0,0.0,0,0,0,0,0,4.67377079828005,7.2,-0.194704220444241,-0.0495169204454804,-0.0635644426622139
set7H5__psRCH2,0.4988311595541401,0.0,0,0,0.0,0,0,0,0,0,4.67377079828005,7.2,-0.320425932947835,0.0108433289091052,-0.242694990120413
set7H6__psRCH2,0.5114110567322768,0.0,0,0,0.0,0,0,0,0,0,4.67377079828005,7.2,-0.190153511447146,-0.0424930254624467,-0.223109609034891
set7H8__psRCH2,0.5293226395534414,0.0,0,0,0.0,0,0,0,0,0,4.67377079828005,7.2,-0.0387739340356068,0.0778228781109365,-0.357153810993621
set7H9__psRCH2,0.5049656662624502,0.0,0,0,0.0,0,0,0,0,0,4.67377079828005,7.2,-0.243347089659656,-0.0390316463040989,-0.222836941745232
set7IT015__Koxy,0.5886859114270484,0.0,0,0,0.0,0,0,0,1000,0,0.0,7.0,0.12704504416822,,-0.0308367194266965
set7IT020__pseudo6_N2E2,0.5289205517442838,0.0,0,0,0.0,0,0,0,500,0,0.0,7.0,-0.115362646028803,-0.207107837993254,0.00127051534654821
set7IT021__pseudo6_N2E2,0.6208899799283719,0.0,0,0,0.0,0,0,0,600,0,0.0,7.0,0.289760423830277,-0.0859747249907281,0.199039383106267
set7IT042__Putida,0.6976406376454918,0.0,0,0,0.0,0,0,0,0,0,9.5,7.0,0.28051665138676,0.771389414532412,0.00828758672942431
set7IT044__Putida,0.5864498917014239,0.0,0,0,0.0,0,0,0,0,0,9.5,7.0,0.445425792047845,-0.459686783008772,0.140877107111927
set7IT045__Putida,0.525880308040409,0.0,0,0,0.0,0,0,0,0,0,9.5,7.0,-0.162011866555725,-0.224973668157939,0.0423921191817223
set7IT055__Putida,0.4954409831947819,0.0,0,0,0.0,0,0,0,0,0,9.5,7.0,-0.0423404801321277,-0.302572446696102,-0.233373236318177
set7IT056__Putida,0.4041517991780306,0.0,0,0,0.0,0,0,0,0,0,9.5,7.0,-1.00535034845603,-0.277723689693059,-0.00474356623740846
set7IT057__Putida,0.5395256623194801,0.0,0,0,0.0,0,0,0,0,0,9.5,7.0,-0.449674204588786,0.0252745887998598,0.184942449399457
set7IT062__Koxy,0.5735428357362415,0.0,0,0,0.0,0,0,0,1000,0,0.0,7.0,0.0159279004963384,,0.000733790637155396
set7IT062__Putida,0.5760539965468187,0.0,0,0,0.0,0,0,0,0,0,9.5,7.0,0.310070292495132,-0.189561869944862,-0.0758105713620638
set8H33__psRCH2,0.7679028720290454,0.0,0,0,0.0,0,0,0,0,0,4.67377079828005,7.2,0.843593833203002,0.686474942096947,0.221361079331214
set8H34__psRCH2,0.7249176497844528,0.0,0,0,0.0,0,0,0,0,0,4.67377079828005,7.2,0.871508279956025,0.369687337482729,0.0738818159010242
set8H35__psRCH2,0.733978919637598,0.0,0,0,0.0,0,0,0,0,0,4.67377079828005,7.2,0.645932121482568,0.527720505815051,0.229487842265234
set8H36__psRCH2,0.7080414486355572,0.0,0,0,0.0,0,0,0,0,0,4.67377079828005,7.2,0.430399940528171,0.332962961585273,0.392346073343563
set8H37__psRCH2,0.7545296816192495,0.0,0,0,0.0,0,0,0,0,0,4.67377079828005,7.2,0.239546170062642,0.729040036640619,0.641710309256588
set8H38__psRCH2,0.6728309217733343,0.0,0,0,0.0,0,0,0,0,0,4.67377079828005,7.2,0.180906793655922,0.643749845032408,0.0148464431778521
set8H40__psRCH2,0.6648583636389346,0.0,0,0,0.0,0,0,0,0,0,4.67377079828005,7.2,0.328759931804057,0.491049235237431,-0.0493419314336578
set8IT001__WCS417,0.4720799908766286,0.0,0,0,0.0,0,0,0,0,0,4.67377079828005,7.0,-0.591622501094839,-0.0224884788174058,-0.143610263638404
set8IT001__pseudo6_N2E2,0.4861998033168428,20.0,0,0,0.0,0,0,0,0,0,0.0,7.0,-0.690435257434503,0.0690839848600502,-0.0278541954073603
set8IT002__WCS417,0.1513683335542476,0.0,0,0,0.0,0,0,0,0,0,4.67377079828005,7.0,-3.63637160491167,-0.0362125830679998,-0.176953314356866
set8IT002__pseudo6_N2E2,0.3083723483035202,20.0,0,0,0.0,0,0,0,0,0,0.0,7.0,-1.98809745617841,0.0561356369482651,-0.160485670763685
set8IT003__WCS417,0.5771305018930905,0.0,0,0,0.0,0,0,0,0,0,4.67377079828005,7.0,-0.264698147465705,0.214182918151913,0.103669899544314
set8IT003__pseudo6_N2E2,0.45414126672872057,20.0,0,0,0.0,0,0,0,0,0,0.0,7.0,-0.712143482377945,-0.317548140927119,0.133585662246062
set8IT004__WCS417,0.6439802383421808,0.0,0,0,0.0,0,0,0,0,0,4.67377079828005,7.0,0.152444317783406,0.189153044415457,0.251776057042472
set8IT004__pseudo6_N2E2,0.5388464960480326,20.0,0,0,0.0,0,0,0,0,0,0.0,7.0,-0.105068245556308,-0.0355986428223387,-0.104032678312237
set8IT005__WCS417,0.5636913191208286,0.0,0,0,0.0,0,0,0,0,0,4.67377079828005,7.0,-0.418615813422394,0.350646678229219,0.0159327305839805
set8IT005__pseudo6_N2E2,0.5613472265895072,20.0,0,0,0.0,0,0,0,0,0,0.0,7.0,-0.0979367016705548,0.0507108614880256,-0.0230788394410228
set8IT006__pseudo6_N2E2,0.4997080373993402,20.0,0,0,0.0,0,0,0,0,0,0.0,7.0,-0.67702268556999,0.107487013640058,0.0239850307079217
set8IT007__WCS417,0.4818116062068391,0.0,0,0,0.0,0,0,0,0,0,4.67377079828005,7.0,-0.628757877713594,-0.171063118698557,0.116916932144592
set8IT007__pseudo6_N2E2,0.4418766478536826,20.0,0,0,0.0,0,0,0,0,0,0.0,7.0,-0.80538291337888,-0.204384435415593,0.0185403521953194
set8IT008__WCS417,0.10683232104669167,0.0,0,0,0.0,0,0,0,0,0,4.67377079828005,7.0,-4.55883033212624,0.330041923024134,-0.387137431700881
set8IT008__pseudo6_N2E2,0.4343577293037476,20.0,0,0,0.0,0,0,0,0,0,0.0,7.0,-0.896542513245742,-0.200892509076349,0.0476284215692813
set8IT009__WCS417,0.5985586327050687,0.0,0,0,0.0,0,0,0,0,0,4.67377079828005,7.0,0.119210974281711,-0.111678310780457,0.215272981792932
set8IT009__pseudo6_N2E2,0.4274747989670119,20.0,0,0,0.0,0,0,0,0,0,0.0,7.0,-1.31370134819297,-0.116752242939375,0.326816279805132
set8IT010__WCS417,0.4536147755958995,0.0,0,0,0.0,0,0,0,0,0,4.67377079828005,7.0,-0.829967983316718,-0.17326812093413,0.103056522785966
set8IT010__pseudo6_N2E2,0.4345757019178543,20.0,0,0,0.0,0,0,0,0,0,0.0,7.0,-1.07610822335121,0.000348276130945235,0.0276547429134175
set8IT011__WCS417,0.590239126194093,0.0,0,0,0.0,0,0,0,0,0,4.67377079828005,7.0,0.0446673139109621,0.0795343752661704,0.032420319481385
set8IT011__pseudo6_N2E2,0.5950414488145686,20.0,0,0,0.0,0,0,0,0,0,0.0,7.0,-0.187276695311049,0.316041122393956,0.0660084384888033
set8IT012__pseudo6_N2E2,0.31118370130134965,20.0,0,0,0.0,0,0,0,0,0,0.0,7.0,-2.23256686063298,0.164978250124955,0.000358299270629914
set8IT013__pseudo6_N2E2,0.34094953031135417,20.0,0,0,0.0,0,0,0,0,0,0.0,7.0,-1.92793301485343,0.174343708035754,-0.0537211727193739
set8IT014__Marino,0.581995903747413,0.0,0,0,0.0,0,0,0,0,0,0.0,7.6,0.0309594926181635,,0.0300067933278391
set8IT016__pseudo6_N2E2,0.41957269684379345,20.0,0,0,0.0,0,0,0,0,0,0.0,7.0,-0.874011924770097,-0.24529704242954,-0.0464026476299552
set8IT017__pseudo6_N2E2,0.43639155268586166,20.0,0,0,0.0,0,0,0,0,0,0.0,7.0,-1.135924974111,0.0920346623020345,0.00995121590247772
set8IT018__pseudo6_N2E2,0.323182476903385,20.0,0,0,0.0,0,0,0,0,0,0.0,7.0,-1.55673823426631,-0.164451907974019,-0.239777721291437
set8IT020__pseudo6_N2E2,0.3223882219448784,20.0,0,0,0.0,0,0,0,0,0,0.0,7.0,-1.77801728063683,-0.251132871206413,0.061213805999775
set8IT021__pseudo6_N2E2,0.4279931625157049,20.0,0,0,0.0,0,0,0,0,0,0.0,7.0,-0.44779258065625,-0.537816902475326,-0.113966378788076
set8IT022__pseudo6_N2E2,0.25109182839892685,20.0,0,0,0.0,0,0,0,0,0,0.0,7.0,-2.01821125006954,-0.424336355786681,-0.196602727911837
set8IT023__pseudo6_N2E2,0.17699057507267474,20.0,0,0,0.0,0,0,0,0,0,0.0,7.0,-3.58225106744332,0.115727034011472,-0.0242998052477259
set8IT024__pseudo6_N2E2,0.3270359636438003,20.0,0,0,0.0,0,0,0,0,0,0.0,7.0,-1.62938707599155,-0.0301142810759405,-0.267783320341234
set8IT025__pseudo6_N2E2,0.2752495615781272,20.0,0,0,0.0,0,0,0,0,0,0.0,7.0,-2.05173754374989,-0.240572697308618,-0.107781043615927
set8IT026__pseudo6_N2E2,0.2678938986312609,20.0,0,0,0.0,0,0,0,0,0,20.0,7.0,-2.27693275181491,-0.212394868249734,0.0179199905923078
set8IT027__Marino,0.5759692309898614,0.0,0,0,0.0,0,0,0,0,0,0.0,7.6,-0.0617423163835716,,0.0910971104863735
set8IT027__pseudo6_N2E2,0.3220180926961633,20.0,0,0,0.0,0,0,0,0,0,0.0,7.0,-2.09548919910047,0.0791542181572548,0.0451481934769555
set8IT028__pseudo6_N2E2,0.33901636387725254,20.0,0,0,0.0,0,0,0,0,20,0.0,7.0,-1.54374029970803,-0.169269598344212,-0.11082309421852
set8IT029__Marino,0.6844964906768107,0.0,0,0,16.7012068755333,0,0,0,0,0,0.0,7.2,0.551379627236103,,0.0766888155091547
set8IT031__pseudo6_N2E2,0.5802288806527987,0.0,0,0,0.0,0,0,0,0,0,4.67377079828005,7.0,-0.422818126234142,0.235974461573602,0.264371038325815
set8IT032__Marino,0.6533852071065658,0.0,0,0,16.7012068755333,0,0,0,0,0,0.0,7.2,0.370768366488294,,0.0775820814915732
set8IT032__pseudo6_N2E2,0.4996401991335288,0.0,0,0,0.0,0,0,0,0,0,4.67377079828005,7.0,-0.230819968799936,-0.17991438835817,-0.135336703102567
set8IT033__pseudo6_N2E2,0.5787051145820974,0.0,5,0,0.0,0,0,0,0,0,4.67377079828005,7.0,-0.126809168728615,0.170600959184963,0.0217431267175809
set8IT034__Marino,0.6706421702988227,0.0,0,0,16.7012068755333,0,0,0,0,0,0.0,7.2,0.478391774045303,,0.06858573369598
set8IT034__pseudo6_N2E2,0.4847418079297972,0.0,0,0,0.0,0,0,0,0,0,4.67377079828005,7.0,-0.233382786346236,0.0575177436471018,-0.484534844881181
set8IT035__Marino,0.6399007264112299,0.0,0,0,16.7012068755333,0,0,0,0,0,0.0,7.2,0.316941864626597,,0.0559475794371279
set8IT035__pseudo6_N2E2,0.5614602988964518,0.0,0,0,0.0,0,0,0,0,0,4.67377079828005,7.0,0.0963905919304333,-0.115443170861396,-0.0503713879162313
set8IT036__Marino,0.6810455635667891,0.0,0,0,16.7012068755333,0,0,0,0,0,0.0,7.2,0.519261362346131,,0.0884358116543582
set8IT036__pseudo6_N2E2,0.6111026998746901,0.0,0,0,0.0,0,0,0,0,0,4.67377079828005,7.0,-0.47482981440974,0.556040180290158,0.242257801480729
set8IT038__Marino,0.6303690832928039,0.0,0,0,16.7012068755333,0,0,0,0,0,0.0,7.2,0.190588380923381,,0.129709613789643
set8IT039__Marino,0.643131423808042,0.0,0,0,16.7012068755333,0,0,0,0,0,5.0,7.2,0.299340516446915,,0.0915106620310783
set8IT040__Marino,0.6640897892051663,0.0,0,0,16.7012068755333,0,0,0,0,0,0.0,7.2,0.428162844742413,,0.0810743101612266
set8IT041__pseudo6_N2E2,0.5498742042064696,0.0,0,0,0.0,0,0,0,0,0,4.67377079828005,7.0,-0.671716004377321,0.176212038553274,0.336077850527887
set8IT042__pseudo6_N2E2,0.5119748858007123,0.0,0,0,0.0,0,0,0,0,0,4.67377079828005,7.0,-0.109166905066503,-0.284232906853061,-0.0580285722785145
set8IT043__Marino,0.6555867225731055,0.0,0,0,16.7012068755333,0,0,0,0,0,0.0,7.2,0.357842631858738,,0.102955364303367
set8IT043__pseudo6_N2E2,0.5544769686268155,0.0,5,0,0.0,0,0,0,0,0,4.67377079828005,7.0,-0.196329086039389,0.198026057727959,-0.125424150348853
set8IT044__Marino,0.6711853247891787,0.0,0,0,16.7012068755333,0,0,0,0,0,0.0,7.2,0.440901217125391,,0.109221677130475
set8IT044__pseudo6_N2E2,0.4375029609908569,0.0,0,0,0.0,0,0,0,0,0,4.67377079828005,7.0,-0.346103953774571,-0.175085662805441,-0.50408556802049
set8IT045__Marino,0.6582693513998866,0.0,0,0,16.7012068755333,0,0,0,0,0,0.0,7.2,0.338137433025294,,0.137879566960354
set8IT045__pseudo6_N2E2,0.553625711646117,0.0,0,0,0.0,0,0,0,0,0,4.67377079828005,7.0,0.16607371984102,-0.0444819594616022,-0.251926545772825
set8IT046__Marino,0.6436104230607254,0.0,0,0,16.7012068755333,0,0,0,0,0,0.0,7.2,0.292839783450104,,0.100680610968572
set8IT046__pseudo6_N2E2,0.5025385090849499,0.0,0,0,0.0,0,0,0,0,0,4.67377079828005,7.0,-0.107706815099156,-0.200625401093676,-0.215504395694072
set8IT047__Marino,0.6520346489557499,0.0,0,0,16.7012068755333,0,0,0,0,0,0.0,7.2,0.401640834205621,,0.0390918392176148
set8IT060__Putida,0.5808583522798041,0.0,0,0,0.0,0,0,0,0,0,0.0,6.9,0.182666743197044,0.056940756486215,-0.157122510703079
set8IT062__Putida,0.6400554541698387,0.0,0,0,0.0,0,0,0,0,0,0.0,6.9,0.103988960453803,0.631833282696184,-0.175200146446512
set8IT064__Putida,0.6078670125736978,0.0,0,0,0.0,0,0,0,0,0,0.0,6.9,0.104458491299833,0.260321715342393,-0.0673847340390212
set8IT073__Putida,0.7812457720630377,0.0,0,0,0.0,0,0,0,0,0,0.0,6.9,1.0944752772791,0.718652700831318,0.0848913167876306
set8IT082__Putida,0.6417809294163018,0.0,0,0,0.0,0,0,0,0,0,0.0,6.9,1.16065508513859,-0.503034004739826,-0.0826198863701681
set8IT084__Putida,0.5745812465504674,0.0,0,0,0.0,0,0,0,0,0,0.0,6.9,0.175810267349659,0.0999670844145828,-0.242639976844124
set8IT085__Putida,0.6398824900469635,0.0,0,0,0.0,0,0,0,0,0,0.0,6.9,0.742597270200207,-0.0517749034573747,-0.131639981456557
set8IT092__Putida,0.6441973711768572,0.0,0,0,0.0,0,0,0,0,0,0.0,6.9,0.647427840965477,-0.220686431401032,0.168448597401209
set8IT093__Putida,0.6316164363343788,0.0,0,0,0.0,0,0,0,0,0,0.0,6.9,0.607175681221382,0.026234596514092,-0.142689069416992
set8IT094__Putida,0.5329186703097549,0.0,0,0,0.0,0,0,0,0,0,0.0,6.9,-0.163662032291569,-0.121847334873596,-0.00490127097550497
set8IT095__Putida,0.6238064861146382,0.0,0,0,0.0,0,0,0,0,0,0.0,6.9,0.367679205445172,0.0817153446985386,-0.0227705165889285
set8IT096__Putida,0.474838124403596,0.0,0,0,0.0,0,0,0,0,0,0.0,6.9,-0.291038119234538,-0.338266550685062,-0.107197809218149
set9IT020__Putida,0.6992625978296371,0.0,0,0,0.0,0,0,0,0,0,0.0,6.9,1.11601943883653,0.338472921381901,-0.379529203562781
set9IT022__Putida,0.6897167742893627,0.0,0,0,0.0,0,0,0,0,0,0.0,6.9,0.765113375627763,0.556518738480506,-0.332960179107111
set9IT025__Putida,0.7703388814861121,0.0,0,0,0.0,0,0,0,0,0,0.0,6.9,2.11620065423678,0.159888773307703,-0.498349554588498
setAIT067__pseudo6_N2E2,0.41330051519468397,20.0,0,0,0.0,0,0,0,0,0,0.0,7.0,-1.08312604751632,-0.221614213971877,0.089528500376935
setAIT068__pseudo6_N2E2,0.2534901686535396,20.0,0,0,0.0,0,0,0,0,0,0.0,7.0,-2.76722377927112,0.103808252990181,0.0486487593092644
setAIT069__pseudo6_N2E2,0.4999248936426954,20.0,0,0,0.0,0,0,0,0,0,0.0,7.0,-0.963768304118384,0.208716062455914,0.211165205563709
setAIT070__pseudo6_N2E2,0.6008360913283357,20.0,0,0,0.0,0,0,0,0,0,0.0,7.0,-0.757709535285173,0.767543942821846,0.231166112860959
setAIT071__pseudo6_N2E2,0.5582286390690665,20.0,0,0,0.0,0,0,0,0,0,0.0,7.0,-0.172675136959719,0.0378999141830633,0.0401992880668105
setAIT072__pseudo6_N2E2,0.3662243150266468,20.0,0,0,0.0,0,0,0,0,0,0.0,7.0,-1.25554648011253,-0.337501595069051,-0.00211458499458628
setAIT073__pseudo6_N2E2,0.46461682472632937,20.0,0,0,0.0,0,0,0,0,0,0.0,7.0,-0.869326599409932,-0.0338916659158699,0.0880121678842856
setAIT074__pseudo6_N2E2,0.4476558156886116,20.0,0,0,0.0,0,0,0,0,0,0.0,7.0,-0.54571166131653,-0.496760707913269,0.0961282848564367
setAIT075__pseudo6_N2E2,0.44185451864684133,20.0,0,0,0.0,0,0,0,0,0,0.0,7.0,-1.37206206503802,-0.0196098303850938,0.400272809023462
setAIT076__pseudo6_N2E2,0.46402043709297847,20.0,0,0,0.0,0,0,0,0,0,0.0,7.0,-0.841205304943042,0.0415758370945877,-0.0201752153770739
setAIT077__pseudo6_N2E2,0.5270201334762519,20.0,0,0,0.0,0,0,0,0,0,0.0,7.0,-0.350377582296849,-0.0867175971222509,0.101270436321811
setAIT078__pseudo6_N2E2,0.25835628072211186,20.0,0,0,0.0,0,0,0,0,0,0.0,7.0,-2.7862231488903,0.0429588258652579,0.177507369876782
setAIT079__pseudo6_N2E2,0.36929700234168394,20.0,0,0,0.0,0,0,0,0,0,0.0,7.0,-1.6295967579296,0.0918300071310703,-0.0320509408349788
setAIT083__pseudo6_N2E2,0.34515661489907673,20.0,0,0,0.0,0,0,0,0,0,0.0,7.0,-1.15955142027623,-0.353459475884401,-0.25849719559194
setAIT084__pseudo6_N2E2,0.40110952337776856,20.0,0,0,0.0,0,0,0,0,0,0.0,7.0,-1.36519540300803,-0.100079156092938,0.153198189826423
setAIT086__pseudo6_N2E2,0.3735087825870215,20.0,0,0,0.0,0,0,0,0,0,0.0,7.0,-1.56440422489121,-0.0863773234797924,0.115563357689154
setAIT087__pseudo6_N2E2,0.36401259898952265,20.0,0,0,0.0,0,0,0,0,0,0.0,7.0,-1.65849518117479,0.000142430847907327,0.0448913098126675
setAIT088__pseudo6_N2E2,0.24841161535991954,20.0,0,0,0.0,0,0,0,0,0,0.0,7.0,-2.61027701935096,-0.0202272425390337,-0.0360793257152503
setAIT089__pseudo6_N2E2,0.2567350400074406,20.0,0,0,0.0,0,0,0,0,0,0.0,7.0,-2.3318800126984,-0.30348119199109,0.0533434148984324
setAIT090__pseudo6_N2E2,0.3330242196078983,20.0,0,0,0.0,0,0,0,0,0,0.0,7.0,-1.76016287922469,0.138025197114779,-0.253204989244938
setAIT091__pseudo6_N2E2,0.45670736036748105,20.0,0,0,0.0,0,0,0,0,0,0.0,7.0,-1.58085114320753,0.637782858082788,0.0668057792256871
setAIT092__pseudo6_N2E2,0.3829852245663043,20.0,0,0,0.0,0,0,0,0,0,20.0,7.0,-1.56647381004762,0.0148583166147075,0.0936809291326988
setAIT093__pseudo6_N2E2,0.25965939650108255,20.0,0,0,0.0,0,0,0,0,0,0.0,7.0,-2.41649152626656,-0.264225892379271,0.127982398367158
setAIT094__pseudo6_N2E2,0.3493262005921024,20.0,0,0,0.0,0,0,0,0,20,0.0,7.0,-1.80511006636673,0.0472423856276999,0.0216397842343583
setATCH128__Dda3937,0.0370683446780518,0.0,0,0,0.0,0,0,0,0,0,18.6950831931202,7.0,-0.266150028977791,,-4.26066371454337
setATCH129__Dda3937,0.04681844683139692,0.0,0,0,0.0,0,0,0,0,0,18.6950831931202,7.0,-0.823326959581995,,-3.39190902875237
setATCH130__Dda3937,0.04827467804057866,0.0,0,0,0.0,0,0,0,0,0,18.6950831931202,7.0,-0.443694392338864,,-3.73042408636464
setATCH131__DdiaME23,0.2593091280390466,0.0,0,0,0.0,0,0,0,0,0,18.6950831931202,7.0,-0.0625775865689711,-0.317322332288714,-2.17633112242342
setATCH132__DdiaME23,0.24952312146290748,0.0,0,0,0.0,0,0,0,0,0,18.6950831931202,7.0,-0.148944420654545,-0.30068583307279,-2.20555268843064
setATCH133__DdiaME23,0.24242731535679962,0.0,0,0,0.0,0,0,0,0,0,18.6950831931202,7.0,-0.0678721953064017,-0.378770623664315,-2.28191823429251
setATCH197__Dda3937,0.0505513003182033,0.0,0,0,0.0,0,0,0,0,0,18.6950831931202,7.0,-0.577101143340567,,-3.53503641249509
setATCH198__Dda3937,0.07854018667432781,0.0,0,0,0.0,0,0,0,0,0,18.6950831931202,7.0,-0.246530218705471,,-3.26398032437749
setATCH199__Dda3937,0.030985596171155493,0.0,0,0,0.0,0,0,0,0,0,18.6950831931202,7.0,-1.31842087202153,,-3.44561748125951
setATCH214__Ddia6719,0.3245815756733599,0.0,0,0,0.0,0,0,0,0,0,18.6950831931202,7.0,-0.189700894014267,0.0390719029133638,-1.79808543845516
setATCH215__Ddia6719,0.2884020201499783,0.0,0,0,0.0,0,0,0,0,0,18.6950831931202,7.0,-0.213337531291368,-0.00957535909330698,-2.05253343788197
setATCH216__Ddia6719,0.2423695637097928,0.0,0,0,0.0,0,0,0,0,0,18.6950831931202,7.0,0.132844340707089,-0.394922568676553,-2.46708595672003
setATCH217__Ddia6719,0.373432492558026,0.0,0,0,0.0,0,0,0,0,0,18.6950831931202,7.0,0.163631502409667,0.0355966455843043,-1.73507163827644
setATCH218__Ddia6719,0.34221974296487084,0.0,0,0,0.0,0,0,0,0,0,18.6950831931202,7.0,-0.227649146953093,0.349262611298938,-1.91809223978853
setATCH219__Ddia6719,0.3102515862343666,0.0,0,0,0.0,0,0,0,0,0,18.6950831931202,7.0,0.40206478400808,-0.065245376135085,-2.41239661427253
setATCH246__DdiaME23,0.2546031771131949,0.0,0,0,0.0,0,0,0,0,0,18.6950831931202,7.0,-0.0394627308189853,-0.339060835898697,-2.22497921432129
setATCH247__DdiaME23,0.2483890127157278,0.0,0,0,0.0,0,0,0,0,0,18.6950831931202,7.0,-0.110643035487385,-0.434736687729389,-2.12143605185912
setATCH248__DdiaME23,0.21883804365145693,0.0,0,0,0.0,0,0,0,0,0,18.6950831931202,7.0,-0.101155022829242,-0.558217676245858,-2.32432785796112
