o2,p_coumaric_acid,d_glucose,sodium_citrate,sodium_octanoate,sodium_acetate,sodium_benzoate,d_xylose,d_galactose,l_arabinose,sodium_chloride,potassium_chloride,urea,ammonium_chloride,pH,y_train
0.0,0.9887650864099296,3.525966372886688,3.109676660280284,0.22307900390606994,5.124131806084213,0.9362032039184041,1.202217658378724,2.1380021979273636,1.575751953724568,38.727124938647606,24.602937552500688,0.449114637338918,0.5773403056660107,8.0,1.0
0.0,1.1500615727466277,2.929662713288401,1.213150147692864,1.4741236170314633,6.571740561321553,2.2292528953951325,2.2206429475340825,0.45610222805083245,2.000126449131621,81.2970717557602,108.55438303093649,0.18265963401996516,0.3157960000608744,9.0,0.6093382528896922
0.0,0.160877674766792,3.506745169605022,2.865325826891315,0.37557079703124874,0.2914467581586129,1.6023105835086056,1.165357814881396,1.5763342691713667,1.4524084547169807,102.85736473912459,115.93924726422948,0.24035129923347087,0.7891974464299305,6.0,0.7196772123787119
0.0,0.8860939628627656,3.7862352922129894,0.49131258212887063,1.5008145728148201,2.623540919097475,0.510350395834023,2.173350973767498,3.5462395626536773,3.7485489953596676,1.6497014740436966,76.55917562021962,0.09233127352219761,0.08320067973966017,6.0,0.0
1.0,0.9310827083601778,3.0273390047275597,1.2182166057869557,0.3785773237931076,11.592636923572991,1.8139857112952826,0.10827340612009051,1.1621949843300294,0.2543060210052741,81.81420364857287,91.0752416303885,0.38020514174810377,0.5922474320714414,9.0,1.0
0.0,0.5394030944547332,0.40199081880087784,0.21466471954211475,0.12853500433455456,10.984405566865233,0.8298055625074121,3.912322491042346,0.34781267664128057,1.4671195807419406,24.645218740950632,124.44072525199337,0.48694002089667354,0.9795308886159713,5.0,0.0
0.0,2.415867512016134,0.705128486809294,3.1002701785965394,1.2326220695993952,2.0045303163899515,2.405193884043088,2.6384780340845486,3.6686316264972563,1.7069903260689188,35.80355569291892,3.558332414029114,0.36040814129526155,0.9953999918933819,9.0,0.0
1.0,0.8693596506586027,3.996568039690581,3.205047629103144,1.1080371091017476,8.712636758516869,2.285468455461364,0.37309523883191,0.8781298109109037,2.0973731068879182,120.43432526341589,101.86241979695436,0.06935812735416269,0.42950424346563365,7.0,0.1694164396048753
1.0,2.0445438394207303,0.7911936913386763,2.2249185706286414,0.6547557641531447,5.731667407983906,1.5956457307342058,0.38162226319052195,3.910019479197097,3.786928678212847,78.36546942783941,74.26954488968049,0.09841688297349999,0.789662324788071,9.0,0.0
1.0,0.47015276030970193,2.050532327084643,2.6377329135390934,1.7773741659706515,1.7401289604531085,1.1708633716081829,3.4572860871875344,1.4420182958952261,0.31469506857403395,69.28210008720067,39.37673223316902,0.28254450019713806,0.35305075046290224,7.0,1.0
1.0,0.9604861875267556,2.943226242473717,2.6392314870254117,1.2860006833096223,2.0518102532860247,2.042210729479469,1.3743669990401806,2.2827232329171263,3.665238327629662,33.88016090775893,93.5286414232969,0.378899902380784,0.27952003830952166,8.0,1.0
1.0,0.29072188495849527,3.8682189953940727,1.5259812068007714,0.8080527522951235,11.039269793994732,1.0591192261318272,3.6918605314904878,2.052732546243582,2.2229325594033247,85.1075505567833,104.15991992029198,0.39390168351440186,0.2073279685990893,9.0,0.0
1.0,0.39623507846554384,3.365133245804932,2.8903226182152473,0.6818092960179165,8.584273330028935,2.361326798122745,0.07906357953088872,2.0106675448417746,0.4252884164487134,121.58758622691239,48.830567407315115,0.36691616554310247,0.9432659816035635,6.0,0.6879672758348552
0.0,2.1780503435819747,1.3886385054954133,0.7742873091475198,0.3551062667457541,7.372501631774013,0.6249539789610135,2.6999057390940497,2.14600542338144,1.7622992014685037,63.7988656088959,82.1279252581736,0.2965677477500166,0.5240085822820719,8.0,1.0
0.0,0.4500493149461188,1.5522580384919844,1.3060603228415881,0.9074763294541857,7.81550823084233,2.004091859607216,0.6175446965812834,2.0140607662043184,1.6380326705713402,87.96240694167876,59.877566802263765,0.49201280565088235,0.6499738118165721,6.0,0.0
1.0,1.195061092921656,2.3924789956145514,2.837347051508957,1.0084760916973523,11.573038005991872,0.8596391798268297,0.6272542889630968,0.9018758130149034,3.939765564934094,13.602794032744697,27.918495730393524,0.29608580871687995,0.685070354552748,6.0,1.0
0.0,1.4605245317803492,0.12754333361632986,0.9417165197557478,1.942712312822735,1.6363275163275954,2.2823459323938953,0.6891233690656984,1.1535333682539806,3.237055870320628,52.280016527819924,30.833717991677112,0.4234368746701492,0.8721008362243641,5.0,0.2644719383531974
1.0,0.9186408902989274,1.8738299195684718,2.622143556475855,1.594487738804419,8.935063274544436,1.8739954986426643,3.4792598893745086,1.8428719069207964,2.061489101044526,106.74103276384444,90.65678846903494,0.39719501781322536,0.8005611882061642,5.0,0.4430000117514067
1.0,0.5451280359416188,0.025074281438118184,3.8908043803535377,1.3367219194870235,5.387870562315653,0.12061181986247671,1.4510426691334097,1.5062650774070083,1.8223467093753567,59.89521800817692,113.5886438588298,0.3736426475961004,0.7173239372414992,5.0,0.7961149934788001
1.0,0.6009357997784559,1.3018730917218542,3.1584302354741873,1.224032912531692,4.92269107820039,1.2277300223369312,2.460645675936473,1.3187861385771789,1.3819007507283336,81.39390665222246,36.60366553586096,0.07228187166301947,0.3712504516508083,6.0,0.9786981015790459
1.0,0.16841965596035124,2.7285461091791627,0.7292083550319277,0.4610848836654837,7.794705859748031,1.399925277167223,3.4956430251831137,3.649949660887554,3.683706345206663,44.67602486017737,36.44556715006483,0.3801727897228272,0.9764719600400504,7.0,0.021983624342126973
1.0,2.1980898135520617,0.45566349186282196,2.590434308020141,1.4403960915821241,8.914111308406309,0.6753391463653033,2.359442508902691,1.798988711490011,3.587348900639071,7.631883630783154,45.28635153726057,0.24254511329403688,0.31577684922629334,7.0,0.0
0.0,1.5662804676805702,1.119475000042872,3.271952539701456,1.1328634042905428,11.444631501394106,0.9020089326760639,0.1619960619841465,0.288304245121374,1.5312953576519828,98.22506022839187,29.716057845756342,0.32999165618225895,0.6690156307445533,7.0,1.0
1.0,0.2545960712942466,0.3820306272602747,1.9614151871090804,1.9577055748904624,5.285176235529152,0.8721899895522403,3.579117210966696,0.3696724396690003,1.9074172454467488,115.90756225643173,64.80053970266142,0.18142425030904147,0.8931998526877646,6.0,0.6438252670480662
1.0,0.2725453258508506,1.1162267304040663,2.972239245056138,0.6388850643831385,1.0094638694021252,1.7850961012220763,2.9654759808498006,2.328195903921351,2.7661596654361738,22.33299802385062,45.74202143079843,0.16756330831359412,0.919431427717167,9.0,1.0
0.0,0.9220107995062476,1.2080879820505883,2.1007958697169107,1.333080614375512,4.689486998679142,0.6968583177610219,3.0481490572725876,0.15734808189462912,1.9023117969728491,123.75085522588131,57.309215782826136,0.42012734953205144,0.2678641418980908,8.0,0.0
0.0,0.6911861962951962,1.1733500912385835,0.8582391564357539,1.8846195001160364,8.763332363250711,0.7452809941033556,3.043117215897446,1.5374393734808551,3.2960774785600875,77.96643484216074,16.448076438558584,0.31486086713799527,0.8665139515780959,8.0,0.32717960298529647
0.0,0.25202437669937405,3.819669564078987,2.7727066013332804,0.17225688438731024,11.17735789864513,0.7219199361564194,3.0095570957676254,1.956832129361871,3.8903119470200616,28.5586231152013,73.79287191178052,0.24518464063815387,0.007887823353312173,6.0,0.6220678125535023
1.0,1.5387484478412115,0.8228493054840942,1.1679406549645908,0.9804755178895954,4.168918973528788,2.370937091829422,1.3705221124480125,1.1617495401328308,1.2739612343722575,62.706713201145305,25.321192071061358,0.3522074643172608,0.2686705629176316,9.0,0.3927530719939474
0.0,2.372139490978651,2.086034873177621,3.978888527740741,1.6660754144340506,6.1604841248681845,0.6491138778936909,1.4618361021868909,2.9812433357616217,2.0794264341074284,77.40899539990482,43.99581996612671,0.23701045980666036,0.7295457908568765,6.0,0.47735533669400265
0.0,1.1643506511460515,3.232181729262349,0.5711613667834801,0.17826215207669027,9.173165245430615,0.47272691103701553,1.3664016132523922,2.563039061940735,0.748243358603716,24.76139348890545,118.00427890286302,0.1751704598406602,0.7112905033130936,7.0,0.8278769662005956
1.0,1.226661579945104,1.0370535631672007,3.298275820476624,0.9071101062037452,5.621714147666902,0.703540283462421,1.1343142520203777,0.7389598422426102,1.0004073621997382,113.54274751042767,3.2645186317103727,0.441703142889899,0.8538257401016551,7.0,0.0
0.0,2.1731941399844326,3.0434583901120824,2.867871905333884,0.06419715582683017,5.967306074756089,0.25251586868366704,3.9495979815678814,1.5210215033044858,3.323012939088131,8.586848034702221,80.26378094954266,0.48675982401727175,0.20574495739606824,9.0,1.0
0.0,1.2414624195986177,3.1645237422796817,2.487678211826357,0.7091347458667729,5.03918002761812,2.156060335094772,0.8415160414386769,3.408514421315311,2.3373594709584213,116.63965374776419,1.7528964291905202,0.28268920517902296,0.7024611057889915,5.0,1.0
1.0,0.8518967285780219,2.5581026275532732,0.3782114370099343,1.340301902869889,5.801613462925237,0.7059213054801063,2.9753772864208674,1.6576958828023023,1.7065618742482047,42.129805651679646,100.06127234961572,0.006037436933790885,0.6048617724077657,5.0,1.0
1.0,1.7034980262561292,3.862001988631746,2.4123661508931713,1.41008524604197,2.707802766791712,1.9196309511177123,2.552301800843171,0.7160094433168496,1.0668851269242405,12.00944605066509,48.07333195986699,0.18697935792691167,0.7426807270091731,5.0,0.0
0.0,1.4167072500202835,2.4486252359356437,0.7322687338229943,1.124928629232099,2.075005918457735,1.291693158800513,0.11262782335689359,0.18497974343156276,3.8999920333751055,20.56666731147992,80.32261554282827,0.26672351422092416,0.041022263610223764,8.0,1.0
0.0,1.9341044193116548,0.41849181306843564,0.6866509708994757,0.7929749370549632,7.937059412197689,0.022618754618154713,3.117994572204238,3.8272089519015737,1.8624193523616661,1.127251612819777,102.63261723058658,0.36399667765909405,0.1662666428989794,7.0,0.8640727094520735
0.0,1.095734875079688,2.715258478872044,2.9561522723429325,0.41003750773278,1.8995263892183458,0.7829454843930206,3.8541004141740958,3.551869077247866,3.121123243002293,52.99225079887003,72.1065144163263,0.3984222271622909,0.5348162441538103,5.0,1.0
1.0,0.6710713046717282,1.9125363856463835,0.9474545021997165,1.1348167935565607,2.582417779638666,0.7393751273947519,1.212974305159138,0.9723061255744607,1.60583719229819,73.15396755561541,68.52329093515061,0.2201426855913804,0.31781495019938477,7.0,0.4535364298555964
1.0,0.7792497408407375,2.6240722583086487,1.2269846768954702,1.0016704441398336,10.885751319182543,0.24234016743531844,2.4125548876621012,0.25661717002714823,0.18077896132172144,101.69725483515148,94.74379572530874,0.2878070202509115,0.3346698332913579,9.0,1.0
0.0,0.03355425149859592,1.1474030152174852,0.8710515275954602,1.528713351999671,8.112560211953738,1.6452260454497358,0.8191889855326129,2.0797540911538017,1.4461798254556633,90.02947314346635,75.87251489203669,0.16174738865347232,0.5382207466377077,7.0,0.0
0.0,0.267585356882733,1.3284185697403417,2.2367761898784457,1.3080958821811197,10.978643632658747,0.03560784337539841,3.1279235142852055,1.124376831737513,0.11585337522985562,47.47067861016126,123.9960134504736,0.006528420225560716,0.6785466321742956,7.0,0.0
1.0,1.2462931301749824,3.212537826681857,0.04055583548430031,0.3189221156933886,4.097007815287702,2.2951163374203083,2.196291565304715,1.7774619192197951,1.4082270920972304,75.88960380231279,23.03798424150187,0.3771157711324193,0.6375255131721109,5.0,1.0
1.0,1.7939303510353963,1.3468405107715054,3.35547308201093,0.8282732562183968,5.894517422761643,1.6151856836702618,2.293274554895565,2.5206903308485478,2.709107301066328,24.544029158333313,31.13699840289659,0.29602405225702,0.2935363857629135,7.0,0.7400792832571953
0.0,0.5100349390946537,0.5763304433387351,2.8573933473449653,1.682824338036951,6.676180770365927,1.805659374310376,1.6646850634798458,0.245558180268997,2.9629381492553364,27.23267822219763,75.8166489434965,0.4945544569438428,0.5730811053990726,8.0,1.0
0.0,2.41821040626039,1.3494304759235596,3.6746902157765486,1.9946837920010143,9.121941728512557,0.01951567244689284,0.8929917762151263,3.0509434305382155,2.357177001034181,63.89756561194516,70.39457425429201,0.09133805275635432,0.940773609211945,8.0,0.0
1.0,2.321617958971329,3.3938210918777947,2.909614829628268,0.503465337434261,10.291024506457038,0.877072037048914,2.6584961477150864,2.834543042389876,1.4857172156273588,13.654416439250944,81.06724894997876,0.32145648925659626,0.3392855886797925,6.0,0.0
1.0,0.6901400258208451,0.4418099024302995,1.0091789759665204,1.4581437263910075,5.732569792132125,0.5682473554324665,3.2659008977722985,0.286939328640198,1.819462307205586,78.38417795323946,59.65679526185093,0.21514620450948058,0.21305695109005973,9.0,0.0014330208521001753
1.0,1.0981386443435963,0.5016269070547379,0.5927723028268312,1.3225837732322732,6.5461226689284056,2.491023063418288,2.3134026919027604,1.7297203147299518,0.2407773349467588,47.898912798556765,118.41438385769975,0.32547085659625224,0.8760580232491724,8.0,0.0
1.0,1.775087803101846,1.1733381895945452,3.5557344840794682,1.005863318655296,9.520852254970974,1.9184294753297455,0.4330893351713194,0.40031921225886435,3.8877724784507977,41.626704978253976,32.643091546991464,0.18042235496821252,0.5626408717829118,5.0,1.0
1.0,0.26639812803865764,3.9901762109271957,1.3391872525232724,0.870636922795873,0.7700705622613904,1.5436024883042967,0.04579172762355377,0.15646327467835341,1.7761491332271588,11.520550293011771,91.5048861365801,0.20690309944952845,0.1124372827253105,6.0,1.0
1.0,0.01290311213649864,3.8459496807423896,0.4979372856157056,0.10996117053554744,6.519227959337782,1.0236498568357915,2.676571826731338,3.4367859896761703,3.6846856537625228,27.128005226849076,111.35815982060383,0.027138479112973735,0.4227560194448676,5.0,1.0
0.0,1.0611056179925096,0.9221824264306049,1.4371123561333055,0.12752044969402498,6.775056189214909,2.3601007755388665,2.657860932020691,1.8935275101241658,0.4416285242040252,48.70299762757842,52.07177661985851,0.2843315942041178,0.9332426010991971,6.0,1.0
1.0,2.015572985315193,0.5884749991491769,2.7006456488037203,0.3375669891056845,1.8107496781308647,0.341317105681167,1.9123413817764967,3.3656966901912932,3.1221391069801183,35.946910725247974,10.494494611442917,0.46746598535833006,0.34513418573206767,7.0,1.0
0.0,0.5589155396733989,2.066574408151105,2.7210761766655227,0.969407576971359,2.6729803152386324,2.100798935329658,2.806815270517351,2.1152160005460585,3.608229596109907,23.67447064539803,18.088170762124005,0.27615846603695754,0.6015719083357516,7.0,0.0
0.0,0.36475048308256985,3.5868911072116516,3.7725419878565654,1.2274540250723251,9.283713517775318,1.2481006229008886,0.07166563326219189,0.07441273907812684,3.800019565435533,61.66703924793289,4.81724966023997,0.42267743968171284,0.6062443735806721,9.0,0.8562267073014064
1.0,0.21782313093039823,3.727434287302928,3.501118947713797,1.1123872642346977,1.5519715532599974,1.899331824684118,3.0547588175499882,2.5992348341303018,3.6050877996228174,53.2363819422995,34.094225384738856,0.19874114784735847,0.5534535588814764,8.0,0.9556340908157327
1.0,0.7235997901144973,1.4647991032441534,0.18371469256170725,0.32341708402256497,8.803241716061013,2.048914394517508,1.091917419281223,3.0679662416696614,2.1153048250330495,16.653279773277504,108.9865422248598,0.20533152721583187,0.5718723929657991,6.0,1.0
0.0,0.4460037722984919,3.136345505412702,0.3528259858424514,0.07772696688761216,5.381652654723567,1.3021320112395032,1.3977533292788054,2.553476447146755,3.9046513778701475,87.01484469966941,58.76406227805695,0.3061629027647409,0.543908819982973,8.0,1.0
0.0,0.5991518933802595,3.4444498926446463,2.1425578733256727,0.901109122568253,0.212528469547137,1.357638483055315,0.8629380581289312,3.156601633548091,3.6120047135109803,100.63454294003587,90.94886555677526,0.4054544965566109,0.41307053592233545,5.0,0.43895431821751174
0.0,0.00525980476808352,3.5933232159433346,1.1814220218597962,1.3854548316750357,10.333657569398476,1.916965118488547,0.9822919860041988,1.8738315219087909,3.815911220834597,74.78601224883238,89.0149329145003,0.4674587733921731,0.4780959767339311,6.0,1.0
1.0,1.5890491406161562,1.0438300616947056,3.256074393975467,0.8926637523683827,8.072322256032528,1.0227901000457837,2.325860667515735,1.3413927238886654,1.8128231822121812,94.92450377658172,110.64561789514349,0.030087917560717437,0.9113072568342675,6.0,0.0
0.0,0.42920041568730916,1.530173484965259,1.8503598204819895,0.5211415442845864,3.283093784050734,0.05067649045669087,0.6173947725763149,0.7912101025035327,0.72502900043665,54.568607496628246,2.725984484003796,0.19004782487147748,0.3049838171025582,9.0,0.6056310851748578
0.0,0.6494194042536936,2.7258892667430423,3.951736319586445,1.1516633592655399,8.074947185381326,0.4562907399647914,0.3428398990585575,0.7582839356909807,1.7950980771906284,38.13356384660399,76.88177353197636,0.03203450115777112,0.9446322292906264,7.0,0.7650935540181069
0.0,0.610190341747493,1.4696259883920653,3.416499167033467,1.4811362536252417,11.522791323869022,2.18993219332627,0.4495015827904192,2.728737173105421,3.336618510706426,60.34280995731987,96.18061221347084,0.4761161481523518,0.6872383673847673,7.0,0.42713686512355165
0.0,2.104306717206466,0.6361124279423431,0.5943605994282382,1.802204759644339,4.477679120321449,2.447589765406402,3.6311729929781773,3.5903091596577514,1.8071994914515233,105.4903022207611,6.9549597242234,0.160411927731285,0.7206166086033937,5.0,0.0
1.0,0.3234764958776437,3.8539857550224847,2.1522250127320435,1.349990235029059,9.856473149551292,2.1482621470445316,3.797230527275689,3.3747467744965642,1.4087545751573098,88.76052576851745,2.615136260909243,0.03710551750025537,0.9147055750455488,6.0,1.0
1.0,0.837983435598938,3.966945226225526,3.2608109625722688,1.6997106929034085,8.069972004011746,1.8689647756549446,2.314054754066767,0.8925345033340069,1.7024686376332094,100.86572467893495,2.5127456749605424,0.07117466834946462,0.579676464032359,8.0,0.9817021358176476
1.0,0.4883992670071427,1.215951562661076,2.7222266813961573,0.1644707196519415,0.406252150153672,1.0423787533217967,0.8743926382147902,1.6672260135258092,3.408256705933172,68.20197054011544,60.069870222079864,0.17755593297289024,0.3754288794417915,6.0,0.0
1.0,2.1926259876423444,3.067337108184006,0.9587503215079503,1.8066299453888628,1.8368708195083858,0.15476198412403525,1.6152362924393273,2.4079075949223365,0.6297413492496169,6.2479002511930535,9.797248557377959,0.3948439514546674,0.6662912443297848,7.0,0.8822536417118343
0.0,0.8097636980137385,0.004930312983269403,2.16628737052753,1.3290406706443003,9.802922923493258,0.2798050361600657,3.1231576887116153,1.707349956656711,3.0926954774282427,77.0184678912014,85.36752671127736,0.27592014158367834,0.2531512302039126,5.0,0.0
1.0,1.530208229246651,0.6414514076159437,0.04489480981046379,0.01663055292707627,0.3437453886354196,0.8661653055941696,1.1482165099617,3.0126643193719382,0.693761642587464,120.16270459451547,17.439933137997883,0.4567206165584363,0.7245264907727172,6.0,0.24242635869013962
1.0,0.7315602222434534,0.49048297448208,2.5562152472320534,1.249942036809659,3.671056316867378,2.094233556558311,2.6222180449223904,2.088517769714876,3.119943973758827,45.475475183932595,71.15730424344675,0.3121247070627402,0.6345486227988708,7.0,0.8092116505300827
0.0,1.4447185923005492,2.7612007640147347,1.9794331238383762,0.221711583088253,6.678404861264495,2.0046593716599777,1.3684635390704485,3.903960615606787,0.660645922647106,7.725968913243092,38.02912934519295,0.019877054915742265,0.9303742520181323,5.0,0.30300368026878943
0.0,1.8412505412120228,1.0740710978537673,1.4591580630468668,0.5325153124979038,3.6503782371642988,2.3829551891123693,3.4838406787479026,2.9858365702758833,1.6453449796496296,66.45229739041301,5.107549027383445,0.287509495725084,0.26032929169461283,5.0,0.0
1.0,2.4075715331579537,0.3017332806219497,3.3031953946624353,0.29847811083891296,7.956807447291123,1.9936392810210903,1.4172043382462811,0.7622135247762203,3.030528497299591,102.9646940463112,34.10867535873831,0.44805912700773454,0.7851750900931931,8.0,0.0
1.0,2.2747948703568124,2.6859634840958275,3.977215984770925,0.18626595961071502,0.31779343250192893,1.7967683199422284,1.2506071000420982,3.0043117062804092,2.877165211822109,65.72741330803649,16.580302961272164,0.45069477711096895,0.27512007328877064,5.0,0.0
1.0,0.010865637774937764,0.7086731811488414,0.7448631849221243,1.4914854192026492,10.021967471719384,1.1166237253405842,0.6819542060631316,2.741739208452224,0.021632707924741368,4.149473860913286,76.09421320095785,0.16460902302674402,0.35924919189061144,7.0,0.06866040288959874
0.0,1.9496172217565613,0.08779058482183189,1.8562583230783418,0.7689831231589139,0.35201302581241256,1.3806713822232033,1.379328623195569,0.7392322779935006,2.8131993123153483,36.07186295209387,57.546340302948586,0.31079876848505394,0.9229562952660371,5.0,1.0
1.0,0.5307765700323647,1.9087518483209265,3.599454332967238,1.704485670647584,8.09918370381739,0.7762252779150686,3.717298484092479,2.125045591922509,1.722768623326858,51.80403699562773,94.05497700009286,0.02367717609864367,0.9386341214187929,8.0,0.17522956351113916
1.0,1.557787928924395,1.5978467337097153,1.3756408227475037,0.25491763063563155,8.30078495641782,2.4315624625139485,2.173416823189303,1.2164939747104762,2.3234756445723486,11.08739892848097,36.55258299555046,0.49393028674207995,0.8270936139650101,7.0,0.0
0.0,0.025381108264924124,2.430057642747214,2.630867756142645,0.7543130728346106,1.577848319526871,0.5429348522644115,3.8296536921347184,2.457013423861451,0.8427315563713149,61.294416913326394,39.58055318727334,0.07555038066387587,0.44553508220268523,7.0,0.0
0.0,1.0945020587946326,0.22610320004623263,3.9498052207000756,1.3457992803432288,10.745519437021667,1.0950099978161143,0.15974923224276694,2.893995078124413,3.7409270296386556,34.435667665930396,95.29554994700464,0.0009552307958714534,0.684708452169368,9.0,0.0
0.0,2.1855144225267558,3.5443441437071947,3.5696521166821364,0.9769670448597083,0.8795418248408597,0.23420963995412325,2.0404880856443133,2.847786480560682,3.8226175169802326,28.421412629562546,96.73540962475829,0.34938772268748375,0.12527319099791534,7.0,0.20113256701498794
0.0,1.4601229228176216,2.0706147455025334,1.5516023989011218,1.0054624542443293,4.4632324663314815,0.9460689877145434,3.8187559902621513,2.0739437490600383,2.1166457141646178,51.42332357315234,106.21854037914551,0.339733055196991,0.9174247746174191,8.0,0.22324280978376143
0.0,1.9287333766529144,3.401869719829253,1.4618013930033582,0.0858903019899746,3.5862209332080863,1.5574185013740374,3.2799159031360188,2.06128241874182,3.3369154247625716,89.36528802383852,75.38579612076522,0.41630139741279915,0.6121332443561153,8.0,0.9259440182840718
1.0,0.5807252619159964,0.1688279600158542,0.08770192479681116,1.0074481029649827,11.102899920974856,0.43700994810442567,0.43575111282580536,3.543320496093483,2.9319560848494532,31.52335981844956,74.79951996590259,0.14769788563799502,0.4407684624066681,7.0,1.0
0.0,2.3443054406462456,0.7386186055208852,0.2982824355847251,0.6937185658528322,2.706361562868011,0.1346994870388435,0.6218703178557181,0.49034079766257,3.7621482715636163,44.60142854479883,104.90980754089192,0.42270990438415756,0.876435759626954,7.0,1.0
1.0,2.2969675519977364,2.3707763385384575,1.5194647227420703,0.4044342127181446,5.8704525751925,0.8102520920327555,2.8316770672990303,2.2602700483165195,0.3410981638623558,45.8698102790767,123.38009777005783,0.20186140784555512,0.8853992473221621,6.0,1.0
1.0,1.619262893432435,3.6620791729148405,3.666012849936705,1.8747614687884686,3.183965819700216,2.0343761322932865,2.1112048284685843,0.6839985895401046,3.2788780013037475,28.09072190129744,84.93711262872992,0.42289127874740834,0.9104692519053069,9.0,0.0
1.0,0.2945002017997231,0.5466593984571797,0.5757955862547681,1.9117954943114719,5.27833278825709,2.205037322108217,2.660500496779865,2.5073004468504725,2.617155971639472,71.92301313958764,24.84616821890466,0.07392730551192384,0.9681941601668788,8.0,0.2650170968742547
0.0,2.110245705968881,1.0857459374463962,1.6153131709023314,0.16653364317967734,6.936529817131083,2.2235183673549423,2.110324800403438,2.5436385340660177,1.6870563095682831,37.24676672943949,23.846671416540204,0.35596492532234636,0.31111017445309497,6.0,0.1136351173705007
0.0,2.441891116961949,3.9137815472499313,0.759554622074484,1.9067516210756257,3.694532559274811,0.21939964737877626,1.0119864844279576,1.6294939935113035,0.7537652660795731,116.46504791294107,78.04306543798184,0.2529843767056624,0.4134675452924331,5.0,0.33029972161994214
0.0,0.9346713818538452,2.5563499101361087,2.560373799983973,0.4338301287292521,1.2057400240330223,0.44948360481371935,0.07889351368903208,1.304555903950972,3.2102097381548007,45.685838909057324,0.8233763046929243,0.012097557515408197,0.0051534145451477276,9.0,0.165937513382872
1.0,2.291709259698923,1.7146821499260967,1.8613426626299958,1.633818162575207,6.987672204686463,1.0097452779168081,3.811643143550379,3.578531868859718,0.06767828012056354,31.060465950955685,64.1779813504244,0.07344157943250817,0.2749566962130735,5.0,0.017050484829153167
0.0,0.2656892911792613,3.660737794651191,2.4439413012463573,1.427954224291294,0.3648889420216235,0.32365073621517665,2.622407955990941,0.38110941337763427,2.9713531777747715,83.83756626151954,103.53488165583353,0.1481120351147508,0.07953799414392337,8.0,0.46503011150667384
0.0,0.8944646694972502,3.1998758699273395,1.1037942393058886,1.0966035213113523,4.658145983304186,0.036991878583215454,1.9413247347018148,1.889563063574419,1.5959931822150177,66.85990690267337,94.09451904993881,0.1977478819783679,0.10101476743310389,7.0,0.505693829997217
1.0,2.2133159144686134,2.5285184486743426,0.621181339228444,0.52962786282552,2.5712925728761054,1.1769555849701798,1.308667094353729,0.40098151024160567,1.4823923654181579,35.131144209208124,17.71201654478678,0.48245766917602395,0.5542062474832498,8.0,0.7642910276639473
0.0,2.424262797997987,0.23454584896101238,0.32236156588466347,1.8237031545854498,0.9924920669780146,1.2743531302272957,1.2715306737177183,0.6774505296440827,1.6508552216844015,55.61127009329728,112.87333500842036,0.1206910062657699,0.8552964879771424,5.0,0.3930745363111233
0.0,0.09227309866021327,0.412161704586433,3.3753050311023998,1.0632156144024598,2.302083715641961,1.0684204913828341,2.2064775055631825,1.3934694687940388,3.3987916549686883,116.6630115676902,27.33005312546352,0.39816003281848844,0.9711175267202877,9.0,0.0
1.0,1.389737583217662,0.7865352215915449,1.5734441102040044,0.49042528116276096,6.393921472798916,0.45483764249945213,3.870127094263009,3.649654575533227,1.49080293564543,63.85654111656025,115.05965753894294,0.29506961289423955,0.21042379305605163,8.0,0.4006584883241039
1.0,1.1403080580424012,3.276135829246127,1.1751427046869631,1.296147474097536,1.1955061027857004,0.995475895655902,1.111861298788409,1.1521347753692202,1.097087225131511,53.490985931120285,76.3777116901509,0.31759353392254636,0.26570880055670687,7.0,1.0
1.0,1.7151200574993608,2.2833298844366605,3.9253759578236473,0.6446932923778674,10.92032064685963,0.08037046313617485,2.1831657418011354,2.0744112794525633,0.07732373401844628,118.59086317192089,90.85489859004946,0.16060120841381276,0.7168893623785461,8.0,1.0
1.0,0.5665249512464701,1.2254808602217038,2.0842178967958467,1.2437779998324356,3.5235057930996576,2.371784889763735,2.308752364499424,3.3675553313798674,0.05949592176255747,30.052153633256292,13.40738644168049,0.3272263779573039,0.32418493726607867,6.0,0.6027573515349298
0.0,0.7595574292000323,0.23345783438628986,1.6122054035981441,0.18819275508330624,3.350628858201222,1.0654079681430488,0.3390778309463034,3.339105128512179,1.1901879912211535,81.0650309937102,103.35916576727287,0.016649794795222994,0.1866119760312388,5.0,1.0
1.0,0.8153169399037147,1.240321710924325,2.4575448086747134,1.6038242467752575,0.8612146996782437,1.2927308883113628,1.397261830610998,1.063147374385883,0.5473296390068505,54.851863283499114,1.8876334436542797,0.4917677156175889,0.9220522341216751,7.0,0.2783096558951069
1.0,1.7479293958188704,0.27663468562353266,2.7578026788553593,1.6224819798222725,10.150814095540234,0.8724405288315973,3.9266903781204405,0.06177044726006686,3.739402504427546,9.505871730857457,103.86803538692365,0.18033747514388632,0.02039125779755413,6.0,1.0
1.0,1.9140500574133037,1.1374700383692558,2.4928275849395876,1.6247072809956649,10.877672941034662,0.10970133343247146,0.07282761417051065,0.3947731536043686,3.589473832347012,86.82242699157597,1.5709530860279348,0.43479121434833423,0.7917870717689365,7.0,0.012339245464554005
0.0,0.12453211188802327,1.255843348619984,1.075949771300459,0.011659882311542802,7.832040222514781,1.7379512777109993,1.5252855507101346,3.167757232421427,1.5141366318537326,17.77519011844479,10.400631273583747,0.3400645813807812,0.9036014295706085,5.0,0.0
0.0,0.9906008504988995,0.4831668720326987,1.1144626042805754,1.1826767362089625,0.32559442758614576,0.754124340523681,1.0881834543842563,3.343881749379538,2.737329444286301,71.116209048058,45.937957007525235,0.46527352239227915,0.4890200327011033,5.0,0.06485223866760459
1.0,1.043466329924614,1.1895076724464588,3.9446771884966534,0.5866477479847838,1.0112675008457228,0.7004688500535914,3.8575674880447774,1.9099737169442101,1.8561190854225118,71.15345954027475,83.83979160382262,0.012171730381395462,0.46872845506021643,5.0,0.32144752658982856
0.0,0.1581012158702219,1.9911809924461368,1.8619486860131014,0.6221314348348552,10.409414697712132,1.9383729128930698,2.9576875667200886,3.5149459315228486,0.9426407361511977,71.57911811307903,15.633803285428849,0.32597605126137874,0.09366320707646891,6.0,0.0
0.0,2.4728848112860597,3.4021794427873577,2.7582921032733116,1.946806288907687,1.2394669902856168,0.5361799719268536,3.7017097811944915,3.7199454235977294,0.23632458542618906,18.568058650801593,105.7510909042464,0.09233619879147431,0.999764348852111,7.0,1.0
1.0,2.3984990426988255,0.030061190860779075,3.974745601455761,1.1779515437876757,10.402403714371912,1.4710099237835021,3.9132230022903896,3.1420578875783565,1.7401624720220417,100.7636328278078,76.47655402854005,0.41876392568147086,0.8740084597973865,6.0,1.0
1.0,2.2562196675020783,3.6152338459933917,1.380106029928065,0.7151630389780537,10.254431272275593,1.1822372340188716,2.829679733421794,2.0204992548110106,0.43540056988230713,123.20481598117335,102.50781450696421,0.33654275490446084,0.9942334711966517,9.0,1.0
1.0,0.9180068916524655,0.6660633188631087,3.1107333126582457,1.9838004192244212,3.093570277971149,2.243924406058438,2.343053211085823,2.760249610739414,3.640622256949153,27.753653419394855,37.98607623268281,0.015251614583603579,0.07902776841968295,8.0,0.6924040629650728
1.0,0.1282310768478956,0.9374347545304857,2.7378702657384335,1.029727215287087,4.823381475196381,0.41972105688683564,2.7999693125087344,3.6528615319214897,2.941513906870123,35.99063479107969,65.28214874743824,0.4139363884321536,0.2658080071616963,7.0,0.8556805357620837
1.0,0.7608909738246905,0.23417795852333967,1.1048679131905867,0.8619029864183951,10.669886798150358,1.9145944028862338,2.9460491604423833,1.727478945045287,1.8533817549314922,111.44981129861932,103.88236702672945,0.17951864895643,0.5210269631910649,5.0,0.0
0.0,0.0014326345732826318,1.4720528530899726,0.6759042721873465,0.7183370715265778,9.458959649499459,1.3316482187668721,1.2112098477732296,0.9053392120960062,2.423354059996897,111.6089584026852,64.08505870817802,0.22658567500300614,0.9846443971750111,6.0,0.4407857964857108
1.0,2.2000944455594147,2.9355663198514765,1.37707144147616,0.044356256462062316,11.911615777800318,1.2860092674658994,1.2524071798683765,1.0180759830440058,3.753516582683918,71.77665320146247,110.98915680719864,0.3631456356328884,0.3853465295135541,5.0,0.7653296114884852
0.0,0.45936460732729584,0.9423491039844438,0.870468480535401,0.2806408753446339,7.343432779130257,1.102314983977383,2.751664596415929,0.5425568477800815,1.609561052722834,30.951010463892953,117.40651895235402,0.38401213446328847,0.013839324991415936,7.0,0.0
1.0,2.4147588847811257,1.9659669348060005,1.6178621343302502,1.5736138830003834,10.232547096017854,1.08616208890703,1.6740262487086492,0.47752763520487074,1.2039656272389223,17.212137837865487,93.61652990990768,0.2813488525612086,0.573785208520543,6.0,0.0
0.0,0.9628673301252533,2.247343661167493,1.3626692256739346,1.9975037585883626,9.567716481823513,2.1941063224256077,2.0087549994017486,1.0882953791770582,2.6040694719047544,123.11760428812455,118.36514672169496,0.020263902702451375,0.21971007700286027,9.0,0.1320784616408237
0.0,0.9499600298349806,3.5336361633443736,2.7124653581325897,1.5655327891786595,3.7993883173435457,1.6154897997008855,1.1025470836280444,1.9536057689855593,1.3937355303708103,76.59254434211884,122.43945269136343,0.3653482473969441,0.3928240042719189,5.0,0.6894199854419053
1.0,1.7129097333733339,3.5372167098737766,1.3604934241527666,0.9699287786048061,2.3467290884831455,0.46153120350003213,2.745586835003698,2.7474921750770274,1.6403281791300932,59.83330375432995,99.75030434061863,0.06686984249373235,0.237787950935214,6.0,0.7968852900098983
0.0,1.6407037044606956,1.8425442745371345,2.4944144435669706,1.5814828313626932,7.401651971996888,2.49078860005084,3.2402126506692244,0.2598348801235013,2.9467088585676184,97.69925609974234,72.37255851387246,0.3366895306342872,0.6762264171849567,9.0,0.22806655252349184
1.0,0.7274308335016827,0.8693398961819603,2.134280852814078,1.0627125305767264,0.9423367184826086,1.6030771905874066,2.6797581169351723,2.837757930963577,1.7632664312713837,79.88980366092137,76.16541719911011,0.11308439454942054,0.3621283779864337,8.0,0.0
0.0,2.356594795013602,3.0868713089892323,1.2808236605530268,1.342519440808415,1.8164921604999913,0.41835464309710857,2.342768452669382,2.1528787993667917,2.313217914716171,31.39730598956293,8.509807301635973,0.2938015741507302,0.42739565742847696,8.0,0.11467905669356027
0.0,1.9719231873257237,1.3880509194606603,2.374155530236885,1.0265730633149888,11.913434989724907,1.6411913642846712,2.4437598387540937,1.5172720795458692,1.4611922696212414,114.44147422547894,23.251213024797547,0.008601656627935272,0.0967947371800082,8.0,1.0
0.0,1.0723346635340905,2.254341435192169,2.058779495833061,0.7578112612026131,2.2645408915901797,1.4783576118991975,1.231995975602111,0.8559727832417372,1.3125603763462879,42.010446412217114,3.285278457614185,0.03953428455445507,0.143504664082576,7.0,0.040936937302283205
0.0,2.0513576099398625,1.9469175805524848,3.835173587911333,0.23508946233550354,10.485545437384097,0.13524642532198872,1.0431895552015695,2.2162171672092215,2.402043342466137,82.48570726685955,48.01399259527239,0.21690717649178004,0.4436585710071115,8.0,0.8983776382989754
1.0,1.8496047145624248,3.366634772208963,3.185211888831017,1.1094027146563803,1.422391498847548,1.8250649885575476,0.3662597959314553,1.2977495405066524,1.5597232078363086,119.58633101854707,87.73267054322025,0.10317506864291404,0.12609789078496902,6.0,0.8104418831506937
0.0,0.29629004133796183,3.1923539492386386,2.6087280325810536,0.2987125226909133,1.8534583526163373,2.1056029903480935,0.8330342466111107,2.3841173158332833,3.2908932084847287,1.1920698339693558,31.987688812514403,0.365035288038056,0.9329174308543806,9.0,0.7802417261969089
1.0,0.25783508320709136,1.9088704977199753,0.6594604600520326,1.7792241967133453,4.4458636942346725,0.8723779184051825,2.315018570123453,3.280134777303134,0.8086900604338862,123.32140439400158,112.94752874514288,0.10654732011197171,0.8949971352189666,8.0,1.0
1.0,1.7839619541310885,2.5558193916236167,3.362711235729751,0.8487438654034736,1.8026966985734445,1.8230451250453685,3.6652602611291387,1.4211025015740293,1.8052384173840474,44.33143183029159,72.90085400124585,0.09243872652011992,0.6930001774311032,5.0,0.6197562033563135
1.0,0.8709388783778558,2.8671597114382483,2.1901046264472965,1.9593015099638582,5.205220061769939,0.6111783307409449,1.1035761060410385,1.0545365031740612,1.2317979114241844,12.918985627710668,55.4758175429321,0.11359444451994766,0.8813031824211822,8.0,1.0
1.0,2.3767390139879723,1.8769128421856172,2.349037103084873,1.781631083829076,7.88263057029671,1.2606275915306293,0.9789540094729277,3.7559388443943242,0.9825478877063727,63.069846059143565,22.648685603073233,0.20978573785041305,0.5520123620516177,7.0,0.0
1.0,1.5443405252724862,3.8208060493787994,1.739726681355131,1.5295859806481333,7.813852959024073,2.400534645583802,2.3036252836638473,2.1375579083436596,0.27384310982855675,10.321372712151403,14.20700666628072,0.05888780099984675,0.9908618412999267,6.0,0.5320051673791748
1.0,1.3223631092212782,0.5086114558375838,1.9443415661014845,0.055139934558741555,7.743546043445129,1.6257932697737787,3.960382926234601,2.4625667024471922,3.7379879514508056,44.554561452364815,28.452839041060273,0.06596597584104247,0.7614207778663956,8.0,0.7283612301362898
1.0,0.1331781198324955,3.552558464351057,0.6883352676481209,0.21337731237868196,10.93936794818894,1.4607183340473984,0.2518005745603813,0.7220111509081866,2.4553989751733702,50.90316715507348,3.198706173386384,0.31307614667818146,0.13813026142918394,7.0,0.9329223982071299
1.0,0.2601182934666296,3.9695058734023214,3.301563970392849,1.1957703961547377,8.875209043547706,2.4329562355115475,2.9770854638994373,0.9692334973350003,3.6945561315375883,120.50233575006571,25.58879397376615,0.007636191782791846,0.5060579793937114,7.0,0.6666586318874036
1.0,2.2418093951535347,1.1361042994782258,2.839325010938441,0.8884887246610085,1.4346337567121221,1.4443199675109464,1.8882329669407443,1.0801895601283409,3.7115104972191975,21.908979024186397,107.52525063709238,0.07013246881719276,0.7947707595633887,5.0,0.8709248011183324
0.0,0.613230744185802,3.6607020478872014,0.04259316938859348,0.5005851240194876,4.425023879808359,0.957651988845867,3.57731044740326,2.5310210448613253,0.5581400792338185,54.09607259180083,49.56266033608915,0.4689277686788626,0.06360786956722164,7.0,0.7734493513577494
1.0,0.43779901165081153,1.2715173345657047,0.27606330315997596,0.2134381752716632,10.181136284266733,2.1847310445314347,1.8413284548080044,0.44382449501847354,2.2977720164094886,36.404527410653074,6.713637113024432,0.2754617593223193,0.69751546743863,9.0,1.0
0.0,0.3060187374086412,0.45203705034606134,1.1500087507751577,1.622382408826507,11.710696955538243,0.3347390813783291,1.7159573481347836,0.048457205938931214,1.434008357980443,59.73400362638978,118.28642799056136,0.08470807586566581,0.8840869587760514,5.0,0.13856056122891336
1.0,0.03491978996944395,1.8862917895589413,1.1840109450865288,0.6614555774124811,4.256884492665035,2.487704147819188,1.8178254797413813,3.9898561088395534,2.979507368678625,22.251701517761123,91.21613362300046,0.16250875725546265,0.22120676343744283,6.0,0.6712745911658053
0.0,1.1775113981849126,2.6720051626208856,2.702335877452783,0.8755233070012594,10.38671116598165,0.8821194680680466,3.9913378867614813,1.7340284533537824,3.779078323133554,36.42101174608904,90.41338959004356,0.20622507957831476,0.36756146987319527,9.0,0.0
0.0,1.3882130454455877,1.185217739131601,3.845242198771004,0.105936445479061,1.6715645214021642,2.0532400290785846,1.0558909184894012,3.3516759267009957,2.061121767784857,87.12229126601903,21.777915091206037,0.20491194631085585,0.006442405268405005,7.0,0.3697131548257554
0.0,2.201127634927698,1.7556347196633126,2.911069279746305,1.9613159554945756,1.753393888097115,2.150006008044773,1.0974671606963735,1.3898416367568718,1.949175553555683,117.86353842399957,36.89822749086344,0.09830562815759636,0.7195581030384508,6.0,0.12560820709919684
1.0,2.3917885609516576,2.366564370147094,0.013177884554730124,1.7462360195671927,4.77277761892444,1.8470244258634194,1.1903878632296743,1.395436019882645,1.87838828240981,14.094206849691718,53.444926088096864,0.021325504629950587,0.7543756547044578,8.0,0.5530049538980499
0.0,2.4567692164205903,0.3663980177709152,1.2679090754756572,0.4147069932854641,11.280171720683802,1.3520901350372556,2.91469427052878,2.977963603107485,0.902816207091151,120.70834692623338,28.900182124043535,0.2355632704283619,0.6627195732195481,8.0,0.02580636181598117
1.0,1.2423102769060401,2.8288551018490535,1.9060476919846812,0.5014097565739919,6.041215672894888,0.9318010617220035,0.31792429376454256,0.8737980549703379,0.5361025146119602,39.87184535870589,30.75433758416492,0.2525238509044335,0.3842318906978942,8.0,0.8887934238871996
0.0,0.3884544495526132,0.04307391975632413,3.590988432910355,1.2935674962329398,11.968016424668457,1.5052700202975822,3.991054630007158,0.4470966953143356,1.836364934763537,50.826002085860964,95.25075337656534,0.23632493020502232,0.014886750756292089,9.0,0.8244678799109395
1.0,0.9876645372621418,0.6515858567463542,1.838751903717725,0.9965412619912704,9.08686629622497,0.6874091686535899,1.4985548254605283,1.7857065794464138,2.5812777294082485,36.78714884300897,2.602360182156829,0.30428480487307974,0.3959185205200534,6.0,0.0
1.0,0.8029743759728072,3.077750110274168,3.726517075437874,0.5981195977350535,0.5555088679837561,2.0039519480115935,2.272920744379093,1.3541217665410303,3.938764174763393,49.57022784699284,79.85941228091971,0.1466551170290542,0.4769507196736159,5.0,0.0
0.0,1.4966841600085128,0.3624082822636234,0.5482675396550376,0.5349852951704035,9.724831678988618,0.12854274934761156,0.6571297717004199,1.9856948182197223,3.9623181885274525,95.15419332614147,2.7567493842916986,0.49340009473204416,0.2734567134410685,8.0,0.0
1.0,1.8751425543514304,3.3799219750730414,2.238683803452643,0.8559894383407562,2.1967853991758934,1.2036008104082498,1.753770996665013,2.5782170043163966,0.5176808378162434,58.79761425720183,4.163886405831901,0.12791895113482327,0.5215215111560986,8.0,0.3314555484288473
0.0,2.3531521018554638,3.110039343287496,2.923094702189078,0.577376033297119,9.405165854093262,0.7691094611061708,1.1053714845811626,3.1272746242557137,1.4378146922938693,21.720880240370278,53.58229588340338,0.19453924576719644,0.1356472122123098,6.0,0.0
1.0,1.7651891460901483,3.183087480200811,3.560645861245831,1.0393076521919054,9.840116132212357,0.4622086557681798,0.871666022059983,2.502369216236076,3.6203145613725387,24.20452308834381,117.76474393368132,0.15013339214044208,0.3038482706017509,7.0,0.1961202114891366
1.0,0.09794695787810392,0.29327625259743684,1.998821982103383,0.8315395532023704,10.299579660879784,0.4697800230267568,0.22561495985665303,0.8410253789811599,2.596021839962408,30.33966879449658,113.32702345212975,0.25174627133794236,0.9483073778684592,5.0,0.0
1.0,2.358028071731658,2.0116348910425836,0.8427525492144623,0.013839921985234316,4.571152034781544,1.6676277531499806,2.6927259394407104,0.4353748980941763,2.6159910964243496,106.3468084729721,92.15616800215,0.1299237852158059,0.14853133952246633,9.0,1.0
0.0,1.4250595766697254,3.1096545490830256,3.7721302214801944,0.39107042850274376,9.361460980425978,1.347494435221076,0.7680245036340545,3.787877211256342,2.9790016737492375,22.770489951152328,68.5926268122872,0.07910960511709719,0.39839054152377507,8.0,0.6254271129115687
1.0,1.8837223065217592,3.900628963334904,2.6835473256996534,1.3509373130315174,2.324158757978502,1.0499241937802601,2.0990096530576,0.008890482589758886,0.09394566475503607,54.732762409270606,40.020567025637746,0.29469444084474133,0.9880946312262602,6.0,0.0
1.0,0.9604570820605405,1.0733515017895385,3.1272243123792527,1.400639448091653,7.3771876316429665,1.506569575451684,0.30743743500365683,3.6224377145130346,1.4840578441953163,36.67012947370825,5.783950831320689,0.29819287578098497,0.1087614233111659,6.0,0.6524642883476959
0.0,0.6052144766868606,3.0060025417437504,1.8180352455027977,0.4647431434276743,8.7329621406636,1.0239294767499647,1.8094432610241364,1.9252137675889855,1.1768744792088475,25.093236077905964,39.85262485477413,0.10339279484479907,0.6830996044283182,9.0,0.0860690463150866
0.0,2.4557288592071655,2.5380927570231226,3.2914342489255612,0.2992217895922198,8.005778593527648,1.927994075035396,0.10377747789648462,0.4135592998137332,1.4451945334493832,113.40631560918531,17.50261831974416,0.481476151975322,0.5715358048441906,8.0,1.0
1.0,2.3336015478359213,1.3172210129010056,2.2149470814055126,0.7542185248459274,0.6277407181542118,0.7134728647701369,3.692284104617218,3.2441753746728983,2.919737611797451,71.02245568200472,89.19808803584121,0.00298191011099902,0.9193487384670884,9.0,0.0595428390075915
0.0,0.5060688496060148,2.710745403136858,2.3905998045803396,0.40631522429287514,10.517648407354285,1.4638055474988787,0.5995273037435509,3.73850334928548,0.6275854613006038,17.63276006986064,6.403543708919157,0.14906402974012528,0.932686789049095,9.0,0.0
1.0,1.6486471035564825,2.9736121683710537,2.2254911558003387,0.7011154884449788,9.806984966544837,0.14054178728823696,1.7988116434698664,0.865443241585854,3.526323054087462,36.84584107318868,50.85348086639968,0.23241147744558643,0.17226731565205555,9.0,0.16416695203207377
0.0,0.33055543486371797,0.8215041390430571,3.071586177220395,1.1020421800229037,3.4440298257083635,1.7061570122222713,2.0740791537314722,3.566237299899709,2.8216648546465666,6.1499916535201065,124.36138754448793,0.3668866033093508,0.5783729758473458,6.0,0.2287157784661028
0.0,1.474430968638344,0.8600687289907074,2.2606803271044673,1.5394553532742468,4.826908597365566,1.9865571304078364,2.2752600285290847,2.4730633321085986,3.871622509372124,108.06776599811387,121.97980355265614,0.4205463781333276,0.2199683437214004,6.0,0.3772893487297888
1.0,0.9116775981527242,1.7636015282643345,1.7456805736343153,0.716339891352527,8.606087106988923,1.2902755624447848,1.1395547314945396,3.5567049603151006,0.7556179950557449,18.775883464931294,30.970835919377297,0.4164050222183615,0.3574426726228058,7.0,0.029462010144941875
1.0,1.5507980097736598,3.2955882425778724,2.9483789055640903,0.11472444819108119,9.905305734416586,0.15456280337006356,0.5500546641214727,0.5829899256247026,0.5880686828694288,30.03744578254862,18.061324708759543,0.13974258740900858,0.32348284102491776,5.0,0.3429687971657013
1.0,1.9287739629943002,1.204471182914903,1.7151521786037365,0.527995030267651,3.5979541559219776,0.8566973531531086,2.7821768322582145,1.1201116468483088,3.332934203568073,10.810523285245525,118.3037252221214,0.43155878530820385,0.3845711365579485,7.0,0.0
1.0,0.5584377535449823,0.2147121835120296,0.7785904495891764,0.41609123044665597,6.608212916013012,0.8099190603535187,2.139406475280834,0.940241776933282,1.4701705416638746,59.07610326437787,98.63524167386744,0.01631753641180811,0.7681869611054164,9.0,0.0
1.0,2.1286701265677213,1.505895802146103,3.799676303768766,0.5471275222835461,10.37821008399493,1.2997916783831318,2.6919039734714194,1.228682310781625,2.6897756986374954,11.328763041271687,24.98233703370459,0.2702055234654514,0.44324029040758983,6.0,0.0
1.0,0.8705693398100864,1.4700364918550588,1.8578143765098667,1.4228547603586876,7.550497879042325,2.081221420681008,2.0244966821318537,1.2942917269310557,3.5845175338251916,82.47268388187807,117.9595479155551,0.0601979689173186,0.2475683765058394,9.0,0.671037683409393
1.0,2.441747289250056,2.4070631806689144,0.7934796874031647,1.3455792694255464,10.668207491604305,0.5725069975477592,0.5475092296284529,0.5988984446899255,0.7122012659904806,103.0922038762934,81.07547047142428,0.4773733996257157,0.6939407317232164,7.0,0.22812651953316654
1.0,2.3800223253078414,0.6172572596324972,3.6185639249362014,1.6585074542710863,4.140355855792987,2.403682063291527,0.1199936249540059,3.663775759453376,0.4114639116619325,63.122756779150244,119.38068539881532,0.12575682185255593,0.9510009765264916,6.0,0.0
0.0,0.3989841370303096,1.28177820746961,2.968672030474514,1.0081841843533907,8.103552519134528,1.4647324007332467,1.8341787273188044,2.154458954914581,3.9901977781195987,57.85021713430433,82.17245241603582,0.33415500725939046,0.7038328058828472,7.0,0.42380682790404245
1.0,1.0628713756267194,0.527366785618328,3.378093146997681,0.194990071125964,2.2614894195884885,1.6771729549400038,3.771809582367278,2.5563185122917265,2.7646138572827983,60.133681631637096,16.904149375943796,0.2889743975473652,0.420701447698436,7.0,1.0
1.0,0.5324279474882263,1.17703125881014,3.138677459789869,0.8505658904115687,10.84003562086633,0.7776571841208796,2.8581657006329686,1.2576235289527125,3.445379245161504,56.47497807606136,52.79424401323979,0.20037908183876196,0.8758456634930675,6.0,1.0
0.0,1.5316016960977792,1.3674387963308705,3.8821110282345788,0.3886525269815462,9.29474015676244,0.9424874259642146,1.4457233764102324,0.750225728738632,3.332455845018532,87.76536098686987,51.13442240218637,0.49365041775025076,0.541316606371929,7.0,1.0
1.0,0.027753404045994523,1.9079644661663453,3.7174986864952038,0.8497107090992579,1.2066378944676255,0.2682078787849146,2.872710893771092,1.2517378607438054,1.5900346915799086,27.329589872035655,33.03355989617979,0.12918543668665688,0.7208557818856434,5.0,0.0
1.0,0.3868355692099387,3.9718021040653912,1.8680966577417277,0.11309893760828005,0.44851610909831585,0.3328010236069284,0.5585467110513962,2.2224510520663023,0.9918818603744106,53.497109037107386,23.216733206126815,0.16822991206915916,0.12856898639294034,6.0,1.0
0.0,1.5215511398606645,0.684875136861824,0.22726261240701273,1.0691489682300976,3.8335168658934293,0.21427066026733027,3.20888465640352,3.7402511476758726,2.3645834404360158,81.70410762001356,58.68613436329395,0.4441258083210711,0.7985127822822854,8.0,0.11491998472468623
1.0,0.7962577288569284,2.741325122154557,1.8135355212653455,1.8367299180696177,6.1553566104470185,1.4374088848810829,1.4225138839719413,3.4106192257117094,0.567411852794776,62.85212538230961,18.053910632634175,0.011204646333320578,0.7403847820706598,7.0,0.6911078518001097
0.0,1.7311023459705033,0.15094986337024174,0.5646087344707333,0.028006810911023194,5.398045196419284,2.3660808701237874,1.9173572767993114,0.3876131002424268,2.7543556930907114,46.103326918107115,93.40063811577737,0.12124658206564137,0.7217702620586652,8.0,0.1261512949872582
1.0,0.8188474945159416,2.4840137945432956,3.0449796992370017,0.3702226534002593,5.4437734332385315,0.6762561148508373,2.214600572082713,3.4587448523740454,3.65575496417257,41.14915362392014,65.1130841403826,0.2503519146334329,0.4836080395462159,9.0,0.0
0.0,1.9352856665877103,2.130046634169862,1.8505308932544304,1.8905648630040246,0.47184825400036345,0.34671419351158334,0.41300809431089913,2.97086842810071,3.4875819430518393,97.87470137938482,47.8991525784172,0.1994222433640765,0.5683775097778324,5.0,0.0
1.0,2.073222813609377,0.2726438083850131,1.647060719234632,1.5718581889744436,3.0155810438306054,1.8009226584187892,2.2109721392776875,2.9760167443570227,3.802772983855422,51.57715217435641,79.69179171499302,0.22313483545755736,0.6356306439315228,7.0,0.2949374742476276
0.0,1.5544824395891867,2.3029647390723107,1.7589345849234745,1.9455589462178413,5.231727011901145,1.2671722408854431,1.3524979775370496,2.0917380810804427,2.0921864522231406,41.013519170760624,21.272696275014795,0.10018762004483855,0.9900076104515996,7.0,0.578976261352318
0.0,1.8559161979647238,1.3262717601548095,3.2891005606002097,1.1082996882947636,7.05812610712918,1.1229675545556825,0.985449616336914,2.521986001107498,3.691703717865856,40.00566653402045,35.83688340841855,0.12584788803517122,0.26279127926846035,9.0,1.0
1.0,2.06034780648508,2.0532192440576056,2.1878518645141876,1.2936021090185712,3.023084016684222,1.9220518810668883,0.5210050160630924,0.09010392985488291,0.6511157381372961,65.25891559579667,105.39517791060828,0.3928234996323927,0.9837732890896281,8.0,0.6579837199174604
0.0,1.8721404874810534,3.3532738849081456,1.4556208738464642,1.748602304726329,2.976693714566219,1.8576447927898938,2.9941152210589275,1.7569933111685145,3.7422187941028775,69.51301234806613,1.130770980436055,0.03966342610522222,0.2451776615948651,6.0,1.0
1.0,1.0776106925580047,3.3168063015762135,1.411535178207096,0.8515395469766394,5.620395031085998,2.212960594664733,0.7177258169547795,2.446396837202619,2.1416847682402826,99.13312679878018,25.000312052580213,0.19862401736696306,0.27090489887748137,8.0,0.0
1.0,1.2337013704633417,1.1154670918940464,1.970996178082674,0.8451426659485932,0.005351225964574269,0.19038621459202598,3.903752336756174,2.722094906994103,3.558658125352213,40.86835927064787,74.62052655102416,0.4338139884322929,0.8597561350503051,8.0,0.11402483840284983
0.0,1.5522119466968267,1.7526273461918107,3.9699881016113228,0.738106752023437,9.900823481735866,1.9491950384808594,3.771589474801009,1.3907504373120418,0.17384976622928283,121.69599454513865,69.12663274197203,0.3929986846970812,0.5376026467436664,6.0,0.0
1.0,1.3305832669820776,1.513487877057853,0.9115709068763236,1.4782449602900705,0.28054753563562684,0.6624615041476317,1.9782161290508307,1.2943866023523833,0.18712347173480337,9.136760381636549,73.77622576992512,0.39429798283918394,0.7804116708665374,7.0,0.9016563604369005
0.0,1.4577529725845992,2.203610470408329,2.850552037215422,0.39328920346746,9.18460153272435,1.9159994283690414,2.6372138645740364,0.5778290327582143,3.921619480722806,45.93358954617332,37.41887633483401,0.18189338548068856,0.6598765566686902,8.0,0.0
1.0,0.5305524115983071,2.0342110545089587,2.97439600498311,1.5212089056463332,6.068848959324787,0.2283569472590563,3.643673550260716,0.9133230096336522,1.5239325126348375,75.02810012150022,118.4385585945934,0.012760036658141849,0.04633983396784336,7.0,1.0
0.0,1.1433353785251346,1.5325371038086484,2.9551968863264833,1.0123186747480344,6.422557983210321,1.9335054224375827,1.253546990862303,0.20766873013036724,1.9855631278623624,121.48217659222802,116.92325865176804,0.3325358313884235,0.6451484444186706,7.0,0.0
1.0,0.41577673835017925,2.6844906511579456,3.27812792505753,0.13001752554651014,1.2573603617078155,1.3472181645499952,0.3851133291151645,3.818193970135776,0.31930389077349774,104.95503781091733,3.904972169866891,0.4933503865599133,0.9446155235163624,6.0,0.3550222991219776
1.0,1.7352532792274455,0.9235355714622298,1.4353189659010392,1.9211380442506116,11.779388244033237,1.3352729576515434,1.6159474082656229,2.3304345374502935,1.7507548005563711,33.42262783691831,4.8466229171478945,0.17930725278181536,0.9319611448741068,5.0,0.0
0.0,0.8582794250111023,0.1786771468779853,0.3750834039366473,1.9577604413680485,6.276435590173893,1.9158442918801128,3.2724292789266882,1.4974317120998184,3.2242079700440236,112.52947319094426,33.10567419245462,0.2781569900414522,0.12013595737860827,9.0,1.0
0.0,0.24827451739109385,3.2718963478299856,1.692477246182603,1.5707881052240111,9.320113500210159,2.355165961601488,2.533833224545592,0.6940891033273484,0.3128892742011611,66.16926399050772,51.645152958065324,0.2297735425596823,0.9029466243219437,8.0,0.0
1.0,1.794582968558306,3.2210356852689066,3.600254487789914,0.05991298849983595,11.391669962351585,2.2111589718343168,3.4399322508749406,2.3252331142013687,2.026884598856969,90.8175098783209,80.21934602195596,0.36589547027850616,0.927859341919236,8.0,0.0
1.0,0.152499155079181,3.3068593078409516,2.0472603071567055,0.06972417731273861,9.717239174431382,2.1070406037153115,2.1302801557619184,2.4885019869030516,1.0931322486052348,19.16994997860516,3.820426603419164,0.4278038544577165,0.9899092786096366,8.0,0.5232099682352565
1.0,1.8573423873926853,3.1528956876099103,0.16602641401180618,1.3322276617734958,1.877384077339335,1.1852986668047758,3.594034535450194,0.7668079485848196,2.3109646915092683,106.57885945813344,31.140367680303733,0.07871101590446355,0.7619628884111609,6.0,0.06478052963585323
1.0,1.901306325651472,1.6525048322858913,3.4638295357676556,1.820597978370077,10.1369522460469,1.4741077133818947,2.4608362283464222,0.40183692868147736,2.524726598963517,69.42809283954553,29.93291862927626,0.381949041367373,0.9688414553557894,6.0,0.0
0.0,0.008426323270884772,1.0404233321916339,2.933331881464044,1.5638408252989895,10.432038231005423,2.113624690830439,3.9514770106007893,3.145611003718106,3.5394955733499485,95.62332176288196,70.50976785218357,0.3341006503432925,0.8033035383933848,6.0,0.4860804254927916
0.0,0.20910735518351375,0.8454387746642547,1.9683989670408049,1.0340101549257192,5.526891201807146,1.198825458621783,1.0675215988009725,2.2675087509858076,1.1319393746675876,108.34938985566494,115.03580126718978,0.4634938480314851,0.659778100616509,8.0,0.8935283442618961
1.0,2.0428903034398807,1.19574991707773,1.050895000887727,1.2877907066391572,8.91726901504568,2.320806336373595,3.6841277693811336,3.0996820806379097,0.27396270396774014,58.81763376921477,72.63702651517308,0.3179274368873242,0.9854729328354365,7.0,1.0
1.0,0.3300550677787789,3.712601370977619,2.598588420515069,0.9624197089632676,9.307166610280511,1.2338772084430096,0.7602836955636341,0.35726570268123536,2.190885102764247,38.29582256725114,4.71424481045711,0.4514060157969414,0.6855578732099588,7.0,0.0
1.0,2.4129834751192987,3.2919859506581695,1.961423995332082,1.4223534969453828,7.287176981588544,1.6983999596612753,0.02529196204388473,1.333435141669077,2.0095464566360417,79.0822020103535,83.69413662413993,0.3852997947338133,0.43087219170315083,8.0,1.0
1.0,2.219164411040355,3.5036717730733846,0.6202805299056449,0.8761953364010957,4.410169351679539,1.4702783510365318,3.148820906807434,1.618284881903659,0.4535292072888786,88.33832682161429,14.552705644651207,0.10111010168183326,0.9807515388498991,8.0,0.5160584787208564
1.0,2.129688449953484,3.3077428415849743,3.9216661437426374,0.5259415349687464,1.815750728307162,1.343250958938533,2.326621348664735,2.083404234609877,2.0562898552169937,18.200605461027695,74.96104271993973,0.4174059078337616,0.895252955895356,8.0,0.0
0.0,2.337595212232396,0.4766763449241207,2.3633151535878634,0.35805174786445293,0.14147856390420932,1.2138638241684994,3.555174617479,2.100275439678519,3.1408428569229643,109.55301657660087,11.704816170385325,0.4063182045232712,0.91396473235284,5.0,1.0
1.0,1.7520123456715517,2.4299176594408376,3.111440076866934,1.6489636631568998,9.427074975518112,0.006078947916690336,3.0081265844316074,0.6797151373405752,2.127755590952377,37.28421708866006,60.56793879624371,0.1732635018920014,0.041902754292272415,7.0,1.0
1.0,1.619164340810412,0.15999461405460513,0.5665894422518196,0.9880100650621797,6.584425570685302,0.9836107070309208,0.02727561245137977,0.9640855320457291,2.687977588614819,21.553815136528986,79.26050535700386,0.10619183520730746,0.007070442756630935,8.0,0.0
1.0,0.08137100562250976,3.9853819115131497,2.636993538603003,0.5262366358437081,1.6711578632394537,0.14159241676130113,3.4141574309340186,1.3237222957370105,0.09725399521072076,52.44451171261864,102.82590763390958,0.4399439714947485,0.5545810678141362,6.0,0.7662319833389902
1.0,1.136767915091975,1.7518598613425955,1.2444189324691326,1.5828225498415804,11.401030240574888,0.7859101255612797,3.870904767880354,2.0611819686553914,1.8089455653844957,9.058300433979982,106.04490519975877,0.35455413175983375,0.45405619471238945,9.0,0.642590714452014
1.0,1.2900929613371994,0.29067032705904117,1.398754539894263,1.2324882157190766,8.078622741241901,0.24012546416489478,2.8883025033754253,3.660493092765244,2.8990698628532625,3.162826203737659,64.62925241036376,0.4661191260930564,0.9444641674146306,8.0,0.0
0.0,1.1885879122317777,2.133373530175031,0.1566160246263455,1.1347761346655827,4.852839532470008,1.6926946799141454,1.0824765732982176,3.589362433584343,1.0610390288073432,115.48200344005177,5.511407213656519,0.13697729321973506,0.7737901374830327,8.0,1.0
1.0,0.49938389553143003,1.38542956973351,3.5203757477301427,1.7669557142661614,9.225378200165643,1.3096489727862868,2.833153234461491,0.144678299120943,0.5410617081716449,28.752681572229015,41.88898703920607,0.243688494093317,0.26363166903558155,5.0,1.0
1.0,1.4986025894760837,0.8121410722350864,2.6618163403134325,0.5320441603626687,5.340759118356,1.1725720454733795,3.7190717307618275,3.4809287744597803,2.632663107100102,96.80163956262585,19.556249793645716,0.31202042974042177,0.3242271358445208,7.0,0.0
1.0,1.6755534326727382,1.0801284614116202,1.4267086666111357,0.4957941186095558,2.7348006492337147,1.5294105538972156,2.416490183148917,3.875631658590942,3.670564451272662,36.558816806900985,11.873576315128629,0.14408167419357454,0.46642484391399697,8.0,0.19853637679114322
0.0,2.1028169387907587,0.2500423582382041,0.19261447159228728,1.8188941706587909,2.5124576904095353,0.2627622095822166,1.8194194204657856,1.471800425017309,0.5068677669257462,29.560064783864455,122.95360072458851,0.14068050816683114,0.8229659104829792,8.0,1.0
0.0,2.2205856342877284,0.5824581648637612,1.809145425198213,0.047645352989472256,2.361569655373267,1.400147665432775,0.32629056687408964,2.2353470368521653,2.685971387933472,58.96944012765445,105.14657190624338,0.12242831593200681,0.30318357692729625,7.0,0.365433768432726
1.0,2.368894083392525,1.7566913259447072,1.310276112697157,0.8970105365620191,3.4547820026581824,0.2341417567103593,3.1499555824720376,0.6310438023582075,3.4771094198183783,95.02647128484587,12.276146335489901,0.15100819149903266,0.03933974927951245,8.0,0.5333487634409426
0.0,0.059434641690428724,0.1781450390857553,1.6956162589789634,0.7917124488973837,2.889266824601153,0.27609169905269015,3.9638214690135083,1.931742687807915,1.928232218665368,83.58320358291769,13.533186458024524,0.28288995796578237,0.7585881273342424,8.0,0.7490577489635971
1.0,1.9950406754319396,0.17935912451861835,0.7814688179599356,1.9862042689777561,2.407122028354677,0.7070167537466756,3.1681252117587304,0.14103187056004352,2.2324109669570547,99.43451574988336,49.0868225413886,0.06070626391132089,0.8550514114401737,8.0,0.8966774978644153
1.0,1.0310746263398298,0.02048701565105482,1.4714395181240696,1.431799809313097,5.708058425832538,1.5273856869111777,3.547679397418307,2.260456667094033,3.611973161363434,4.377358679670026,30.069827058675738,0.02751343885241153,0.039932088296526724,8.0,1.0
1.0,0.6947974676284339,2.881821156500758,3.6847429494833652,0.5530379630147171,6.406854875503541,0.4291260059964713,2.761529005939114,1.5230091439472302,2.841432600316239,54.51259831666733,82.35221380795376,0.26825124857158367,0.4943757548679315,6.0,1.0
1.0,1.7413685445800067,1.0008265486427352,2.684640509797433,0.6245335570265977,8.671402126299466,1.089757089118516,3.485271800439663,2.006898790353691,2.364835882844973,55.54947571930907,82.05823369851969,0.422107500983201,0.3742316598503449,7.0,0.1475310761657933
0.0,0.38222849659839825,1.0781672179870059,1.5434165497531334,0.6911115963998222,5.2095255276570285,1.156277212665566,2.0313210718058143,2.37575137471218,2.56715950356758,38.34305731077842,26.098736513954222,0.15364142252286322,0.8179520019433846,7.0,0.2730341257500484
1.0,0.171588338260657,0.06456655717482063,1.0612824571475779,0.25348851290923036,1.720356341978499,2.4683864307720897,1.178461794429345,2.237188437956029,1.9015784835617207,27.568716336052276,54.35750666689665,0.1511953699570014,0.9271000033073452,8.0,0.691992745763548
1.0,0.11498070532408478,1.3426368149854708,3.82615984172949,1.2920596356833962,10.341660648137529,0.5438235392352553,0.8891025172581202,2.4482116640812506,3.1245749743087807,16.093801859610068,91.54835128977209,0.03176914062826919,0.26755741351382645,6.0,0.0
1.0,2.2500065896529358,0.07556240206767573,2.558967194342616,1.4474142440594724,2.475880895492909,0.2657079066493667,0.7951939588362897,2.192223210701234,2.487390886290278,62.470273914657525,51.96593957449931,0.08166058271986731,0.5921990691948114,7.0,0.8267784079818981
0.0,1.9484999675187158,1.6324151596191538,3.94763383326186,0.5054365517148296,6.583258139409207,0.745313886749901,3.3933022801688293,1.459068343880999,2.2533059277690883,28.61171781002844,42.34425520229674,0.4113964417889819,0.23856318537413335,8.0,0.0
0.0,2.0385989379238407,2.692618449561556,3.2856245744754027,1.6861275290921474,10.078660347511509,0.3232887686287325,3.372401783743426,3.132117149477488,1.9887214145396301,76.54605990443203,55.88557131521365,0.4290802771878243,0.6738343727372648,5.0,1.0
0.0,1.5089206961156685,2.225244539561353,1.545230273298023,1.4950680323649386,0.46305940502831344,2.490441014822437,3.658759128354173,2.7097496141849735,0.6964064929307763,123.010541422625,103.41210816041432,0.382902399530159,0.1717059557640196,8.0,0.22223539962941707
1.0,0.10465353154642365,1.1869870151617823,0.7747463892550108,0.7119246006326954,2.7166617471483523,1.4963427624619228,2.5388351871356125,1.341672240962477,1.3047122464967948,0.11580094284406595,7.964502281820163,0.16079533606482876,0.9824936012505872,7.0,0.20935398191759158
0.0,0.6519851260781051,0.2374313410940685,0.3534615118665605,1.1057898948748395,2.2788564518950634,0.8097647067542837,0.5868217754276701,3.535773887331703,1.0308801396901446,3.786547034136917,123.06085770893893,0.018616808136964758,0.8493602386289867,8.0,1.0
0.0,1.8905904757919743,1.2755393471852012,2.390632188836962,1.5643640180508365,10.909744141738141,0.917775567939735,2.4427170613096463,2.347645970944816,2.473245005264668,2.585436434804536,78.65131796211323,0.19729019900395128,0.6553053207714983,9.0,0.0
1.0,1.9401481579455535,2.6813096745923914,2.5467043943858494,0.5181167781208142,11.948645762225322,2.449728322350293,2.705454953156508,1.4185215188099405,3.316032164863151,45.37179481577733,122.15239511223808,0.47389058504972836,0.2934567831613951,7.0,0.9247445139798484
0.0,1.4415494925030135,0.17880874238977773,1.8108838963807243,1.252246528765231,8.602487933620939,1.039956480931954,1.1519106190931412,1.204908910844762,1.4187446641728378,66.39002736401372,63.34633794262408,0.2219051220753337,0.24161866469103876,5.0,0.4637499529959648
1.0,2.317381743892955,1.479954726075924,1.8185576331303275,1.3066070024465777,10.229882816501199,2.0130204018308593,1.6058295584564313,2.3909944700953827,2.469534770777995,40.477646381043385,112.78768704106088,0.03796370822101103,0.16570367375392148,6.0,1.0
1.0,2.418254113556851,0.08495429429343426,0.5890401301994843,0.07582071440543858,5.936972789712236,1.3530095079911413,0.5379842785193629,1.911604036674619,0.09336718668446542,68.38973814262489,19.028173921955133,0.2860360866287886,0.6202430813436792,6.0,0.0
0.0,0.25417136634454607,3.938193938136898,2.7527024550758648,1.3737154619167022,0.2067011384095152,2.240619215843176,2.89204703092544,1.0492279697777693,2.7185495142042044,30.108821753162733,79.28449958715196,0.31233115425627594,0.28253233967282554,7.0,0.29379811092554264
1.0,1.493899731059539,3.1547595342354193,2.2222341855024856,1.5811063443446431,8.98880737636154,0.5286367877106033,3.6799291469294815,3.341431540639758,3.317128235441423,40.7128944804616,9.283468943946035,0.1920094996523674,0.935652408652103,8.0,1.0
0.0,2.44296573380772,2.5122000571475223,2.9690512252664676,1.849057587639736,0.7993789132794369,2.012472797858943,2.542473457562857,0.3351441144164662,2.984434952985251,19.14204549717817,59.58943376077182,0.1944067838869259,0.9105858687438295,7.0,0.0
0.0,0.5619570113273251,3.640651753685326,1.9283695419980451,1.889698048050457,8.478850911839903,2.496004037568274,0.464508806744516,1.88259707935701,3.6409372935642286,54.71035157656777,73.20233058250054,0.004810989229098228,0.786296039464032,8.0,0.13972151324229032
0.0,1.239266134677694,0.5832484057407767,2.2735463099548756,0.5973176933567568,3.4530414551412845,1.4648547696620553,3.3030728636321776,0.7224464102070889,3.7182991933979825,71.77049136470741,115.15878267659714,0.14141182669795493,0.13638776267327768,6.0,0.2661121951291797
1.0,1.8344640996596944,2.4506285764962152,3.379626886076596,0.7225367110734777,3.462877335100879,2.413615468266724,2.379258982983698,3.6933995040853267,1.3557375635564886,121.04626364032369,68.02966136013329,0.2541128346547191,0.374620543018528,5.0,0.0
0.0,1.1225486198834143,0.9720817434627276,0.13609382747442922,1.5334373349316652,1.4532065349033783,1.9725417225093078,3.482172288520112,1.45104602624055,1.3996114231830474,98.4219115149338,30.196708242441915,0.2600844007963481,0.13176761084509026,9.0,0.7619257300908776
0.0,2.387125682518468,1.690327496231891,2.1515373621648064,1.5518350884230356,2.543986402290513,0.869662596797865,3.7458721849680376,0.7628817727229737,1.5315076671173382,47.068422658160166,25.996384256807765,0.2140185447853673,0.013905102152986126,6.0,0.5972786776117218
0.0,0.5128557489998448,1.0716113263512899,1.1246038282748647,1.2047132648695937,11.875709367732835,2.141763741827256,1.2419176681654966,1.7338792235056086,2.0149951994933675,25.560304038296454,67.33172044795455,0.013795468046255144,0.6807496930837766,7.0,0.0
0.0,1.2013229131773853,1.9041354488900573,3.8195232418712255,1.3809629318253753,9.21028557043686,2.1809523360191645,3.6597746369658597,3.3597749299247437,2.501036315197717,15.413307437412275,80.42904678173376,0.15913454589018844,0.7045624318301088,5.0,1.0
1.0,0.15264089118535523,0.3404778330132645,2.566756516690161,0.7608872957809749,6.55762982738068,1.8336374247009224,0.36723457742292664,0.09078493063681226,3.6191269427965356,98.27179434956889,29.117502877303316,0.013460939576875275,0.2931029174524289,5.0,0.635058529746792
0.0,0.7014906140796271,1.5733507058954528,2.6989868613852748,1.3902075790892727,10.047371644903123,1.228226347478095,2.5103365630469368,1.9378674709374244,0.2525528574134075,26.840704339922876,49.39449529767079,0.001033531618868322,0.8206404689535307,6.0,0.1180720269330029
0.0,2.3867494034831,0.172889504358416,1.864102734559427,0.3176906220766471,0.9414243787433376,0.9657559561861764,1.0908713781605641,1.732999065512156,1.3846429960886475,1.0728021948538669,41.46360913002499,0.1411639843283396,0.6219407022538709,6.0,1.0
0.0,1.6899644427216343,1.9876629882599643,2.9607400185011965,0.1729211374759938,4.267616539848013,0.48196305380826643,1.8000118099419207,0.10679256593980124,2.705489261297355,38.380401958687315,64.92418122957068,0.08874768556542412,0.09851293811432382,9.0,0.8224655979175917
1.0,0.7118871885064632,2.481207745550768,2.4017680410154436,1.6748156484718906,11.911356852698287,0.15175386828079035,3.8898203971549705,1.264946912364088,2.5751494762831606,96.87816507735977,111.97208551518939,0.4653545339629647,0.023557963488936018,9.0,0.23150137310414354
0.0,1.6640430394161398,2.250839003674434,0.3808841584392031,0.9331274311699913,11.517309876077578,1.8786506229042235,0.4842844131179067,2.730883903428644,2.841512569059425,31.31260546439904,74.6179500690438,0.22035903218745956,0.7836611492720511,9.0,0.7396820774413655
0.0,0.991743320947362,0.01777689989338782,0.7923674024403784,0.1558263816995482,2.6357190001336006,0.6781233705329209,3.583548170791503,2.5905686393089415,0.6178203247444314,67.5343501796284,41.912712211950875,0.4976275507347771,0.34795856486067955,7.0,0.5070958410157334
1.0,0.8321464440859139,2.2135748886220927,1.7898040651787528,0.5433347524197654,9.408801163841872,2.3414185720344447,3.7522298354475834,3.5673883213368645,1.6189054746988267,27.87562254781692,93.76224995183347,0.054944814963639343,0.9197552391377357,6.0,0.7013050639178984
1.0,1.4535687245925086,2.3614903092496777,0.3934884842818116,0.09919780578638582,1.34924773089796,1.1475372103199935,1.42924499854696,3.150754114066599,1.1608571926959614,123.53118352984654,121.96448652389334,0.3830338924205547,0.6769484221659117,7.0,1.0
1.0,1.2023684522280298,1.9354871709086932,3.238579417329096,1.814897907990435,3.601393646899636,1.4110736627310991,2.435385274251729,2.37816179214047,3.8051767743928036,75.18340612576475,1.1751078048824193,0.25610924254050954,0.48014038761310307,7.0,0.0
0.0,0.5648883574971084,1.978798100392623,2.6473606243166286,1.7443392734773693,1.4028150918404654,0.09482238940972887,0.24887616749216335,0.6007100939104877,0.4488920750178469,61.69062451553441,113.21941440070967,0.23365124331726944,0.3909202370834921,5.0,1.0
0.0,0.24333438327407725,2.2754037952242037,1.5885677178185347,0.04103299797501814,4.9407277222121735,0.48718572422817935,3.504367087839381,2.7926376334073577,0.6512031630897055,37.490095845847584,7.362003054484853,0.009930477950540972,0.3495514940729143,7.0,0.0
0.0,0.8613753235614949,3.20517002841648,2.8143518875602407,1.876470387856342,0.9739085896335911,1.2032972095800125,2.3516384727950435,3.880093162903544,1.006269451241113,1.3860278585099695,36.03132865817964,0.05568343769548184,0.2254114042891422,9.0,0.3374874588412563
0.0,1.6822142240616498,3.8627982152120945,0.9298449012931904,1.2416066653218658,0.46910071289637223,1.5306264027370253,1.4087798590476983,0.9753953134909672,3.913090500976269,56.10133379251937,22.195111943970364,0.023386894282101,0.9315133285997174,8.0,0.0
1.0,1.903987322722405,3.211185504685119,3.5987101482445674,1.57149531413681,0.3215815984563437,0.5529472344412969,3.535958589664253,3.0195519397334305,1.6841286239370512,19.011676867135353,1.1946019106289507,0.08694666213608648,0.5534786795804462,7.0,1.0
0.0,0.4574876559262428,0.881704159208692,1.7115197001031865,1.2536194534022533,4.29448201617865,1.1186856121810367,0.4112485457706674,1.0370085287722257,2.551376962850744,71.40104758090426,13.230054913546063,0.002927335793169672,0.5978805929589849,5.0,1.0
1.0,0.48086558877533186,2.685733691544568,0.49148230003843896,1.4144714767928068,2.9678871878193385,0.8325911687101434,0.2879824926218437,1.413491353744437,3.983336595934019,40.027465712326986,40.87179049964426,0.17341159837651354,0.2640708056813511,7.0,0.056634963716785225
0.0,0.8104714651677238,3.2023701055773723,0.5192412034407998,0.05340017404058939,5.387400642018582,0.25807203602442846,2.7445795322214823,1.605377461143481,3.0824621894954722,114.58492214506097,5.254148885940765,0.3751896478527353,0.18571443887001737,8.0,0.43135696141613555
0.0,0.4593244384436987,2.9537199233458127,0.5383708556579445,1.690818530619653,9.73022858252915,2.227943124511862,1.153895402979245,0.29222970378690594,3.449482390616731,92.91447822215666,34.274269975194855,0.3522326299017646,0.43537165374661346,9.0,0.15856203273814873
0.0,1.7361778332710172,1.33187240736815,1.1099151752346894,1.9336311195991813,6.276324961878309,0.2357357167424956,3.7019099432177995,3.8632653179344416,3.2431999906735243,57.430023414701104,90.88825356616432,0.4164855667122767,0.21186412847742075,7.0,0.06482255446795204
1.0,1.261814751855226,3.2665049674966786,3.834281840802826,1.091051246599483,6.08159105779818,1.5185918132977074,1.2262163005142566,1.277559802224883,1.817772432975155,27.427996330300907,68.82017413128834,0.18660318369300466,0.5820309252465036,7.0,0.6511879609498146
1.0,0.7961870592368225,1.4508843450530966,1.5991966725263396,1.2374188420171268,0.03184997697929015,0.04756048877106983,1.2397626733327876,2.806798541646803,2.7192516785118057,14.653684545761436,90.72820845338244,0.29723844044722486,0.18079906414372626,7.0,0.0
1.0,1.7777734476213356,0.10212716639411701,2.631894707304159,0.5145323643169963,6.862777088682032,1.486846910481372,2.923299590315636,0.2618881298929354,3.1869939025762775,12.999073080224244,14.17649226827404,0.25640779854879675,0.5995796388090773,6.0,0.0
0.0,1.6181483187894137,2.277798833012965,0.520726437878563,0.5744182648914558,11.837269728417136,1.4105944650449302,1.9066194366329894,3.598542827116442,0.8152666697013253,13.151722198047612,112.0650389747341,0.23737145508209828,0.4195558109775106,8.0,0.10593534400055715
0.0,1.1248148095660775,0.6556009658104558,2.773195050620106,1.8851948968672534,10.064988828960518,0.8787961116958637,2.665979455010623,2.039920896612906,1.987669229364561,58.062083870647044,86.29710608687354,0.379958102586044,0.7810186341027632,7.0,0.27704575270498943
0.0,1.4029962474065318,2.745114518245573,0.6152361618734812,0.06754356507427195,8.03955444534902,1.5293389557584653,2.0909964828745196,3.027247315179121,3.341457840851573,120.02603611392837,63.5653013681883,0.1529678529861292,0.07237020598885235,8.0,1.0
0.0,0.6863385591618711,3.125021433748584,3.4322795622779525,0.9354350934948237,0.4259605844384984,1.0860797295555416,1.857243924898281,2.085925918594361,2.6689755938782413,83.92627195146767,116.4082050125499,0.414439849858322,0.4602353697930458,6.0,0.9511310581120698
1.0,1.8456878310504847,1.3586338596275058,0.5237923217765106,0.2718456080756064,5.2193739890795285,2.088896059847063,3.3834752533555523,0.784158401204984,2.8781439353517118,78.972470342524,0.10292028421866883,0.08741627525001244,0.3912029439351893,7.0,0.898922039640664
0.0,2.1322461810766673,0.5524590095354514,1.1472600582612187,0.655403035217129,6.0538470282448,1.4168646321304692,1.8151156095342706,2.5562682822138467,0.6936306478887833,38.462358468177676,75.7583969342477,0.2887978381473934,0.9438098426220435,9.0,1.0
1.0,0.22195542423680964,3.2672476135016333,2.2961997936042104,1.3932022426889323,11.876384194891614,0.14599017454671237,0.11858986567811369,3.2788440374756456,1.6292558451593502,9.181137363358308,84.44677511673262,0.13744916039908017,0.5972421497719952,8.0,0.0
0.0,0.5466853556905547,3.173176217799713,0.8842134108194246,1.4004418703464006,6.790389052937121,2.4435885750095765,1.3147824946305429,2.1604668340201862,0.11457456931146037,23.95946455587135,103.51132447164481,0.1177699126752047,0.3938895230277939,6.0,0.4454641574836007
0.0,2.3951367602143465,0.5828313387543713,0.12209481722760795,0.28748242888126607,0.16593710692320185,0.8105477352407717,0.29464933160620577,2.7608205797690464,0.0371541641633395,76.6211639126941,59.864274873988016,0.4378561616329069,0.1672233495814751,6.0,0.0
1.0,1.647079414089911,1.3881081589259958,3.231888480871333,0.9789488588836956,9.447221745649601,1.616151524067346,1.935044268032763,2.988844330545188,0.715722660060826,117.89475588363143,75.5443671606409,0.2545855251062297,0.19792238085838687,5.0,0.8594114176784372
1.0,0.5313944174027263,1.8407344192653485,0.013502437738331707,1.3624916402968894,4.130123573193556,2.4206928150863396,0.3774862088209896,0.47306288128630225,1.2850873594370347,0.015486245228915618,57.19189480772684,0.06280691921250148,0.11920426224876357,9.0,0.8485115799554066
1.0,0.4950906247882067,0.10853510823987111,2.2366904567030454,1.975411184557598,11.553888356044492,2.364450351739196,1.354681310196181,3.251260243969972,1.8328519725856576,84.34148457536612,26.232103798909794,0.3764693439784472,0.47007408317938015,7.0,1.0
0.0,1.8817377409895708,1.2045842236476196,1.111643671142064,0.6901662949371874,3.0996242908438867,1.5227176744728896,2.1533491168022527,2.123997589178191,0.48093609470432375,45.73131665826789,41.12107144950111,0.12931724629700664,0.588882564040466,7.0,1.0
0.0,1.186448918652613,1.6834292991426913,3.5374405625239107,0.36373176862213397,10.762494609904028,2.28823425472317,2.513561941689495,2.212777729464023,2.3124983113082305,23.76208650034295,89.45815447095487,0.17457475767353942,0.5440756017111669,5.0,0.0
1.0,0.06599058845808498,3.771609097559579,0.15708911524082936,1.8641627466774604,6.071227503145124,1.0782596277401773,3.3322990649205155,0.633304062355236,2.567852307136854,114.89501221701116,59.54788317765486,0.34245709008154906,0.5029091820973229,6.0,0.0
0.0,1.7668178615361345,2.00677922369439,3.279282442830478,0.732664976834493,11.948654651519067,1.6192287595071995,3.6560801819748714,3.3969732717212735,2.861915951403407,50.776424072728034,4.793607563781041,0.17004914641210606,0.10468009202065409,7.0,0.6656276103473594
0.0,2.120649643635297,3.9460541251661803,2.7249548064550235,0.7445266060137485,6.542894540117144,0.5794961844903485,0.5318289860485197,0.3993849533925595,1.7785197941211908,102.72287797407891,16.985171981862003,0.4082142165173382,0.478427362334766,8.0,0.44176837362676435
0.0,0.19008617867847716,2.648246828908283,0.7539208545562825,0.2710729723716996,2.5671401915204295,1.6686957725935059,0.7299538241313805,1.9868773300800857,1.9332884157483567,104.93070780312438,68.10079709616187,0.48145440984538707,0.3946790653930041,8.0,0.0
0.0,2.2728022875007787,1.8690007759672795,1.5243779895203362,0.8618706392107685,3.498845282747037,1.2400197769843189,2.4508774471123784,2.494074946434407,2.0225776964880926,41.2587773717564,64.97261905785048,0.3019538400598876,0.5372032112428982,6.0,0.1868656130599593
1.0,0.6295937791907316,2.713666411029788,0.5145589259704493,0.7438478945956257,7.422681762456138,1.6052377796412844,1.708582527768237,1.0998240927432419,1.292018465665782,57.64782116009144,93.92804461828703,0.17150460221215724,0.5174491697203855,6.0,0.0
1.0,2.397409553859945,2.6650006788521896,1.2463490994483664,0.4259980667837031,6.244859551975535,1.7937219300949148,1.2603557827142784,0.18635189792263418,0.27089510832080466,7.147143699376787,34.80747559638135,0.15299659319886455,0.12926246802430041,9.0,0.19262930173300608
0.0,0.08364517037651176,2.6194399216812987,1.3685283605803593,0.39606601743366765,8.370459259953215,1.0064875222678848,0.08322522993065995,2.6549166984985124,1.868101434387969,25.154197567384614,83.89786592819344,0.1486787231073528,0.8440057923323652,6.0,1.0
0.0,2.236197086088324,3.5002793162757495,3.2307275770269013,0.09339443721387308,2.5885521617531295,0.0431643693706224,2.5066475207877916,1.7333631168814119,2.6851597976178256,84.9730835311023,40.87317465103013,0.04486629707155504,0.23416001632958283,6.0,0.0
1.0,0.438445860658023,2.75140087668934,2.0103057872694623,1.7937876431030082,11.586438737892985,0.3728137280113328,3.161086715417906,2.728462992700495,1.7491710937792382,87.92918783144827,119.82111359230441,0.4847808274662836,0.3071974195841418,5.0,0.8712913403314242
1.0,2.459848029582366,1.746972663004195,0.01697991049788028,1.02376946545227,1.6854066527069689,0.07324062038455703,1.5356439913939859,2.0497659537490227,1.4770450801832573,32.27440021255346,18.750110098011362,0.48520290880330813,0.22434043496196798,8.0,0.0
0.0,2.4951378000148794,1.5682428728655315,0.0178807200724016,0.28265460786301677,8.664331692462167,1.711752942117609,1.557344520488126,0.06786073823221939,0.5814634058694814,81.33134584790481,100.276240776501,0.43593808995236666,0.2951955744118089,7.0,0.09389643551160087
1.0,0.6804109288470728,2.2640101143987112,1.5939007015538738,1.6551519062116509,9.42201985153533,1.8616307278970092,3.9336481262092753,2.6834491875004773,2.1688355115670706,18.901685528674676,14.399282095481095,0.19778946147820814,0.35411089487225245,5.0,0.6620781825344496
1.0,1.8003462071361795,1.4049995800518715,2.2840765466941164,1.4854269312884778,7.085177693762656,2.061163482548232,2.4369641635149324,0.29624305105404813,1.107304957356444,4.71206234084659,15.409593087230029,0.04039451325839366,0.40025837853698265,7.0,0.6252352833185143
1.0,1.6553486583580936,0.805108281224272,1.716672464232749,0.16511581663241737,4.537576784612218,0.5437199890456088,1.9160656249650967,1.5262601986213293,1.6966131218839031,48.693007789498004,0.9424228634036941,0.3819178916886352,0.6464823621951854,7.0,0.2661004757245118
0.0,2.184195530552446,2.2999084140245465,0.6571868998357036,1.3252785162010312,0.44446990569897515,1.3904568368450323,1.8622917129993173,0.8366879846505122,2.6756486505601322,87.25000940839612,90.99748206240858,0.12709652248447173,0.7577894193777829,7.0,1.0
0.0,0.9606101597759222,2.3467061519302574,2.2585729147345877,0.44324742534150796,9.668789097883574,0.8153511343068622,1.5236430649443649,3.6021406459533925,3.0789117579684273,94.63738976581696,14.178860745492017,0.2842071229167653,0.23613514180157635,5.0,0.809593161545397
1.0,1.4988723199510037,0.5360034861239438,2.4520193696483843,0.9028836615849303,10.125055742320574,1.0943353245111616,0.06611864887181618,2.668747318143884,0.048216893564315466,77.94085416140383,9.546535934943979,0.1751999954887209,0.8661438145540757,5.0,0.7074325810296923
1.0,1.7453242846911987,3.9799755579661658,3.9466867815916307,0.7217549724115369,4.859236651635159,1.2107931546755917,2.436964753385777,2.487130343262328,1.7257616359089103,98.59199791512921,86.22129323085034,0.02307837929869966,0.954133995648306,9.0,0.4007703777285725
1.0,1.4479229026639442,3.1947562605453346,2.244176095823619,0.028822043959887633,7.064396983346983,1.7048867232625728,3.33845151430149,1.8080230151168313,0.6222985424478211,90.40030642370087,50.95621155645833,0.17574703064191616,0.6720570440352918,6.0,0.6500489622825963
1.0,1.0070851819764426,1.7178143193194093,0.9110752425581792,0.30546812730538786,8.469238550653396,0.7782086150252759,0.3787601760440382,2.9327797774863122,0.8116211225997136,75.57617532688892,1.0292937318256006,0.3082576620914442,0.3883071440078639,8.0,0.9276920822067874
0.0,1.9747483197763427,2.6418123033418675,1.2887675642917404,0.05369854422421305,11.872014358233265,0.7334529100594855,1.4161878822127463,0.3059807991608552,1.729851168791893,96.3495451428458,70.45009538912856,0.02471443563233311,0.2059851233468013,5.0,0.0
1.0,0.1138751635516938,0.46531998274507425,1.3682807527279581,0.31172863899995407,0.4400680140491615,1.09657827418429,1.5115331137148695,3.0555241203496486,0.45843485201763423,35.94718854567694,34.581806397073656,0.2476975074775663,0.9150386470066647,6.0,0.0
1.0,1.5664953930832928,2.482411389470036,0.16748793851571442,1.6777493912287758,2.5142192787657587,0.5451182438244778,0.06874625572797655,1.7316979249631985,1.5890956505662217,116.2940965814805,7.885405298070275,0.09325142207989306,0.8555717065910404,6.0,0.9157603193675424
1.0,2.4412555594441416,0.4134948563626639,3.7042894926965384,1.1289169894110993,10.452878549435034,0.27693919834645253,2.101355327729208,3.018836345575768,0.36077749621007005,84.52250910939847,60.61317275938616,0.3958398300377552,0.6298973001494891,6.0,0.0
1.0,1.5537435142859881,0.5332067101453632,2.984185986247182,0.1918338336793317,10.203789432759,1.4035515666984646,0.32328335696201815,0.3250227748317833,3.52189347316582,94.25458357820288,109.35703016477198,0.49222586855883793,0.6575011395005287,7.0,0.6409684747013301
1.0,0.8239905608062361,0.14993070470763925,1.2767074394362972,0.6880772169578644,5.676504096158375,2.4634294223000315,3.321572011896172,2.146652255281179,2.829723360961996,69.03963965708995,100.99590746659463,0.2043511649228647,0.36996418372460405,6.0,0.627030863200774
1.0,1.5987309387110211,3.5712331205116263,1.3863842873614103,1.2427041046314986,4.931782895368302,0.7227115236041461,3.441960278683625,2.2138052685174934,3.94694615565393,47.26416445805372,114.71766368371695,0.16372184247225152,0.43938960588865195,6.0,0.07991669743825114
0.0,1.302502627744537,3.472891682449124,3.2221318899117573,1.6846750226254208,11.604531444594206,2.189948773143289,2.337944827083739,1.543385225678398,0.31558899334603563,122.5511084398588,8.571754193614778,0.4719757842995192,0.6322423122566243,9.0,0.0
1.0,1.2394565654568894,2.5271090043807374,0.8798871369704724,0.5317634738748165,3.6673356677766806,0.19342903122635785,3.624065280453149,2.9892179769994907,0.011423561008697902,46.71452933092499,80.43983940968356,0.02036441604832856,0.7272083986427647,7.0,0.3496653219018554
1.0,1.1878100593629108,1.5149557265827558,0.768418177870521,1.1618134007536047,2.1690601470626127,1.123673421029392,2.3975488769390596,0.8874637743189262,0.9627947359820102,78.86071236170044,14.632569427075623,0.06377862161979736,0.3818792349043668,7.0,0.0
0.0,1.6107893670183826,2.589648291096373,0.6594386157667964,0.4115316480435778,5.273542567934158,0.9492287598953802,0.11154347410819909,3.547486231877549,2.9203054557903028,72.59998655074368,87.15444468346689,0.3368685341017851,0.4696678113138334,7.0,0.0
0.0,1.5966240805097498,0.8172990553560227,3.5033492387774374,1.3211207457506422,3.2354610213874784,1.7665748668442862,1.4178741865187354,0.9303635328022013,3.542589797807129,23.295306720201427,1.7621000805139038,0.14524107846517537,0.9385314553682692,7.0,0.0004507615745699134
0.0,2.391046061185974,0.09739434096000466,1.0073442875522298,0.6425868959390237,8.788797156303747,2.2058665934579884,1.3988253425575077,2.3891298811467334,0.21212952717594336,122.21053211854807,69.75584909863126,0.41978130434265604,0.5895444778826576,6.0,1.0
1.0,2.213745140433314,2.329051971469898,2.4935306868392804,0.4341966975899665,3.765759732006191,0.2639718545782377,1.8995087604188687,3.418256806092031,3.1837881291850354,116.10810418465091,89.2370080844402,0.058241701511118904,0.6250754161250558,8.0,0.0
1.0,1.9188794558498183,3.198062429666446,0.18393066726134188,1.322844184275568,1.707479478973906,1.5266038064792795,1.102729344100311,3.1448399489455614,1.6586213913068892,87.387016715422,60.67522220846354,0.41706076137424253,0.21476599567567656,7.0,0.0964127495381164
1.0,1.9900284267603132,3.3533901689509147,1.9601616600199057,0.7557072089678456,0.45612634858936474,1.0137313620712471,1.6821029503877978,0.4503810963781416,0.13037686223813605,42.63607566994658,118.9603975001077,0.007153062743253946,0.6519566272596816,6.0,1.0
0.0,2.3875036499677633,3.8645164779950893,3.3055068244845054,0.0793637062828223,7.343915938245621,1.9236408654454142,0.22740538586602366,2.0242608842873357,1.4757624183074083,106.45682472819263,89.20163378942485,0.4840782397794092,0.7833232755761347,8.0,0.0
1.0,0.13932797526062524,1.3365180470018707,1.636232431827855,1.346788504694191,10.396392004366986,0.9537354148380478,3.961635944239295,3.9630720683465324,2.257117283787859,45.024172408189195,87.07804191529385,0.3757999815155626,0.5993410293893227,5.0,0.29588382941563074
1.0,1.5333386544989973,3.3172610050523783,3.82982083552519,1.5037860436652748,1.4567105997978889,2.0846426075519093,1.8310848793627996,1.9617910313607494,2.840923530586675,54.98760232089717,119.8713406981721,0.30004420493633993,0.5877368756550742,8.0,1.0
0.0,0.1158353982356014,3.08949268340464,0.9602058527878401,0.17699456704402028,1.159313506975094,0.9833166321586878,3.6548374906013286,2.9684391878379315,2.8962864075362247,69.42524320797845,67.16422321822527,0.4221586338447766,0.8338646093315909,7.0,0.729562314859852
1.0,1.4803189913316968,1.254923491403387,3.385116909359564,0.6598762204182123,6.441486735324073,1.3693476597607455,2.545542815530252,1.476522577183054,0.6861515423934339,102.96933090426874,84.68072096851282,0.363447686947788,0.35877046063867657,7.0,0.12351869811389349
1.0,0.1489568354125595,3.1299854865502286,0.28356458066340995,1.059336090484858,7.453824471882557,0.29992620527040215,2.2333614739168595,3.268725565036848,1.5765500000304584,124.33078619716183,19.95278490191474,0.4385358883331975,0.13950095394818862,8.0,0.727084240513049
0.0,0.2534130408310564,0.79244455052044,0.5857195469484124,0.9039837512541711,10.153336926040533,1.653476402346938,0.2860772899691919,0.6509604232227573,3.0859864323584754,56.86864088741221,40.355082155637895,0.04005523698411523,0.6048216318770835,7.0,0.6014138326323565
0.0,1.6698174155278291,1.0429570066696772,0.08000523169730256,0.5769607520929749,9.89116822270417,1.0619192059273006,3.3531210522572192,0.7703885854306898,3.394899239232385,72.78433921543802,38.14485221302612,0.4797958295116787,0.19584777038918044,8.0,0.1791896983623531
1.0,0.6261580921196147,3.3441206408200896,2.3644851274950884,1.9610198330350694,11.018411897975938,1.3922286653964737,1.9954812152106385,2.0336705011237806,2.210978237984544,41.28946879686164,64.43372246066615,0.355433023314395,0.5929087417888852,5.0,1.0
0.0,0.285169203784921,3.512259485643917,1.477128838567089,1.7782393997886452,9.077395462115549,1.8502802122282636,3.7548277560119088,2.741672078624986,2.1081349964577,124.02378587518855,6.21277836141132,0.07579544515574754,0.6108801425693396,8.0,1.0
1.0,1.41267686879647,2.1059278027311157,0.11555101392124945,1.7660626129443882,8.378818198981959,1.3147360716792897,1.1791699819797583,1.1688964407409959,0.5541760823168578,60.781224186573375,31.528815943651605,0.12952368040119483,0.18839013330397159,5.0,0.6138013406047601
1.0,2.2463029670816432,0.8791549789619051,1.1764343115176623,1.8122482893924137,2.618360379748148,0.07048108743246989,0.38114484678252447,1.8155815687902574,2.7168320824351238,34.25844388540719,31.44098633055367,0.43954510833690863,0.21853231034957143,6.0,1.0
1.0,0.7618870632298963,1.8970670223714658,2.964615197620236,1.8430433745069696,4.996604644387476,0.8742300743528802,2.223384435950461,3.5086498959204584,1.7959738681002748,57.57176392080256,30.955371603676245,0.03529866364567008,0.04659471427416362,8.0,1.0
0.0,2.1337409296805294,1.7460151278180165,3.80927055813829,1.412713712398088,6.934954255413748,1.074808228133163,1.6473335129423,3.354330623299959,3.721910380293205,52.29479432709874,68.49587099803053,0.2952349222580149,0.6601512365477568,7.0,1.0
1.0,0.8152318462059707,1.5914700797125247,0.852236536900425,1.285454397069239,9.941525122429354,1.405143015369996,3.667068896089191,0.4900029330844,3.7917446382226245,1.5698243416652353,108.13413891177981,0.05647064105310157,0.9524865500245349,7.0,1.0
0.0,2.23762416117768,3.5000161963183523,0.6128594491009771,0.9858962763563404,0.6807660468340928,0.7357414739432139,1.9752432559148256,0.5883028079585078,0.20110357571344606,103.26564652136145,77.2546576950548,0.4594270765923764,0.7073963943596668,7.0,0.6447144052837386
0.0,1.2367955995472162,3.723427355937146,0.6303396553439278,1.0508078386940205,11.067385634062143,2.2694931041384065,0.8488334064886693,1.4313723140115653,1.9514257194249196,106.15368712286372,8.568079387177892,0.47471066659671485,0.5110759517760186,8.0,0.516319061714202
1.0,2.0937745628618547,3.705229297815904,2.015938940821798,0.2904113266984023,8.281022988627555,1.314220839862232,0.02750774200814199,2.8082515398154873,2.2879726899224506,24.505723210063266,40.77011330107269,0.30564450395703463,0.0998274380466142,6.0,0.7882675561566345
0.0,1.1914959359158717,0.42308262074857783,2.6197622541614107,0.9778170561907527,1.2872258141118182,1.4439733475923293,1.0733403468308462,2.4677139876344003,1.7503223407182205,116.59158749635378,65.71431154920573,0.21362398504506858,0.46251464833319833,6.0,0.6722260998057789
0.0,1.3445249945343631,0.028140032455418407,3.450496984075186,1.0920349867596293,0.3431585686786045,1.752065241105458,2.2912479480441186,0.07463062024574851,3.033244610143411,117.44129021055633,57.317102432075174,0.24984396907588485,0.40458596758786747,6.0,1.0
0.0,1.2604401362059923,0.8330396938184741,3.4003447664297415,0.5095363462053031,5.109304592097313,2.4549785691382144,0.4918635671071443,1.5859783719527143,1.8800932774969632,65.91238396116817,47.48629069920496,0.41463026059703345,0.36707849698875616,6.0,0.0
0.0,1.34919792182268,3.080952894563664,3.8825318925507104,1.5840657591717697,4.8755567835798255,1.495136632642361,3.0568160851104116,0.6204046788971591,1.4544526436326812,42.1812988917611,27.10314892640067,0.20403800024390728,0.13984653582353257,7.0,0.0
1.0,0.31628078816224314,0.023467929579997993,1.6001431519395584,1.71315699825023,2.5182804062743878,0.13867129203572304,0.4796128163400071,1.344714630774925,1.433412465749671,93.64660847440739,71.06012604372371,0.3274000570329998,0.017441002739033262,5.0,1.0
1.0,2.0962025929761765,3.988984773804516,2.5967906357967045,0.5221560844611965,11.00392902060149,1.2325985213186703,3.489373678278182,3.66784703620151,2.4563031548617,53.03037806168662,112.2380069486485,0.300040825407257,0.36835051578927336,8.0,1.0
0.0,2.069619480605705,3.3058215031006624,2.9064334375256573,1.319363375331661,10.306870477292772,0.7189656163871092,0.0002190538802295805,3.9518668555592518,0.22321485991573242,93.91723281721825,15.468179928958978,0.32749230688332015,0.34587622316054945,5.0,0.0
0.0,1.5750109735770135,1.055057916848023,3.5664089518491444,0.859155202653807,11.119205751987753,1.9561590401118583,3.6612532705582113,3.4531238800115633,3.4093786684857883,17.9075262616281,29.31038847983625,0.218856330776122,0.07091854495581928,8.0,0.0
1.0,2.3244284334119674,1.1415555931771597,0.8089547598477074,0.06373963748125133,1.5099782516279596,0.895948339449173,0.7189734386536224,2.3195536402349703,0.355086628544361,30.903373787106904,35.8931650294954,0.040656217871044176,0.6984341089626106,5.0,1.0
1.0,2.064824727481627,2.399520720005869,3.111245688845926,1.843132507263431,11.046536190175992,0.9336133968816365,1.684568971465485,2.9229127376331303,0.6952777166938886,56.76360656585934,30.6462105585264,0.1737703906847961,0.33899121089845075,6.0,0.8278217358646238
0.0,1.9186343547398497,3.9570279550959597,3.1150528104808126,1.9607019216260095,5.466162667895389,1.776989847322534,1.73121130653655,3.252641847439691,3.502371943239289,72.11205877015398,63.580195665372635,0.23851419325553808,0.38317114165052946,6.0,0.0387319457827503
0.0,0.9278263195533781,1.0325690371262088,3.584696208981919,1.5400673498986095,7.571090887421092,1.2365938771658778,1.1192710735907836,2.5987417232980694,3.2995459628400154,41.37504221350034,61.59159013875003,0.055947017898280604,0.009771118398068102,7.0,0.0
1.0,0.905349741880934,0.7315887321208172,2.9758353610168116,1.2410167360445867,5.829630473955055,1.8128995906401715,3.998725056313722,2.841302891738488,2.6049060916617486,107.60093209070756,7.802982369043809,0.27522516019083226,0.7567428605252472,6.0,1.0
0.0,0.31989758482185854,2.1167257627552605,3.848958802868586,0.7120512362753528,4.810093389542097,2.186248884698507,3.2676753325253842,0.1833408802023384,3.354362096152483,86.95729724565554,97.27708880414856,0.27613634233182893,0.6572270856064756,8.0,0.0
0.0,0.27118272896545614,1.7390058152284316,3.9906231309353304,1.0440188091386244,11.555913229642503,0.8779936897816937,2.9908085921681398,2.5403721180088152,2.6380675256396913,55.10078656705432,118.96261217512733,0.21710845862604572,0.9134016294803171,7.0,0.25723716649293304
0.0,2.085813045373607,0.6896803964185705,1.4451350074205052,1.5060250577037013,5.466688742601201,1.815176619257581,2.451620769709111,2.3095672973554566,1.8326347878664726,71.73827728535116,88.7903169858481,0.01940540696472942,0.4623065024264046,9.0,1.0
1.0,1.8844774595022349,3.2523051958668954,0.526589750627859,0.7837216001932099,3.2191426929720115,0.17838059753858632,3.0953632082479294,1.2680791949784842,0.8096315215881882,119.97133802390057,102.3442117370184,0.011735512203335963,0.11630777283911797,7.0,1.0
0.0,1.5742927616787228,1.391988971837681,1.1599078995762202,0.6425288212236941,0.06169986687418483,0.47903346329901314,2.8820969219690324,3.9254863149810664,3.804166693939789,28.824378407086375,97.39278706568192,0.48201807127388396,0.08236082753124341,7.0,0.0
1.0,1.897677294991125,3.4009236811203287,3.418334282936589,1.9050467563889275,0.4592875356512742,0.22349511927270527,3.1099737320347223,3.730538738107794,1.7744300522277192,116.36577456237289,5.081524046876728,0.43458776090132806,0.9880578332058155,6.0,0.713174229148576
1.0,0.8305381220864194,1.3239510781165205,0.7367298129184277,1.7834471742008675,9.726117114697237,1.7947316650207834,2.4092779962962165,3.774386761375227,3.959236881448624,115.95165163584748,77.24941254549478,0.08626505452116928,0.38903238215038816,6.0,1.0
0.0,2.313734282078264,1.4980415025046163,0.569649355364211,0.1985904192640584,3.5988563057290732,1.695575346279229,3.612324526183091,2.480876971859301,0.042406781667964744,110.12515002362504,67.19181400014293,0.49254156036090807,0.7413454464133232,9.0,0.9599721109701689
0.0,0.6616680729251112,0.036096852421876324,1.0950428541539958,0.08782412581604526,10.89274798872544,0.25853878753026804,3.6048327348289506,0.981666674971521,3.732248844942287,70.42020711415773,43.03946734167012,0.1214786052186499,0.10934591987467468,8.0,0.0
1.0,2.024626392348568,0.47033958893157823,0.3990314825561492,1.0465296017946304,5.149448173029074,0.37197653632556504,1.9356701185775478,1.9160540257310945,0.06322254896246582,88.585409394733,113.21658891306889,0.08599957489216525,0.2311759507633797,6.0,0.3136492372976899
1.0,0.3957806872435232,3.542789233813803,3.6958933892075003,0.7805356598683302,1.0966407258907975,0.5822045185136293,3.660589945111169,0.2494121369600375,1.9705263035948373,84.14751456186272,62.65881101406463,0.04068138969599422,0.8396998368967966,7.0,0.5066792803589489
1.0,0.9603012058268747,0.6378618484640515,1.904562148181105,0.11256643089211882,1.1879443624576065,1.6074822396338162,3.5722831204898604,2.371038830482387,1.122155812856707,40.23956552473749,109.15757154871487,0.32419337001350523,0.27570955528668606,7.0,0.701904560653857
1.0,0.9907900610725845,1.5775662392070928,3.3336739281033005,1.1581749648824369,10.318397814518182,1.9930017948881062,2.298043513639552,1.37994435844118,0.22266163269379113,26.63364038017546,87.25206743910054,0.47005797643282243,0.7576091610758195,7.0,1.0
0.0,1.1783175435790647,1.9189157270517248,1.0767665061671083,1.664136153267569,10.356665853672549,1.1455532308028995,3.3599582605554827,2.1300455103244027,3.4665498640150045,40.6382262731215,4.587419655158659,0.10125772558583457,0.8279467896412664,5.0,0.5856711417417443
1.0,2.329964887126862,3.983974026555438,3.349912284725097,1.4299584312534297,6.181967461640614,2.4780271693620954,0.8118495270786612,2.96388451384324,1.2846586656735934,82.53399983727282,61.6585518676942,0.2905525553992414,0.9323865679190229,6.0,0.8346919934936514
1.0,0.19983937874171742,0.3407348058514694,3.2024379184454648,0.8533937457015668,3.7417812594360056,0.24586298656978006,3.665383183014014,1.9498550987906458,3.132471460003859,70.8109110713049,38.67311653847694,0.22453356432824506,0.31478391522216664,5.0,0.19411012160132624
1.0,0.7383285480825588,3.6036090964576606,0.8348358156752762,0.33178122261124643,8.172808693481343,0.76842519571492,3.878798482530311,0.432084436151734,3.445494461521183,16.38239376419945,92.29052201888915,0.4022750318103709,0.5070309212429084,5.0,1.0
1.0,0.35329822577066794,0.806265383868678,3.9254291993312336,1.0024564115594186,8.042976454120632,1.6710789293580777,2.422319176112515,1.628718272816263,3.144277506562753,12.937851477858198,26.760762084481332,0.3294693611341325,0.6976936490644242,8.0,0.2720973372770048
1.0,0.8268254721300736,3.223449982086466,1.1387726036095596,1.3079128544427927,1.712099357981864,1.1946273543543051,0.8256340097994865,3.694172773490018,3.8025051250029462,69.93965411065625,44.68097701788676,0.42961030783792764,0.9023744734593124,7.0,1.0
1.0,2.1541441256695317,2.9630092284470266,3.7014030411779304,0.27656502910020864,9.111028262268743,0.876753906001197,0.9519430935012263,1.395203986081924,2.6097373032370643,10.166641174448806,12.651646099810051,0.09971857919136645,0.8803389663826003,7.0,0.4287712644910885
1.0,2.1154148189861037,3.4196735929015327,3.21607367229111,0.6193423045600444,7.084034737366967,0.8647158062990606,1.9999476105915708,3.9097147456468058,1.732128469483929,53.98547382851071,109.47360666292653,0.23164226031824742,0.48288484328793735,8.0,1.0
1.0,0.0067450844944386135,3.847482037574301,3.385209532208472,0.39837868616276784,9.67992047168171,0.22792074852054867,2.381998389659269,2.105821414517492,0.0037376290462400874,123.11242571165693,39.60362945202026,0.24368289902306628,0.17045436494117094,9.0,1.0
1.0,1.186285983204757,2.9739301844057704,1.299929320501973,0.9901789868189177,5.6874186692782835,0.6289779528840472,2.355063204825014,2.3219765990798993,2.272572307581795,28.360673273060964,80.40040178057708,0.25354502620980784,0.9195180484721057,7.0,0.0
1.0,1.4484859608264347,3.542522361231215,1.951747040038486,1.8807131676197215,8.308480830896768,0.14996269220307668,0.6668731454545029,3.8906232652509747,2.2628726555456837,33.99277191837932,102.52977624227027,0.009639336545894328,0.014630416789900624,7.0,1.0
0.0,1.3510717775338719,0.24743344942652667,1.2424318394834852,0.9152570754059481,7.483817499007856,1.3172533563171345,2.6969016212938315,3.1405678193373014,0.900719715250534,104.63370673873249,53.73831709242428,0.25554460803605605,0.7187333553227452,8.0,0.2118180378749246
0.0,1.9583459472476303,3.4643149980136694,2.4382946828800054,1.671737772388923,5.111028135900762,0.25909833716149216,2.2304532851104564,2.286569980845819,0.31515570422406425,119.79087711696792,47.48060363632048,0.03772052917800295,0.3841705788367583,7.0,0.3449566428126305
1.0,2.0814277876111125,3.53778650634287,1.020706813606743,0.10545539497545708,9.260078664256048,1.8827167163725447,2.7440220737280736,0.4153797853470391,0.7348048313051891,115.96246470056668,59.26460082237382,0.3648860631993694,0.9197641767813574,8.0,0.0
1.0,0.765828579834291,0.3805676631387853,1.7051055670730775,0.8896206811658862,5.380841159172274,0.7940688872397474,2.3285892096810517,1.7807301844827594,3.562359960084168,68.93863873615626,12.089003889942704,0.235440263740472,0.9999379280668967,7.0,1.0
1.0,2.166080993036303,0.2622392195866876,1.5885896054056463,1.3409859864192102,4.765409626931426,2.2478849014656848,2.218138622813435,0.0724628769555502,1.5499515111733606,122.65834077349169,118.63122085894629,0.06000699393882919,0.21939516477441012,8.0,0.36584705283611985
1.0,0.26554307613705114,1.7814626275997454,0.463847934899122,1.5640840221303962,7.221390557182399,1.2923016204868047,2.1610935007529157,1.1604096272772946,0.5499851563827716,19.490968269157637,55.64866356541626,0.009485565625192371,0.5936583493131686,6.0,0.0
0.0,1.8350546392194222,3.2587143686274516,1.6885665780431593,0.6233124975648834,4.645192052388664,0.16664190449227984,2.334208527922875,2.1102559687485285,3.187278483280705,90.49686166331747,85.18648075755637,0.22755034380520134,0.32162707849212335,7.0,0.9743939563893049
1.0,2.3410080369287556,0.47955043420921006,1.2874626773758981,1.1786370778110185,3.478402175533887,1.4344515523505756,2.6684855490001476,0.1553998951855271,3.326244287235149,38.60392848667296,28.06150052715392,0.4359306702877347,0.26046614733285445,7.0,0.6075659602477946
1.0,1.6994641184697759,1.999247153151126,3.4093104465287016,1.4329706974858165,2.306020082171943,0.10209786705107304,1.8653296590954396,2.2144882984136047,2.9756797284316288,80.59141757282815,97.4682246069845,0.47169813992316023,0.28778214541877456,7.0,1.0
1.0,0.45407578986807834,0.562046836160925,2.5232038120720337,0.7714316753287749,0.7077589970455023,1.125720113736093,3.7996980011153827,1.2671047123795947,0.36281150545266483,44.892430641910785,14.763700111724413,0.12147626543829299,0.5910280476025581,9.0,0.8588309382284365
1.0,0.5827808296408812,3.006546788252735,3.7985432218880373,0.11407677242054248,10.126448484013995,0.04557139431586421,3.645844102708083,1.0673879035529845,3.964853653360157,92.06744512518927,41.47341341332664,0.418327266356714,0.792037073619277,6.0,1.0
1.0,2.372260746177063,0.33420369803059335,3.1813023173079045,0.8050047888623963,4.101213905202809,0.3906660870331749,1.663862112753903,1.0532478677143384,0.12760000160666074,99.36245681482579,110.0822880709892,0.345513412928473,0.23953239440423924,8.0,1.0
0.0,1.0478409547558079,0.4019932305705809,0.3537725823326574,0.5913925286333646,6.567481627423774,1.0718880886837598,0.9917408575398343,3.989888416197077,3.672128097754732,64.59818736638562,114.06449052331386,0.3795771413337508,0.554684819096582,7.0,0.5761409507660867
1.0,0.7352987911436362,3.1148734958420894,2.2694931441336315,0.8995115661291511,2.54058826984847,2.334451559130139,0.6513960175461864,2.590192080666193,1.414680642265012,29.00667070728369,69.97145972976462,0.19576912918524014,0.3754525522894939,7.0,1.0
1.0,0.6278238516382071,0.2781383689101511,0.7262920237120416,1.4901249326760975,7.167860087160912,0.85809196707822,2.741586539696963,2.156242274295768,3.416291521609018,59.697433537319,68.68818208174007,0.09173806040582727,0.9547043675683081,5.0,0.0
1.0,0.07302993653061196,2.5104029543855373,0.02965984009308764,1.3385633104903736,5.472699760335859,2.1598431351207203,0.9203795167577211,3.4337057609382313,0.8049889061918876,79.11999319513362,41.4486153650831,0.4006030507874149,0.1565874198216889,6.0,0.0
1.0,1.0630185124719356,2.878482149304933,1.5116810700560497,0.2517640181760574,5.730631248808699,0.4302375776779957,2.3901297959979977,3.3029950621944044,2.313079371031716,105.51906481434733,113.36691136361353,0.33751504411346406,0.19006274157576142,6.0,1.0
0.0,0.8603705130910135,2.8755932961143214,2.4954570440070434,0.08465199046759375,5.074698995856078,1.3040192053065016,1.8765871956516773,2.1612617337330415,2.8339472076639742,17.219757012242724,98.67219282566495,0.31021999031497594,0.7354771571023759,5.0,0.130325231553731
1.0,1.4140532541041162,0.9726180206302106,1.7222595976612722,0.8899983609046638,4.372484050255386,1.6030175232675905,2.6135247592404527,2.683296680424664,1.809235540345782,44.03896400674437,13.659688616658977,0.4265604172472093,0.7535596236512451,9.0,0.0
0.0,1.2126240821165037,2.1773580581321377,0.16146872297632653,0.22664305003162077,7.687398513308333,0.9525742453802652,1.9107176482716728,0.2761701508006169,0.5063393943484575,111.62514687098586,42.34399134989133,0.33561544534869536,0.7473787974428081,6.0,0.0076605464299071
0.0,0.41395571139333287,2.287540894193266,3.3438903934557413,1.3266127259213008,9.11712091101091,1.4338308075527693,0.03388662354714045,0.44051800609518077,0.08005992883424673,28.14544076942567,19.16702739754185,0.1861517695471262,0.7823899938918187,9.0,0.0
1.0,0.6894485469864267,2.3271956211726645,0.26573938627908156,1.5147147769402174,8.183677475001353,0.5026224703424947,3.3597412818598653,1.5940087755096712,3.617031646930673,15.483397031728352,28.241217778253045,0.36100484757954565,0.970559586150207,9.0,0.0
0.0,0.3668460341695262,2.0980311394632105,0.4733732064544829,0.9616274094167816,2.830277691273957,0.9182858382612311,2.4344103359750844,0.5285021376922092,2.162330666974908,61.43451915444559,58.12829452699933,0.3547975641207179,0.9404678211876017,7.0,0.0
0.0,2.353131327604523,3.069348742132697,1.4836781586932766,0.16222778218175282,2.2065723990985204,1.256745593816008,2.584110598130759,2.9871794491765074,0.42128251888711654,60.45849153156832,98.72100517674626,0.0006627374520660201,0.6556550161154376,5.0,1.0
0.0,1.1678852802681186,2.997368273080825,0.5851613634296235,0.4387109257917978,5.8696589941638635,1.7309577754224479,3.3068349745855823,0.49948328004898057,3.390889824400624,80.30155554262555,68.77512759639258,0.05238020606057686,0.07541458562931636,8.0,1.0
0.0,2.3534676614484824,1.6383761426302517,0.9000988006509196,0.8939824467738318,1.3520307241435616,0.5123989283863231,2.5554645206148683,2.544694247330165,3.0946686449813874,119.98504887887229,31.487499297524312,0.3091748469926475,0.28043272590223844,6.0,0.14078227621069994
1.0,0.3729884722988133,0.9745577726704346,2.6635551870189893,1.4859693557254314,4.667406804479035,1.3390763208400838,0.023132861875795108,2.901611517621605,0.6502193135985821,98.91808876595589,29.25610881276136,0.11762110037600026,0.12192220792803421,7.0,0.0
1.0,2.3855170096168936,3.341380771312271,1.9920866069756982,1.1451084822816926,6.274998285304575,2.1981583403391864,3.327107922871548,3.224711547324254,0.2791555872328373,26.582212606803587,124.87190992454202,0.43635721203571787,0.44211006096140093,8.0,1.0
1.0,0.8708831379258297,2.5407239192392947,3.8342824820261026,0.06133029523544131,4.892995346052915,1.027794557479744,0.022255645466216833,0.7337886381358172,0.886719665479871,37.313225273246374,85.25277339700995,0.17681624683579533,0.3915548268615049,7.0,0.0
1.0,0.9293503251195654,1.8302472128670728,1.9900428809868944,0.28448682970259487,2.66293681627565,0.8690998953433154,0.10486792716499238,3.5929050029263454,0.9299295672753511,72.61035518786245,16.76609025277308,0.3979818997153194,0.28633683028092116,5.0,0.0
1.0,1.3143325859615707,2.262690104692782,1.5066273707264668,1.3441764327788388,1.9283140101425809,0.6049551455667029,2.888949122455503,2.9528739252199028,1.232227473527094,45.08883261643727,15.18733874134448,0.18697623117424295,0.9610632631996784,8.0,0.01363434108574757
0.0,0.7160503675928744,3.2552553944449536,2.297505407242496,0.18915481040725068,9.477821749873568,1.9530853873678677,2.776879045803289,2.8691576313141547,3.496216003689568,8.782730911597051,108.49722571921419,0.14562396470751354,0.3793055913517931,8.0,0.04383083295616308
1.0,1.187812709889545,3.936814703393511,0.07162221255075885,1.08069950058383,3.502577461646705,1.9052178194722318,1.2952155796544789,0.13275983628011145,1.9602294896408248,47.87083322935806,81.78672414086998,0.2749892678174218,0.4531687959373033,6.0,0.2233790802235348
1.0,0.7755825133751584,3.7159120355629507,1.153953652300848,0.752073033291742,8.976769545526999,0.9334496738160764,1.4267356561115996,3.4229589152795445,0.7695762625287523,72.61811934477565,121.91063562584625,0.4073705203122905,0.3358202116871678,6.0,0.0
0.0,0.6357819360617667,1.8528855065455878,2.6113454794379147,1.4983417719575851,11.710483153547628,1.9187056652669467,0.9497495257104842,1.3361917287460114,0.8717200055011065,24.698987803352168,32.02347783414181,0.41105182305575527,0.7221350667111447,8.0,1.0
0.0,1.0420606415136926,1.8970307947781064,3.003112274763872,0.3471598954099,2.949218098965648,1.450591445658641,1.9979127335189828,3.315524709444324,1.4803057969531639,9.901847745087732,63.101665079895994,0.022153510671179155,0.9540429025061187,7.0,1.0
0.0,0.2379048252012525,2.899502953291452,2.9811512114515257,0.9982706840870341,7.204107330655663,0.1507197521509282,2.5312437450288425,3.4549477732293,3.527429709968283,6.475568259979234,108.20503919753332,0.09440622000808796,0.8513703071102934,6.0,0.0
1.0,1.6113042999893659,3.8770104986878193,2.5819320450249,0.8483277899240396,7.778235505991235,2.016661105088802,3.4869753293890375,0.5078490376375049,1.1505339903274465,12.289727534073162,28.8706503968542,0.16296064532395527,0.7939188087557185,9.0,0.5760314222810317
1.0,1.7647476153016672,0.622529679903129,2.735618159705092,0.30203144285692796,10.640310116712463,1.2367303997009875,1.995408997557809,2.5131322647460985,1.344391376267545,4.491357415631808,106.4800270517423,0.2931354695001914,0.03136127254365151,5.0,0.0
0.0,1.0161139747732308,2.0094476904793925,1.6095417981111169,1.3191545295685851,8.839642566994048,1.536529337471946,0.6085958897546062,0.5504296059728118,3.8648264637060143,43.887036254196516,117.54051223737233,0.01130867406124525,0.7054988040094902,7.0,1.0
1.0,0.8087618978764868,1.1645538957779666,0.48229998401466156,1.9632559121229964,7.170033822983134,0.15724918652406272,0.9474621532997216,2.7903308396779303,3.7260669753912485,21.846025086238328,23.493705314261884,0.25541225335118545,0.4324572308957103,6.0,0.4949921406862463
1.0,2.326750581258397,0.5102251390051604,3.4554485778937516,1.8238474395269904,10.321791777210967,0.19216403744653665,2.688043048276023,1.114086565617538,0.5090778336046591,64.02853145959806,124.92229898169326,0.4670872387033844,0.4316878032309063,6.0,0.0
0.0,1.673904576152471,0.4875486504062163,0.8424578049431259,1.2861776292257436,8.869965843724334,2.1470016690445615,3.69151241674364,2.5463119075835317,3.845818588107261,0.05019503339227793,87.58513297252735,0.16476666409071922,0.0032597141974077815,8.0,0.029419455483251977
0.0,1.473804551500889,0.7685861191364394,1.0261099443629704,1.5452686326523752,3.2059241110063867,0.4209392358735192,3.098904835046201,0.7029224638696814,0.7642295993983526,40.401305452288554,103.56116900378817,0.4256248153516164,0.9931275360354257,6.0,0.3975020981318703
1.0,0.26707588451123004,1.150552984532636,2.3958440042001103,1.6385533173093032,3.982199052684531,0.1331767356202121,1.6195832886349204,3.2909982211303195,1.4399014737696811,25.36738130674121,49.33400332919917,0.4957748125001211,0.9173748471434912,6.0,1.0
1.0,1.6254575781993685,1.6186848471040958,2.1589510077963463,0.9442782074459362,7.47176118516345,0.12932361367790024,0.1482624187574948,3.1295544273059055,0.9417003619337421,33.87593824328704,39.41919069854086,0.3564253739664107,0.8753810280824756,7.0,0.0
1.0,0.7402915321799861,2.0873742349814117,2.5813569979755298,0.9470238200752341,4.0334840953330495,2.4169471523648123,3.175622448342826,3.882479628451038,0.12753593782356454,64.56902742069603,12.462805632984825,0.4186183226454441,0.9644756314866894,6.0,0.0
0.0,2.3130664820545768,2.3636257371543405,0.7357611300562721,1.7256293104192642,10.201678677463821,1.6261264851232473,0.07359844326772436,3.3417216312641886,3.3746196208376666,54.68661245106503,118.405943262646,0.31072501992800305,0.7100555050112486,7.0,1.0
0.0,2.165286233451136,2.1675890652516334,3.5079202402008716,0.10593397754173539,0.16701844556062317,0.9778471172912542,3.3091158316512015,2.9214570613979935,3.535661008581921,60.96556204383527,4.742357275524814,0.23565742553832286,0.10031656106342057,7.0,0.9313218950238383
1.0,1.6444224520389061,0.9986412733846164,2.108502803836907,1.2884831725227253,2.2522245439728206,1.1408308834740426,0.28110896339237934,1.227660666561568,0.966091085682804,19.38829538672937,119.9982456179463,0.09450229935582921,0.38842257743995356,8.0,0.9854366726130336
1.0,1.473369925745431,2.0444501719651678,0.00698810760678148,0.7880458272291018,2.6943657158679004,1.923811804377453,3.3444133715087823,2.1359231504318275,1.866690505555781,101.31440730693446,124.66415237193229,0.34713250414415286,0.6908638984300941,7.0,0.0
1.0,1.4641932670850022,2.7099883257094426,3.357959284019887,0.7145767517057651,4.234930816221077,2.348291404293514,2.0327670124297126,1.0854762932211117,1.235996780464629,5.065218606119235,60.680895013280235,0.22237635845684,0.5822321237054475,6.0,0.40132616392994147
1.0,0.33013332712392013,3.1456431083044714,2.224566814872513,0.5736947984537879,0.07947272982627807,1.0533123428318925,1.5472974949543783,1.098907244828077,2.7952475421865315,100.92318318312576,83.27340195398759,5.802274216271108e-05,0.4406867472982895,6.0,1.0
1.0,2.4679949699780015,0.7635614188780129,1.4809754564100457,1.8161951366987457,5.9358123110523255,2.077203066180063,1.8475495764928285,2.51139882863103,0.8551017982666016,99.99825415711724,112.8062809328943,0.02876833794947703,0.23902528344163698,6.0,0.0
1.0,1.6238350101093486,0.09054861562216665,0.2987100791975936,1.3850931523674885,9.50810723626081,2.140756009790186,0.7882207611745478,1.158565201906523,0.04294768524584969,62.325330793932096,21.14530324577221,0.29127722990642496,0.5675276444870678,9.0,1.0
1.0,1.867679248740247,1.8166410178322803,1.4647888826672228,1.8095235160656782,1.851181933438152,2.166739275954071,3.8142314509268953,0.48023905462771843,2.7863967031631174,59.51925126843108,109.91967880720095,0.3542341034687814,0.5268030108925277,7.0,1.0
0.0,2.0968553898079865,0.8116455625955643,2.104095098762441,0.46270101706596223,3.305542132444563,0.4938068369461321,0.0729715651399161,0.677285839175839,0.09743080396335602,36.64520959480401,113.4775688152035,0.3709485472739621,0.4041476040050185,8.0,0.7252279263333808
0.0,2.3904038308365263,0.956383547378187,2.4647290263790373,0.6179099972758924,1.6183295058954439,0.009483609145953809,0.6913494392847803,0.29811990824364454,2.121302894462894,0.6774761991262535,94.59433713046225,0.12941696802519292,0.6601094118649935,8.0,0.0
0.0,0.38771149181907744,0.7084126280393015,0.13979177949103594,0.8349040641412093,9.53325671205518,0.5086716271587712,2.0362250456689805,0.015412343000535067,1.5074356313881525,82.406031406776,43.86815627521734,0.16272188670644844,0.1979199961088881,7.0,0.0
1.0,1.2382567643229585,2.931976568939553,2.5267710431812134,0.4779522182982161,7.74715679267652,1.6888456474256337,3.3529759990972106,3.114837798171815,2.4017086427921925,30.92194865124144,99.8993035100755,0.3617030578611096,0.2396316765174038,7.0,0.0
0.0,0.9178700159545796,1.9528874984462585,2.1127122805623055,0.4835268105083679,5.301293410009457,2.125232206921427,1.5334412463629459,2.622646948863861,2.445685373139011,44.63917798705636,60.438985500586085,0.010334310455575924,0.820017081936172,6.0,0.3969638001237715
1.0,1.3393545445277841,2.6392153832369813,2.952272533360058,1.285768374096967,6.484880178204223,1.2876374542355518,0.8635921424840971,3.2578592155693307,2.3603884227966367,107.11289150230766,120.7149127570222,0.16064953023504402,0.9096731410375529,6.0,0.8345571609030572
1.0,1.6185459745360828,3.3475574281613767,2.0365093106698606,1.775356752780833,11.799425624127236,1.4144726682133315,2.649552251522552,1.692369363993914,2.1997055099765785,84.07204894739122,75.83518000184743,0.3826636439969255,0.7805121848046824,8.0,1.0
1.0,1.0250189307441127,2.6375611354667226,0.0023465357349019555,1.6325833523289546,6.400630821592532,0.5078125595383056,1.943160617143418,1.479504505764135,2.64880243208796,8.485325100951263,85.87257513902824,0.462412794483087,0.3352829902159541,8.0,0.4728112613052472
1.0,1.8711139755318376,0.5298697969408996,2.5079219709023493,0.8133552087840388,8.839323774075371,1.8093981441878284,1.5672688486301998,3.7632543565178014,0.693182987402019,59.54631516431289,89.19185836833684,0.4086217656249768,0.0372606376780259,6.0,0.8963311895560955
0.0,0.70524022069053,3.0734797900909077,0.480380243616346,0.6009355691328411,0.11431515029360773,1.3792923723563155,0.12203745109059794,1.4810020439128855,2.3295943023529175,73.42211528479616,40.667635206248995,0.23410916079381888,0.08751084251373065,7.0,1.0
0.0,0.857572600563614,3.1381307466514596,0.035115481941714766,1.5400882110102776,3.933798519389146,1.0187561121135937,1.2524871073317319,2.835543322869641,3.3261830227949365,123.58010377955235,55.29313997298094,0.20585973450161205,0.09541656073855642,5.0,0.9117452714297098
0.0,1.4615662262032085,0.6525040764472063,3.444041708875398,0.5898259940993205,7.3457398082902765,0.6903974851759653,1.3392236371778594,0.29615485307242606,1.2345736279246409,48.430899974073846,41.25123745962828,0.052353920286107136,0.4143989269215893,5.0,0.0
1.0,0.7924186384024906,0.35805213976691963,1.3164527614432555,0.7648954648612469,6.093898599212991,2.4554574008200323,1.484800121658132,2.0157151129578197,1.9736746183961325,113.97619633568308,11.065481247232778,0.26431730073234105,0.2992429615134746,8.0,0.8992568877562709
1.0,1.5135767742509292,1.2047453919659157,2.800346405314543,0.5096663562947943,5.033862444219543,1.988542130614369,1.6179232691670458,0.654722525283447,2.709044997526235,12.118159595645245,6.588690853902637,0.46940031327529774,0.447390868506488,6.0,0.25831278100374044
1.0,1.115818628758232,2.776541008717442,1.424073443215526,1.5773511725148672,2.2518099586204134,2.1724808317104314,3.2488754322641125,2.5936933025419107,0.02534393856784023,42.225566339447035,28.238872194116347,0.338541351961792,0.9438977568032224,9.0,0.0
1.0,0.5933300082501622,1.237639852508694,1.199666376416181,0.34355949428278754,1.0391759290341689,2.3684214433782818,1.206885549943379,1.2946511926381783,1.8843586893403503,81.4398925137823,42.361677441915106,0.0952918060198687,0.596117737837157,7.0,0.0
1.0,2.2217979137570403,3.843800460607442,0.9252987453182815,0.09370446229765261,3.543495950678628,2.368908505356405,3.738426253707818,1.0687633335655349,0.8578462321494906,33.80228791814806,104.143514270565,0.4874935619645704,0.2801546869827811,5.0,0.0
1.0,0.03386016843773931,0.41247590312985727,3.788837109460061,0.7438532237780275,10.91454972696124,2.0905133489154086,0.5385775828159631,3.804349159548656,3.0555690370627184,78.04789856904429,100.03937946697012,0.3488097793458026,0.9769401606808914,6.0,1.0
0.0,0.2255163950036837,3.154114703931867,3.3263890454891647,0.125184457880108,0.09702725954441105,1.1588346200103463,3.1548815155267396,1.6483422329112574,0.2597516676692564,85.00467239746017,86.68767348916379,0.007716512971050082,0.6041649269528676,9.0,0.6780953252649748
0.0,0.4053202823402319,0.8329888639660101,0.601964119791274,0.9972263896077731,8.440722915195177,1.9452321672902855,3.2413307191022005,3.903761234384148,3.574398686957972,85.67156827945182,62.94446975192168,0.4933746021659986,0.8150927354545735,7.0,0.9148959437322267
0.0,0.7555311610382123,2.3474425726838093,2.482110428269509,0.7132687600633316,8.516293362862541,0.2901596986591165,0.01754859004030651,2.651113323911423,3.318334744629174,20.78127843148571,6.615814687738849,0.23761652145010637,0.31143053243994734,7.0,1.0
0.0,1.493321504830212,0.5379461271941963,0.4863771304713298,1.8291158085303467,6.564108981017814,1.713814770841318,2.73459763492135,2.5172237292303636,1.1573371167140585,14.192219016710778,28.248489881865428,0.38021458161730287,0.05970090041506115,9.0,0.6927126095199247
0.0,0.9431128581305801,0.31964194786806566,2.8601937915459157,1.2366252725780358,8.534611886209143,1.5793678386411483,1.7783804555735885,2.1397950557986043,3.9324524307847577,123.91271455139655,55.07663811208155,0.49593848827527215,0.18332507242357476,7.0,0.6037050253676788
0.0,1.9577454175269633,2.8097773257218885,3.2167460310574927,0.7288524729238266,10.806093698381627,1.521831919068607,0.40488797732174353,3.0124493529995684,0.7117930984488967,3.7240371833370673,121.72255634635653,0.04836314296159078,0.982118752911633,6.0,1.0
0.0,1.5680031331172108,2.589019438814757,0.42500878240880713,1.820363596464092,9.74809038407368,1.2886450948701338,0.3789092795332172,1.885914496454467,2.108639446750052,77.03004327887275,112.44955409275077,0.3819547890717566,0.00192737673467136,8.0,0.017842283356312882
0.0,2.331687447086757,2.6949387891945658,1.0370815610973878,0.16008995048892083,9.98380819760566,0.9750747715222843,2.072212855301503,2.3057047461527045,1.057291256495703,119.73148639584399,12.552004155293922,0.3580983623950711,0.3822245161416954,6.0,0.0
1.0,0.16791302878518433,1.4270334972867973,1.7615532243760192,0.9586851114924124,0.15703297309076447,0.5268807395690054,2.8464138834384096,0.5479356200779151,1.289096528174548,54.596526748857485,51.84182799743442,0.41884547006894773,0.5911255873387002,7.0,0.0
0.0,0.48989367639497655,1.4272882227389405,3.0965569428316955,0.4973535332867174,7.745068997945948,1.0477165015484808,1.9204455399208151,3.784166488571636,3.975958658651144,76.45196834637304,119.86486828952881,0.17544732559697118,0.19175894790998715,8.0,0.4450001859369619
0.0,2.4198033838220896,0.8416858722408529,2.1965980782837105,1.161828496512349,10.751628320294195,1.8495172527346324,1.6725461002054396,2.6567443645630346,1.9900500203388107,86.57200449453612,119.01154448729612,0.03789839664179312,0.26280170877429376,7.0,0.0
0.0,1.2882494836817107,3.48072907357276,2.108173976621631,1.117270615680087,9.34309135874981,1.4272151547617498,0.3527980973945768,0.7537401878301293,0.2092877763349379,61.848294346903266,45.60711365639608,0.4991299230686823,0.7530820701466372,6.0,1.0
1.0,0.19738497435761226,2.0833346616329758,0.3636602546930905,1.2546419451687698,7.193615598291043,1.200171293759319,0.19806932161299962,0.4341783964233401,2.548442537009673,85.31193004008603,17.715564311106075,0.05889138011013778,0.24735401681242064,7.0,1.0
1.0,1.581114226268327,2.6250797699662303,1.7664339640097628,0.6293257024478776,3.870594990670245,1.649574162033983,1.4826840109053299,2.554598910950025,2.8493155109677826,6.205380054069842,91.51783204320269,0.053910367739843035,0.051694190187362654,8.0,0.40823426197400337
1.0,0.3454197301273082,3.19404746968073,2.4965416467907886,0.4397153710598638,10.006715312966302,1.729673244038351,0.5166967067362278,1.2160515011217852,3.8920316106381994,47.301276632588305,16.282440906491946,0.2440387468936871,0.6627478833405775,8.0,0.0
0.0,1.839848503276347,0.8426933838094941,3.6306804010674956,1.380742095737744,5.166767474473751,0.9983203636970489,0.1707877322099347,3.779064601385236,0.32544615434465385,54.71000388122858,7.3651297031362555,0.42916806602384167,0.22556214767035432,6.0,1.0
1.0,0.4771585827683597,1.404525333541851,1.615799066522977,1.468340129910309,10.608526142916446,0.955621822093014,0.936193499734268,3.938134437113236,0.12295359272321571,120.27327801452574,72.33575115191209,0.1563793393585276,0.1598724755913855,5.0,0.4583352490763919
0.0,0.4292108610684539,2.414008376298803,0.5563227982455867,1.8828444620315958,4.1798854945928365,0.07597436400717444,1.8754827594482433,3.130555864814387,1.6310965731596103,45.84674604925153,12.95368015524205,0.03914758989358735,0.9034165673528565,9.0,0.45306475752699105
0.0,2.116534567119648,2.5266299476335163,3.3319692053792775,0.06952116556462484,1.4507955560082522,0.4754281007948233,3.749351763973967,0.09515828333611465,2.4708265420903683,32.490399979269505,23.870231970658836,0.1013280525063191,0.2869729856173392,7.0,0.012104002109699197
0.0,1.3414625598353538,0.9182196908025841,3.8136271449875916,0.3434556017569632,3.717146216637344,2.304009640526852,2.247104368410543,3.8503459552535024,0.2763482200887286,78.61935261633062,91.31435583372108,0.12168268431245077,0.5782423633993284,7.0,0.8223128962886664
0.0,0.8172622786634862,0.45303007897778524,3.0762574377240384,0.34471186091235695,5.4802324748048505,2.155687760098427,0.3676387443212952,0.0843259544614714,2.5610561793903006,122.27386940923284,73.17390063607012,0.26531808945929347,0.49260086492901356,9.0,0.0
0.0,0.5571287856960148,2.1562653226427937,3.1761447558203724,1.4421548915884825,1.938615835964418,1.374407960213531,3.105481684203318,3.0810327743618604,1.2205932408533497,96.27585334158694,18.06138692180671,0.3678920916499958,0.4881043700908557,8.0,0.2624683016019568
1.0,2.303751245642873,0.26685825510952244,3.4567109213259033,0.6391864184659648,1.9588213765644893,1.2001626897547522,0.8324884599047704,3.7678970645017964,2.252465750959012,72.52560748922664,83.67451783984886,0.2857266479296588,0.7960025238613151,6.0,0.7891735166640068
0.0,0.6331133795552901,0.8297653721436262,3.51799682497587,0.6027434381055394,9.348172849912338,2.3350017113562247,2.0623754466034234,1.9511960749074748,1.442390982236839,76.89104243616707,111.52960863369483,0.28052606691693127,0.06877051817068403,9.0,0.08440738372488155
1.0,0.03458147773932774,0.5951175165407303,3.2278661544142166,0.3164676984949213,8.37864918417197,0.8170414149964524,2.1577998882625207,0.8346294930350786,3.0942056218625518,75.6974949549867,37.633809903645066,0.4618602213537806,0.0748223283930829,7.0,0.0
0.0,1.9812404746635592,0.5814250242524168,1.8266493407892814,0.42340315919827276,1.7242149660964787,1.7048311452050662,2.8640067047501656,1.2342798782089686,2.4974632702300927,52.837945865786345,21.787522254357206,0.29173058334090696,0.5754981476318178,5.0,0.0
0.0,0.2694054649011385,0.31572567460113055,0.26328185018151107,0.6918583677306911,0.7749429482629853,1.286891767047377,2.325801051928019,3.075115855974551,2.8680759876486555,121.14772026973756,44.60735283485867,0.16821445995257756,0.01146652965350603,8.0,0.0
0.0,0.19078564288250416,3.8722170601045836,2.8367095120829995,0.5675930979699417,1.9044683190880396,0.3120236303813176,1.8908663848401184,2.382461275192111,0.5930936906378728,27.23459747466908,100.96552024052241,0.37666356435610765,0.0697976523810876,6.0,1.0
1.0,0.3391869594906388,3.353926260099452,2.1479864850769763,0.42702357233118104,3.0907215564714225,2.029883098619597,2.0801848760126616,1.2486457677562424,1.602651703197318,77.01958352303986,71.61847803478989,0.0822843149973232,0.9718242137878144,8.0,0.8560067209418196
0.0,2.003193777748118,2.517545517668439,3.0226138101314683,0.26392341939050934,9.163911789334685,0.8097301852172869,2.6562506064038254,0.1497765214924267,1.8192925245505238,0.008788116489230613,23.643821604664147,0.4281113145373233,0.7416138271108168,8.0,0.24265850413665413
1.0,1.3380229792864415,3.8242674858156565,2.4502673401084345,1.8308195813293129,4.174837105304617,2.0007349629231235,1.069041468114324,0.8519249408159495,1.1442410581938534,17.28485215613926,86.17104172183821,0.006169115515297197,0.9512280606096274,6.0,1.0
1.0,0.39273411151677706,2.665365139783831,2.397443072237158,0.4783194793658503,7.127545492189424,2.0463876580214664,0.4790869526300363,3.580508025079508,3.2398311443042074,16.868627766951374,16.057252419266213,0.08299064411146928,0.7212462604256116,8.0,1.0
0.0,1.5599923031740217,0.7231996818721553,1.0228753276118496,0.5654519186389295,2.1857107239585756,1.7312114545886632,3.3996831621099366,2.3436364351544325,0.3987989198157327,95.15418147778888,60.939065360570865,0.35224392621942685,0.4027657817007966,5.0,1.0
0.0,1.1856944427956708,2.7857777150917147,2.073071334317634,0.20058528195182235,8.095641646634673,1.0116292315416104,3.0049299823157276,1.4284965805048975,1.6417956554009145,54.62949168572061,0.8882045602509048,0.025606110614622812,0.32100079355489786,9.0,0.681003002852907
0.0,1.7387209275222237,0.19175514234620916,3.6111461902425375,0.31512448588759545,6.293736284871004,1.554992850849035,1.701248274913874,3.757793883763792,1.4678176711062778,55.46969925735951,14.512021046241205,0.003231089131898568,0.6356226103042572,8.0,0.5790910595162122
0.0,1.022776835075243,0.7282322649011315,2.5587329556749814,1.4053468078188964,10.067352039935106,0.02787096108156223,0.7935180613219766,3.9265674062583424,1.9605635499544936,76.75970925973247,23.180109817150157,0.36712034002604543,0.0612560834034136,7.0,0.009807608221772957
0.0,1.9281143713004913,0.40303815526898035,0.7256807797844482,1.7643223186710135,10.768034413856558,0.7250292664277378,1.348007897422598,1.3485693520583135,2.0878964177194197,5.369637838831265,43.83283704230574,0.4182792495365914,0.20043376667116486,7.0,1.0
1.0,0.07416461913510336,2.9415662047807456,3.16053197025071,1.9496949367399434,1.8605161633510598,0.359221766789011,2.5409019489263014,3.29810976177697,1.548529481797083,52.635629564094344,91.97739528265816,0.4328553140426191,0.14539383921198368,7.0,0.5611337133669743
1.0,1.3423763019734705,3.617221528003414,3.009676728686434,0.08945214989216788,9.097000916178223,0.4924927649022026,2.4500346025335693,2.3900591080845093,0.7239062428501843,58.285538298991845,84.33533646947457,0.4534719094861531,0.19604173411074588,6.0,0.1263651754526739
1.0,0.4417737198453259,0.7144983161299701,3.668702142113316,1.9710832355877923,11.74292684389281,1.0154386717977173,2.1594407177792156,1.606568676779049,3.0714842868498873,17.45219231829448,14.54509939835076,0.3713523063650872,0.004473653508752062,8.0,0.547048572391019
1.0,0.327498889730492,1.821866751232038,0.30833072161616437,0.917911491959644,0.67669392777827,0.14313148139621257,0.24413658214278522,1.282908988122776,0.46238318193508565,123.59164700080764,4.223969609910435,0.4360071443921473,0.8294697836951247,8.0,0.5373596815224891
1.0,0.711059631070047,3.9347465825816617,1.6924843768891322,1.8704888945173865,7.380151231096264,2.4800152414301877,2.9837850119936196,2.0619766975411298,0.2095316752061609,57.01311688272408,121.03881197699779,0.14889827869130895,0.9920816848157207,5.0,0.0
0.0,1.5805234814704519,3.9367241810387714,1.262779415818195,1.5597585202360813,5.420663128540582,2.3742574082088312,1.0726392146156276,2.391882119865297,0.8958425959336616,88.04417591872047,105.88121263872226,0.3406958171328783,0.3500950116843,5.0,0.8824431654305452
1.0,1.3098244782845065,3.5690444092407465,3.0864749948029973,0.902667151022837,11.151070394630718,1.7714198392548548,0.5431677446755967,0.9762403243326321,0.5085529977600554,8.90274683157899,54.80810433235257,0.21505385681254907,0.578429978715208,6.0,0.3070086277253141
0.0,2.337869626181608,3.408956138175801,0.4667779986823364,1.3893385674914775,6.973739522131951,0.5515907765572486,1.3577162616043394,2.2739353922838386,0.1275792685083288,73.8281399444886,47.854215436529735,0.27783357224785066,0.29079116396884064,8.0,1.0
1.0,1.6663039291550334,2.952694699016255,0.399394333085044,1.2870118417435898,5.468559199787178,0.8944620858134933,1.090966986300776,0.03914100768610762,2.509112929659599,116.75127946952011,90.27877002600904,0.10086850027545269,0.6014200907836925,8.0,1.0
1.0,2.05902627927515,2.464180862895511,3.4110942641300217,0.46727653344945286,5.800038222535854,0.8198286486305082,0.6746056771207893,2.9464973243732033,2.199492957201982,2.42035903966574,47.81411655708186,0.16735549956736395,0.35174482257404716,7.0,0.0
1.0,0.986398873021658,1.7255180762532922,3.276078161088941,0.7390541232280556,6.2913457244671305,0.18213924683503163,2.0698242197727152,0.2816308742331257,1.8299917564789734,56.419999591006686,119.2555818176297,0.18632121259966722,0.6158723699064244,7.0,0.8166846194235216
0.0,2.0217685415857973,1.4427211688595438,0.2171927272844969,0.32732185059232144,3.2298341662495655,2.058991555932887,3.452522485243814,3.177307297233061,3.6951439301723337,119.08035751606458,78.99748272248075,0.2431976545185352,0.9528946209966789,9.0,0.8494403296040722
0.0,0.22688413269111612,2.9251029011808574,1.642598380568208,0.44658173756963193,1.6650254056667748,0.3527227925298504,1.9295844616921043,3.8479719456574397,1.7216300281375152,57.18933648752795,39.77658952627795,0.45643175214295273,0.6935750980234111,8.0,1.0
0.0,1.8936173124010907,0.6947094061759453,0.8573566278572424,0.803500339194265,6.43132900968479,0.38349225309509155,2.388839239425874,0.4912913704422528,2.570130820772869,53.436054477688494,100.8263602474819,0.4865755343307707,0.1070254647033444,5.0,0.19553996372083415
0.0,1.4094138426591831,1.6259698241937528,3.069533025428725,1.3610066656822852,7.913254507699273,1.8934657603124216,3.306626720143963,0.6406276506857238,3.057669963749027,40.016919606344544,75.5531695573754,0.05342740087300424,0.9692341608607841,6.0,1.0
0.0,1.7853286133958957,3.5469447248434762,0.6855082493607298,0.6301407414184517,9.274733706396312,2.1089264782436783,0.45882240571487065,0.4931681714809488,3.5928115192336962,12.09936221610157,85.39758060505676,0.09764529544712913,0.5845223457977144,6.0,0.33224139529673935
1.0,1.9986766416019273,2.001684626681065,2.9571149855895387,0.5263793428273722,2.557118668802684,1.8257700651132633,0.44121917569471636,2.0079501617028988,1.67222132466271,52.3066561798525,81.55075975833007,0.012563453551102832,0.8428753933553905,8.0,0.5615140451367995
1.0,0.4015984814202145,1.13262595097078,2.8906689931568637,1.1105864940624781,4.395293435275432,1.7838882849700348,2.837332742316219,0.4429042811223529,3.849025393779322,96.21797748503317,24.736566458876354,0.3222495505053046,0.7747324226766963,6.0,0.0
0.0,2.22341460336685,0.3479315581691713,2.9212054486130885,0.7143936733052965,0.8608947723343814,0.9760845537060076,1.6434337642673245,3.677928064239363,3.1014515775722966,61.34486208373752,115.5960171921739,0.33724580385599817,0.7222632111725585,7.0,1.0
1.0,1.2789692490034767,0.10709557562875016,2.646665154890624,1.432458297742092,11.017624237739277,1.6019576167502634,3.5125637403772663,2.2249393135600153,2.400798607609073,10.869502590231061,98.01685173861763,0.35226412708522986,0.15679997384777267,6.0,0.3136715366957601
1.0,1.0616940609892835,2.7005127804375118,2.6280243117215942,1.3366806920673644,1.7516846157019375,2.107856491234855,2.0941941270168054,0.44258021257164515,2.8851274866237864,74.92684695183233,5.6813453517212675,0.19807434127707696,0.02283843464208324,8.0,0.041373189592847526
1.0,0.20062970773759375,0.7588165882303226,1.1072402437386906,0.010016465407893138,10.281584388822504,2.0183650639284534,1.3104698496411942,0.5236616891832133,1.9362767238723895,118.31239001660708,117.27941896195374,0.21974836532322906,0.21942276313903875,8.0,0.0
0.0,0.4447990679055097,0.5006295701159456,0.4169342979939681,1.9708483363456675,0.29885958872269125,2.0250161530719724,2.201197669468235,0.3943961399082343,2.1360814129863277,101.97435359501678,123.56186932481648,0.46660783659694205,0.948296671356002,6.0,0.9671144689420073
0.0,1.2560206781260999,0.07343296088086237,1.425880207099568,1.5476231304285508,2.258096052974231,2.2321419797331137,0.6642491433483637,3.9609399855806076,1.2791509146785796,99.13003473563442,68.47734355577816,0.40218173493859083,0.5188972210967021,7.0,1.0
0.0,1.6174366742978434,3.0094558153838347,2.691263208232132,0.6212698354205171,9.559846324010348,1.3525449030135572,3.965259829322431,1.983823125423024,2.503555991140538,115.40981212887155,32.401731445769244,0.4381100844123179,0.5627896865755814,7.0,0.0
1.0,0.9297347005064784,0.07112446899973746,2.4379926832981185,1.9038186678603506,11.752018908046406,2.3507567724074057,0.4841692093515251,0.10831320591651217,0.9588034822643485,17.521194345205576,95.86339311675187,0.2396106106931949,0.6229982581394669,5.0,0.6809683746357852
1.0,0.616598739621888,1.3891115677353145,3.2549220581480722,0.7160451592166728,7.865042167992688,0.6556699790728013,0.5914414785028868,2.150968581224725,1.007339536810015,33.33077907002702,45.25846137246322,0.3988037158085335,0.5412305272307822,6.0,0.0
0.0,0.547862529000126,3.9619829751845046,2.3630889133769624,0.49907440045785223,9.577062109354777,2.0807554243682986,1.376430397672832,2.0329667528853013,1.9587689184062782,81.53024379595041,43.149640552245295,0.23813685763783404,0.5095377989267138,9.0,0.0
0.0,1.7039142576261974,2.0117346324130407,0.8459895273427294,0.6182618437292844,0.7383981219839852,1.8117263695546937,3.0778161703933087,1.152404733096235,2.2230105962144044,100.72125658144068,124.46903576176298,0.3007606204954384,0.8574439753744393,7.0,1.0
1.0,1.0121337888891278,1.1912442358308395,2.615075359403773,0.22793664258555824,10.300296711771868,1.1610976141925375,0.029308323132834158,0.5496179187257115,2.209190223307627,33.03871527262907,55.316131111062745,0.39107756686807654,0.7684385987984726,5.0,1.0
0.0,2.0251593323469272,1.8756176648331415,1.3226440096063263,0.5183998250541808,9.20205969693443,2.3311227515905046,1.194321675257732,3.7558976201840912,3.762677007114609,40.89381764404676,99.25588125095331,0.013312435465581918,0.4245242525365178,7.0,0.0
0.0,1.1527104923422238,1.1538367947483796,3.1457988828337284,1.39922350906307,2.8785012801476366,1.0690172336181316,1.7916445008458681,2.267619396023595,0.2874406835417527,107.75440737598866,89.11174538985962,0.13236795871083107,0.06224503037067697,6.0,1.0
0.0,1.3246263042386477,0.331713438965366,2.856655528399922,0.8144144369833368,5.276426886563224,2.020463889047243,3.244519240006812,3.725912553233831,2.537428985609022,99.41966432153825,86.59176984780798,0.19570854954534678,0.7628357245938611,7.0,0.174731578978224
0.0,0.733156840270211,0.4263313197222427,0.5867940412547972,1.9135460652489682,8.623280456054488,2.2852781434788265,1.6275896351179289,1.9393139368074168,3.0328889577043205,69.43074274035621,59.38952844595061,0.401798975555568,0.4381055176460502,5.0,0.669666737414687
0.0,1.2886512104484464,3.899204891357169,3.277180905742696,1.4458188900273394,8.430342623868542,0.34354182197937483,1.6702946284598195,3.32900218048162,3.3858844737235803,85.66918953979223,85.23408231291012,0.47473907581127256,0.6998148965077229,9.0,0.19614695627312728
1.0,2.0041271367324165,1.8145134819033117,3.903062604487817,0.7151111123718117,1.3106760338623018,0.40696441999984984,2.5189683135336014,2.0448109999589446,2.7447127681508086,5.824499827913401,42.29005791382613,0.4228749559384985,0.5440509456081799,6.0,0.0
1.0,1.8666445127078177,0.9963001325748868,0.36046967603861946,0.922289186248104,11.665570415008549,2.3608072129486644,3.2688864047336756,1.9785517731044426,1.327328068525218,18.120290410052668,117.23085947059643,0.00439472189163892,0.8425156255803118,6.0,1.0
1.0,1.3244628994293115,1.1304200393976305,0.8118568403967368,1.8757795620242141,11.941175333048658,0.028163522298243204,2.761761156640746,2.4599515990723377,3.85938990408634,97.57557385803776,75.05904226984082,0.13247849389616273,0.32814454196243736,6.0,0.4520585413074971
0.0,0.1447016492918693,2.528182771929272,1.7497285609392303,0.6888210016493528,6.674449805777766,1.810677256927131,1.736662921007353,2.5098861942592525,0.21035666920435903,97.398124434077,18.4457227142613,0.36170471955275246,0.9499068147552804,7.0,0.5933525517708216
1.0,2.288527219888675,3.756144445024814,0.021470345530484103,0.2482014182040302,11.688102038074094,1.5207858108593602,3.251118228614407,0.3198638546720125,1.9209134565236008,32.769142831624464,65.08262997196898,0.12310062472461708,0.4249165781776607,6.0,1.0
0.0,2.226201557764296,0.6513695345583641,3.190985428062384,0.21589262011835975,7.7136578191109475,1.667845269967998,0.7626598906425435,3.601572336602538,1.456845216249448,101.30290763007807,24.933620864054152,0.3714412705718617,0.6199522045633138,6.0,1.0
1.0,0.7892541913077755,2.8023697113999098,2.39297278265332,1.8892302952671276,10.550778687172038,0.8302072850050302,3.470804733523376,2.802515578263599,0.6802001412368837,63.553440383948484,86.2797864015676,0.08746943031360771,0.058198674518705085,8.0,0.5618592197409741
1.0,1.8750366722577287,1.3869976578567398,3.0714477712416604,1.4234807445843467,3.151880130515955,0.408338081329869,0.47152747281888896,0.04378709063423658,1.2995658502007266,85.87317273069708,49.09759433315582,0.036294329563390015,0.6510627600908849,7.0,0.6335679982230491
1.0,0.3314983830511556,1.0737445271596995,3.1330761361781914,1.195330443451374,9.446157325293655,2.0622721897834575,2.355970903085735,0.7781870173951044,1.3885640742674656,38.26693855569926,13.417152153038279,0.31377769416567297,0.12340761025649238,9.0,1.0
0.0,1.6176032746903455,2.9266325520865597,3.889433779560114,1.0964903025953938,4.602025625765611,2.1087996878615787,2.754261665423963,0.7064144644275228,1.0756174396244642,37.42397564537289,10.603905300337876,0.06997950359048266,0.5158016692351152,7.0,0.29080965694603356
0.0,2.2298773560864156,1.6628139323062303,1.1910273800358167,0.029927146188817977,1.6836508675453903,2.290414085522924,1.8421103545112492,3.3062466356510676,3.5032468640405843,97.52092194998828,113.0071817170463,0.3254287240372059,0.1518152539366795,7.0,0.0
0.0,0.7003035282038093,3.815402128344836,1.632818326670709,1.6316694120532822,7.340753468024996,2.0741283613546493,1.1725590655583775,3.176949759638184,2.0559182279310275,32.0396780858595,88.15862072081875,0.3578519799279204,0.17640761618417522,7.0,0.5384373876997635
1.0,0.994881044220026,2.544943398681467,1.733355933263927,0.29160649107181524,11.038474658706527,0.6074455713204321,2.994648628405724,1.355194090678426,2.118477890625368,96.66228021143678,121.92440657246689,0.01840247314630311,0.21632041089790777,8.0,0.844308699670504
1.0,1.9094467922045002,2.5042512216641533,1.3308805164229978,0.11381063546820269,6.48194749017048,0.35944435383076234,0.012000577172452953,0.8262392507526712,1.8779372072853389,112.38073163713884,50.90536643022456,0.4990967309935417,0.172894490907732,6.0,0.2882893874747947
1.0,2.2102593301429563,0.6834917918752366,0.20380073981570135,0.8228588689963459,2.9123691759268358,0.48950977396170464,1.1449482416845966,0.7116817342740669,1.6119420082680889,102.39489431149782,102.50225583565948,0.024718128177040055,0.3907004323675297,9.0,0.0
0.0,0.13202045170006976,3.7878974102726803,0.09918358147588124,1.0668108298116648,4.789758647233242,0.367162802483674,0.7408154437055505,0.9238836759809654,1.2847740578548486,94.03164035747706,35.06549423414388,0.38679112015405165,0.1786246925600753,6.0,1.0
0.0,0.20097449110438426,2.476979425839297,3.1780911672407117,0.9880947393324355,6.068022480818437,1.1430718580992965,3.8131527060690176,0.22039300590557565,3.935355099799654,39.090588352154064,41.00587171520669,0.15041375578765837,0.3831918700969694,8.0,0.03390105973508206
0.0,0.9397569274638793,2.855576095115802,1.3992426388005095,0.8478943141130277,9.994096464178922,2.1474318930909595,2.700297457151326,0.02615518824708385,2.3165224660329216,102.1675398493327,81.1975102753418,0.21254116878539003,0.4416297846209175,6.0,0.5350619321667186
0.0,0.22238071864767034,3.692135800812739,2.806350436558963,0.19268359751797903,9.03243373196678,1.9896890173564707,0.378493119293986,0.6540073715555614,3.1069133399892284,29.445085378992875,0.4203731006527933,0.21361922828726698,0.5406289228784252,8.0,1.0
0.0,1.5316505117220078,0.6883857651702332,3.599191593962253,0.4937703927649293,2.155565708303789,0.808172648674576,1.4570512307720471,0.6155189304495932,3.7404645024216077,47.08032012528759,78.01571332298187,0.3587075912501259,0.6639705616155894,5.0,0.45093895155739894
0.0,2.3609095813007968,0.2713411003115538,0.8477686465132352,0.7407549059390206,8.45279248967919,0.0928729645788759,1.6361370743761987,0.9176825580798429,0.7605790720886376,101.01378438055885,78.04127808012434,0.2291739280817185,0.41581488076628814,5.0,0.5826256736751639
0.0,0.4052404353841599,1.798962497938866,2.0738635953105327,0.9030104176017604,5.365710451255016,2.0462793909917956,1.0400177779039175,0.7491679196307985,0.21584131611330815,76.59418228515736,101.62564702002115,0.051194716077765656,0.6612959959776626,5.0,1.0
0.0,1.8739662508697095,2.1328850104364747,0.9605036435984471,1.0747862634895888,8.675479429648497,0.15841412450912834,3.8817444454959964,3.3057245555792045,2.180251017886383,20.36064240653529,54.03716842274096,0.4942684891429843,0.1689960111821729,8.0,0.0
0.0,0.7023064716482039,2.5867307264973594,1.6400131675470262,1.6060046339103045,8.215474455915295,0.5110779423846795,1.1924693206336587,1.3601972680487058,0.20766528589682443,92.95467630930511,116.53168540963838,0.152006185609649,0.26328120498986773,8.0,0.03198521420137934
0.0,1.6217895995420704,3.9526193077996954,1.3126174363575909,0.3998212716798477,0.3651517924567864,0.14225288225357652,2.1187450374134666,1.6963303068230462,0.05592170226554494,12.811702987013716,124.18368369623015,0.4504383373903893,0.6526873760977705,8.0,0.8991629169015781
1.0,0.08483428140538207,0.44359637632132154,0.016179915447990467,0.4153052804765167,0.6464553299218543,1.4772158174384193,2.652787580476417,2.273891458384338,0.18867317889764434,85.63932589862995,51.25369255283479,0.32718192539954233,0.04184815734419567,9.0,0.0
1.0,1.3986991147521861,2.0575106107237566,2.9091245011288374,1.9907480379605587,10.781305790586037,0.768868449692999,1.8546021257744392,1.8391060771049124,3.3957643475030466,82.10985579978374,87.10060245551884,0.0007654262729784311,0.8673764391494877,8.0,0.850395848044047
1.0,0.9132588282060652,1.5085837219459095,2.954367898186414,1.4526583527496388,5.166012535519274,2.0171001146835237,0.9728759072272148,3.5138316138701695,2.229371879392568,29.537168649055424,21.372349338867906,0.29333549986275287,0.8960205153173675,7.0,0.3574167585604081
0.0,1.803009814681023,2.6019621085576308,3.240828930646071,1.871373728589008,4.023659927602677,2.086922302236591,1.1194061707647722,1.8664876931182506,3.672725202536388,26.287252000461613,51.693553981263854,0.4704449036951522,0.75082259919481,6.0,0.4102302687261701
0.0,2.0566856381831897,0.6697342457759876,1.3912365674431264,1.4147308561134395,1.7605297709490446,0.7845721674314332,3.7094223289983024,3.2578239760676904,1.251326070157769,36.819245385368795,67.90181251656693,0.162801682417562,0.42404272081394856,5.0,0.9416012182381358
1.0,1.5097018003122282,1.4134420387716333,1.0603418997230367,0.47841378399266565,3.505399379228746,1.716331977972175,0.8529417262990986,0.27471893770991285,2.9780050469311186,13.51186214825434,30.634910715599094,0.4358673871564675,0.6691725814717057,8.0,1.0
0.0,0.4282138264582941,0.7312111661205263,0.15593005938361504,0.3311343714157573,2.9990098004918275,1.6563121177134925,3.6531688399531514,0.422095189636305,1.5822474462763174,118.2381863490944,51.50211863409695,0.4920009131682604,0.05125063570397703,8.0,1.0
0.0,0.48629088333550674,0.7133135745652077,1.2584796754663627,0.9125028395794739,7.676473415404334,0.22525364229000616,3.784685833696275,3.7465895917365106,0.7382961403759807,51.91479812611985,21.52628540034082,0.4378680643236845,0.7776425569347212,7.0,1.0
1.0,0.40075828406622244,3.5823016258670455,3.982350527362996,1.0395937438404022,11.12886637277675,0.7510314417664421,2.0406210161162828,3.3486187345299125,1.2714104167057116,2.012822685020205,16.896206505108495,0.3089956971865408,0.7049056777581734,5.0,0.0
1.0,1.7512633637219774,3.196874677496028,0.810142703432454,0.35742765357558803,1.9607994804244306,0.6328234083423417,1.7867043467526202,1.649310607388474,0.7245360635662603,53.19867506501938,122.60143337528726,0.21597064221057682,0.403113575763161,8.0,0.02091320501955274
1.0,1.6831812734201332,0.5387317158819638,1.396118601853868,0.16820816563184304,8.119168750220771,0.6027265812185969,0.20050772114592919,2.066178165018626,2.262711599256034,16.43669514818627,31.07187007402315,0.16249642572062079,0.8581701466074027,7.0,1.0
0.0,2.057061438802243,2.363619082758887,1.080632718586545,0.8082071333023981,10.081407253569669,0.6419984106470786,3.850932745159356,1.3278671699470976,3.981940831475621,91.87693827627737,104.74618387981714,0.4542321643056349,0.41925509507449876,6.0,0.6156893912227086
1.0,0.3202334805731319,0.9139386032447279,1.760822239824123,1.0192581755605747,3.0013896713748927,2.3099214780693904,1.0156982169156863,3.5389959004985543,1.1233068043809369,17.634569927950842,86.78440106606652,0.42394918119382813,0.11161099129727503,8.0,0.7090879932173071
0.0,1.9326741980646764,0.8379891877376333,0.8007871151778208,1.2877572912348105,4.257347201071324,2.042753159298934,2.121334948077588,3.0168390447684494,1.1366678063823379,33.28483091500395,44.73808339877632,0.18215067668991608,0.811908611468268,8.0,0.23356360092382733
1.0,1.2820088527182811,3.5868055981636315,1.8409847070792726,0.6069144902669072,1.308107175961776,1.8751581406538376,1.7232466923799143,3.7442099695241877,3.4202129854749637,2.0869071174976632,19.378498793025653,0.14121309475529725,0.40068864487572187,9.0,1.0
0.0,0.5556853865652969,1.4419932421943122,1.1448548632982,1.1181200418717108,3.2344998783467847,0.16457077811912024,3.2595835822374197,0.5749069070686201,2.116488420373586,17.250413829443186,95.15580413357856,0.16561640710286812,0.4260109463637026,6.0,0.0
0.0,2.060902071664374,2.995779450494963,1.2613169448287875,1.3545102396059179,10.091603063197285,1.8132503102830966,2.5270490270424233,2.558658811256533,3.0850389103471443,1.734286254882686,28.514797940760978,0.1794844986411992,0.2485308409115129,5.0,0.0
1.0,1.6629033984553128,3.938992431745544,2.740347356314334,1.8736980098621725,5.37515093540193,1.4067845200611435,0.07563302000274064,3.5360614424465724,2.6499964187348324,98.40441269438065,25.806548713171036,0.40091505136318645,0.3480567826981139,8.0,0.6865807339442246
0.0,2.481280458493704,1.7991808565218417,0.43859818472765344,0.6688779418196316,4.998246743114494,1.549328873880127,0.11230101246431001,2.6147062941618224,0.7237592129505379,103.93524650705587,99.54295293000189,0.03016223273024321,0.011575718414913672,6.0,1.0
0.0,0.06913770927251706,0.8427627133225792,3.1954430466858614,1.4092700260984936,0.9287598787289135,1.693619195418086,2.156143229337664,1.041452917902142,1.1274749159278628,81.04141448745737,29.147231096582473,0.4215173474540766,0.9630255871655907,5.0,0.49501771270648964
1.0,1.1216050970256122,1.492210480289713,1.9328400063896645,0.05168694948775587,4.020069737112898,1.0437919052882623,0.4595408862330137,3.2243617064968615,1.330205604635733,71.68188759423327,38.86932880407053,0.1325292544531509,0.6700026521360066,8.0,1.0
0.0,2.2209497728022414,0.9233982191744912,1.8053963291394233,1.005550262331142,2.8193235059387947,1.4795559741369328,2.3821747987772293,3.6026533003449708,0.22375944697981254,16.05292511625053,37.943484329166196,0.4996595304382944,0.3811195437127868,7.0,0.541379067507861
1.0,2.0302800873186064,1.1979241651410981,2.0160393117725963,0.07576585062926999,9.01051513204861,1.3271344869895545,2.9766551900031515,3.029880685208291,0.5584568767775733,95.73195766057668,66.39162702901136,0.045093615723233116,0.08036375481868718,9.0,0.10092431338289887
0.0,0.5596738791780174,3.2419789527434,0.5655292135375283,0.565669649629907,4.202279986153929,1.5447297286286246,3.759620693457468,3.7281252733624295,1.9381150050197098,119.20967910658936,23.84989760686404,0.1789433832216078,0.12270946810261507,6.0,0.0
1.0,0.2572962320138139,2.0210405845912445,0.01394159211134971,1.5645844520122072,0.4811860308217888,0.2667955816089493,2.156396911542841,3.407881921687822,0.8821310323974783,9.57316453959997,101.83032587253568,0.20596573885516378,0.8848123018338243,5.0,1.0
1.0,1.9018898239604112,3.0664265827572836,2.5124918931417075,1.4581515806264855,9.06284222827181,1.441937424783002,3.344873421455252,0.9298871327783078,1.1241639291761034,71.4977460527272,102.44669905060161,0.05041676596554023,0.6644395598687511,5.0,0.2230353268537627
1.0,1.7601013513654387,1.318389580066202,1.5959556134993664,0.5401801061416966,6.063290692870087,2.4346854628012213,0.8646214212868957,3.739800611692769,3.884292838954825,36.915778466074386,94.99672899287489,0.02014080549120767,0.8241895666773623,5.0,0.0
1.0,1.472133710554251,3.6442309734279577,3.200714220826837,1.2101320646056057,10.718407585663623,0.2891883659777944,1.1464523458903186,0.8215903916533032,0.6578958609624395,12.732276303603726,37.48704860976779,0.4086764736373072,0.5028578094504964,6.0,0.0
0.0,0.6019917453719786,2.653624541050074,2.7315962843164074,1.110659142425999,9.155902391868372,1.031489046820688,1.0933173554087263,3.8719392248756246,2.1589343225272812,14.339621719949665,57.28957884587299,0.11597337748425596,0.28568786272101465,7.0,0.5084878634584694
1.0,1.6115241710822699,0.6435819007944779,2.7358190681364065,1.3342155371480602,9.911364140849862,0.6433660798092369,0.1283753103052634,1.256129028729553,3.3433077627375964,51.48396261286172,21.39178908928291,0.3665852139474849,0.5398751809784794,7.0,0.7714596758292385
1.0,2.1673314688766583,3.0773379079197523,0.6361263677009337,0.4529745775600196,4.554314251677159,0.43013713991086167,2.5711489850363227,3.3585081522880373,0.7664094904696208,117.96997792999278,54.39880316442679,0.4011002720456175,0.8808443516165256,6.0,0.37844233582282183
1.0,0.29493860598176547,1.5400253385550045,2.3204696711645396,1.035338533874406,9.958044633501274,1.4649555230038374,3.3906636292491097,1.709949138393236,3.715485106874531,31.97247839933627,71.7760551456791,0.41968131712841805,0.5290032979765688,6.0,1.0
0.0,0.25224227430833024,0.2582584589381267,1.7983008581929991,0.057687219886453756,11.891332980620195,0.49035862021326315,0.7213040713962546,3.4263577961564917,3.7364854140343033,119.62923879292279,101.17991040829607,0.49044598958961183,0.3757710266475154,9.0,0.4461789525604769
1.0,1.4639746302266576,3.4635420583723913,3.059492478365707,1.6809882350403644,10.73631112841069,1.8282928665245386,3.7727642433014834,1.2403838413935908,1.4344881598237098,49.648792656405455,80.87613822607948,0.33364417062460955,0.3065042673595869,5.0,0.9483426842458285
1.0,2.4204734101137024,2.9118022429163903,3.0250604519757376,1.8185365797388844,11.875972248865354,0.2481153942321626,0.3945984750206768,3.0411648757141023,3.5885461607240714,22.06297992445784,6.392656733814034,0.26743296211647544,0.3950576845871713,5.0,0.5722633028074702
0.0,1.9030562093820849,3.962618182831315,3.280054965221926,0.1983929144930583,10.396774648151986,0.47359874502042737,1.3791237727730885,0.09498993756076768,1.562184766645741,86.65434339403642,112.3356594501111,0.16329148563904206,0.35760818720498255,9.0,0.970012117192985
0.0,2.24128335471393,1.8656289454281096,1.4980995221846158,1.6576055445293254,0.8939587055168672,1.3090894987699113,1.5874123442628165,1.3099888709743897,0.6251532050847652,40.07303482870414,6.356075402042027,0.3075364780095429,0.2965198485929861,8.0,0.26704680150561244
0.0,0.8721775298276357,0.7841216781236189,0.7516130965967021,1.950300288892128,5.052426864349015,0.2552151723578913,3.751054676966942,2.979456078293852,1.3655223031344352,58.07870671396193,16.219628701293953,0.41814927145403025,0.395103967771374,6.0,0.0
1.0,1.575230973536115,1.7711505987406642,1.9284094142314343,0.13480050958987233,6.817585324820804,1.1741822540941342,3.10267874078109,1.4067412140553883,0.5438627658364461,12.062031713251084,76.51247402485745,0.3194129541688904,0.5955451525411019,6.0,0.9664217274994885
0.0,0.4066843281768115,1.4340596969753872,1.3894630836833297,1.6594056794842784,1.1777419395555486,0.21147646979321894,2.951871567419366,0.8138891647832582,3.5988976772304815,37.13538763976136,101.39201684974047,0.2572386431146791,0.05433454979055352,8.0,1.0
0.0,1.7788257872272535,2.6955426555458226,2.753457778333923,0.42278081486436303,7.404471133342022,0.11974610540689407,1.1073127764799215,2.530289811747752,1.0374320540268696,84.5767697933331,96.36805254685467,0.2902675804388249,0.4824162971778153,5.0,1.0
0.0,1.292907904812166,3.223492314937492,1.530759697064445,1.7041403626234792,3.9257548958695447,1.0343994838200843,1.0543644389048037,0.8799955641324133,2.0309833220001883,12.859738066438837,4.693474125657141,0.23360156818073935,0.22167015253089484,8.0,0.0948192983318249
1.0,0.06829555925636721,3.721385774284477,1.4782789769766382,0.7692577869173487,0.5411564144683112,0.14290287041837685,0.05201267351088967,1.1163518649452153,0.4522036648928407,64.79330939226448,0.09668733413777109,0.25145491584059076,0.6589911966868339,9.0,0.9284349059139029
1.0,1.2969750759513694,3.2163533760523495,3.8482925605536913,0.8006097677711972,9.855910929059474,1.5985725228330958,0.4252949236776544,0.7088139957112429,1.0506315380266722,61.30191326465942,29.843852188581195,0.17128704647284249,0.26922820523699453,8.0,0.26164059572971265
0.0,2.351044246361088,2.0720188881421664,1.87513353467924,1.5745263186492762,2.037748817426669,1.00029157655878,2.127798617773315,2.9443166802996363,1.5370275318502613,107.18808442853471,122.45208216384907,0.48408925757327836,0.9976563890706387,6.0,1.0
0.0,0.7953650784459304,1.6287877658507472,0.27742970092372365,1.9191362298011572,5.570208372672324,0.7465732008725277,0.9392463507371653,2.1732449223875405,3.0333120396988247,56.706496950971506,26.51694937979557,0.14081739618634243,0.898661978887027,9.0,1.0
1.0,0.7845681374476585,0.7708893805245647,2.7141385027958003,0.9586504832589655,3.8390117378366635,0.25811292447275286,2.7098543342338615,0.9170554764924406,2.525304565582915,83.7564643421555,65.00095568279477,0.409427875113226,0.5892155098593377,6.0,0.05964444739707464
0.0,1.9538515954016389,1.7257799181579436,2.188512205666292,0.5095053789962951,2.505617915830768,2.3417686404660767,0.00831447498177873,3.585638267188135,0.1265127025704329,56.47664460679876,123.23457596332544,0.41740836753454763,0.07958866271119858,6.0,0.012381514163220197
0.0,1.8983071377067284,0.02759913487422061,3.3951429357878515,0.5700590402727594,5.418860732901717,2.140558932406518,0.6918398144956082,3.6623471279873048,3.112020109226049,51.37843811580099,23.969292637000315,0.045541057258522255,0.1671588889572102,6.0,0.3256388390055145
1.0,2.0857800466572267,2.137403155196855,2.1693142593574075,1.9445815834029039,4.775884246764257,0.698950973056863,1.0696103104798453,0.7057227610351702,3.6932584076702404,121.30099400203461,47.08938399088133,0.11528465873235416,0.5944359659938949,8.0,0.8975473106372124
1.0,1.5716943579123521,1.7560274181772462,2.277093051483236,1.1094306667109923,6.397773659790064,0.8453090937682253,1.980805417462661,1.7322044772028455,2.102531787127284,14.284499425021233,103.88989636648552,0.3504512692068064,0.6008573798423634,5.0,1.0
0.0,1.1443213747302416,1.9640883039990205,1.011583507258592,1.217858189118175,5.762860348253046,0.8260008923128412,3.4838865423898193,3.5322354838602736,1.4899977120402927,78.87698046591619,58.224729688826926,0.23660201731860447,0.8657004287888258,7.0,0.0
1.0,1.8419512837347771,3.867685751851502,2.20470078300005,1.9446106883539225,0.9707073846502716,0.8138468299967774,3.674840412311964,0.7336688129094866,3.744562758211509,67.15824116553583,73.94078730696191,0.34598430006009134,0.07072661897367849,7.0,0.0
0.0,1.0648729210457657,0.8841449979786375,1.1977938880746088,1.7443593706009672,8.539254496703803,1.48441461090557,2.1408842172191864,1.729751219037627,1.6807913678194724,34.31831475465434,70.91020780925575,0.35381352944860456,0.933588206012233,8.0,0.009145110614712681
1.0,0.9529850391612884,0.6400351197712277,1.5224321679694093,1.8763075017879027,4.844073250690309,1.9024501066451924,2.682508352833726,1.2966477098418752,1.622947998558562,32.29704920185779,12.199654941520338,0.17665272034609303,0.9108493998406821,8.0,0.0
1.0,2.3095857920176224,3.9682667608390467,0.05090458360937378,1.1530658435689696,2.24101875543827,1.2159229649356929,3.4091791188861817,3.693825599246759,3.091570866150104,87.1807647788027,3.0264624398701896,0.3176671312709235,0.283358618790316,9.0,0.6263349470296582
0.0,1.950200441044878,2.566966925224551,0.4874239309147179,0.9624603022267617,11.464345493844409,2.177208319082928,3.786057758491061,1.4274087739222363,0.5417187338307388,61.14368500869051,88.85896156669916,0.2479287545453947,0.8283459632889224,9.0,0.0
1.0,0.0358550637546981,1.4621013875832127,1.964133824163902,1.0764825771274238,3.9031981658002444,0.4294993592538604,3.2882788476779954,0.9065123980892467,3.0442963556478455,102.50491444961457,120.63282828597231,0.3307262116868614,0.8270552041690402,8.0,1.0
0.0,2.3610329888341406,2.8543936476525174,0.5888271242057392,1.5620612908412077,8.322397958080217,0.7639799612426446,3.8111101161087633,2.1840708114574237,1.8645048519201,64.18706664938765,83.41096803687272,0.17763031494162318,0.3919574517106378,8.0,0.31388664133537136
0.0,1.2144433357855602,2.867171770424448,3.591047586991601,1.7323658016690406,5.26663853823297,2.2007770186921003,2.5853753314616115,0.12831669113265765,3.4562249061086847,37.951765273292814,92.18637773608906,0.2303882615202466,0.42420711518248544,8.0,0.2435861816200907
0.0,2.2167420716734196,0.6370665481520228,1.4397656587283056,0.9861174011834228,10.096445171505417,1.0741524732253984,3.9225993317358285,1.0590081405252185,2.787764666603828,41.59640039655825,42.67862510895896,0.15092017283942682,0.606253184130811,6.0,0.2859721370929007
0.0,1.9598428743835492,0.029837274376329326,0.5106945558604874,1.0029848206451302,3.7682306779611054,1.2646145960559019,2.6729718887978153,1.5483817678126366,0.9679955044617543,46.878529729992664,94.7565406243749,0.20438770725219485,0.7552387078545382,6.0,0.7336803635365909
0.0,1.885581545967109,3.253595369862447,2.3580403408188793,0.6416419653167169,4.787845300230179,0.27447234263102527,3.236850670475418,0.4150857630764424,1.2446299813246675,97.47453522761137,9.63777575534397,0.05629519715002346,0.10633253634257178,5.0,1.0
0.0,2.0159913298763077,3.500214238664813,3.5447996953589644,0.16603470928149777,10.130696986650605,0.20585733136457174,0.4524826263344295,2.6635387086288866,0.003276575529951753,4.663850534088826,103.54088679308082,0.41974509760665507,0.9077435316488631,8.0,0.49082112080395124
0.0,1.0715031647682132,3.7373838860491215,3.2827755784219215,1.4844815545140655,3.427233359308876,1.7710489339025375,1.5563896474013386,0.9865128593427559,3.682706211219628,121.00481454219421,120.16999673363478,0.13589419307223927,0.08974817000122493,6.0,0.6449520556535235
1.0,1.7975571216395492,2.732944415718525,3.8095561636278505,0.32461058355928807,3.2560794549994956,0.6952114109719445,1.0903637008367282,1.2774954303999841,3.697495224911359,95.42169628051592,54.82974110240263,0.23952258140334887,0.3110160706159951,9.0,0.39889234137683216
1.0,1.6207747249309827,2.455818839828359,0.7736151861316438,1.6299353038372724,1.5247217789768879,2.347645510229532,1.0515046811628386,3.882891165139048,0.6017126818229368,0.5922993467580434,9.682089607763928,0.42315430177824903,0.6652755016081127,8.0,1.0
1.0,2.034297355824551,2.9690616453922276,3.803446513597857,1.9910003747049458,9.46134471270536,0.7214095371854232,3.609168631454736,3.621911963131048,3.158575887790973,99.27759058302425,107.29916554856608,0.330867403505333,0.7488996666886871,5.0,0.18829265449266896
0.0,2.0867533623901893,2.2938876467513305,1.0955371540509211,0.42124770659826116,6.73259183233083,2.222685950817863,3.9878442390093243,2.4257842864626467,0.5408945064285398,14.782733439349618,11.813949493924309,0.11202634503796427,0.8980506386506182,7.0,1.0
0.0,1.3720378790220495,1.620262730485413,2.0368407191789437,0.6752334981247103,7.4869467941855525,2.4349903244386706,1.3562806786552262,1.4976854234636274,1.1868850242559157,19.688076454222784,61.753179998761624,0.17349427606384965,0.24540563761539702,5.0,0.7072162568459346
1.0,2.352546274180105,0.8682595487952192,2.50103470949622,0.6355124401403507,0.657284177047949,1.6332474344219756,3.5071098976870605,1.7768155412784084,0.5161032080598416,112.0080730712288,37.40703764993214,0.39260671351768317,0.6226701792750831,6.0,1.0
0.0,0.6969277439529811,1.0896722118550648,1.3014196776697156,0.9148801175523591,7.8044252796599825,2.4604808947928762,1.5968555220642098,1.634330025248623,2.8878811780473197,11.556423488355241,7.710022924466778,0.41204922914782893,0.5458427709507143,6.0,0.7090006659336219
1.0,1.3784050207631402,1.6129487499877766,0.3486466330897522,1.7131381113948032,8.132535411248552,0.5870668118404618,0.9624670854180919,0.30930411019321014,2.7768148009123523,88.3223193913729,81.47751695425627,0.4170299855083368,0.07735013423967962,9.0,0.0
1.0,0.09459484869692003,1.6281666451477528,0.24526070425705448,0.3890034616702496,6.7976433897776865,2.0193154187048004,0.16412709330904596,0.8796157324837051,1.5100443600929325,60.516175401514246,2.215110002795964,0.4878521527598868,0.25585659629008795,8.0,0.7337448548798564
0.0,2.2941707716584943,1.4553849876086704,1.3990904490224723,1.554425849295908,3.5799696799271743,2.340368500908964,0.25596251966619255,0.9966565992790843,3.1031100347284224,41.02546958841537,52.59050628493056,0.32352793275851854,0.28903017099492345,9.0,1.0
0.0,1.18468704497817,1.8972232548935533,3.931066693340532,0.4422912219764683,8.55146151710228,2.4824326768866762,2.6827274667024534,0.9731601732197683,2.432895596303307,97.0779045188481,53.8767516276398,0.40832281095638817,0.5425022516391079,6.0,1.0
1.0,2.372791298289893,0.8160067993503746,2.4498170917776942,1.7311337621606984,10.589979885573264,0.3905411801797218,0.38050694847988353,2.0716175683656846,0.7163876297804426,63.247544433379055,105.31063695111844,0.38507660439265473,0.594119963764102,7.0,0.0
1.0,2.1790829278034667,0.23042922593371884,0.8841831558533335,0.45688736592233203,4.152683304098879,1.619052300348802,0.8259820336714703,1.7029041193558383,0.42106937039512715,107.01401020901022,76.00846906714953,0.3364039269188272,0.18569897320899298,6.0,0.677313443111564
0.0,0.6940070813282945,0.8267289203777208,0.44482509593925323,0.9095900913264097,8.855287579980281,1.2470069007746043,1.8505059995973445,0.12425562079025188,0.3719396339109937,106.16297480320846,40.47103815566825,0.3550461386504171,0.11251786938814623,8.0,0.0
0.0,0.14265943087163502,1.439448336936107,2.898882684315811,1.9254053014757906,10.14351086324423,2.30428042318322,2.623845844797066,3.873663671562198,1.3617731029499218,1.1213060393991114,78.76821190351365,0.48259209325010843,0.927322220903739,7.0,0.21698365961384714
1.0,1.8448161077705174,3.7868334507986443,2.450383819842239,1.7384153766524553,6.368417797387046,1.9634555581305855,1.2197220008378027,0.7079343090517094,3.775106855406526,48.104038632412944,107.06560153149464,0.2869752442815441,0.631441743866978,6.0,0.19132169770681529
0.0,2.0097577457137343,2.1799794174479312,1.3935391076906352,1.895043801282786,4.89771890553488,1.1010802596074196,3.137016346785049,2.9834973740596467,2.416261889208284,6.5252370373763,54.473543778840835,0.10207271688447106,0.41364280940491216,6.0,0.0
0.0,2.0804756142936127,1.8187063247960968,0.4144383040506985,0.6191969185518504,4.6429974277555335,1.4377283693924194,2.600044567479079,3.2754597488124952,2.233071439437677,105.99286929706199,93.30066764135275,0.49726901370957427,0.8335192012917696,8.0,0.0
0.0,0.536115162996418,1.6984819419011257,1.389774356793894,1.22714100960883,11.69499889399612,2.3713523293037873,2.7002446235225275,1.091881999846248,0.491986553194808,37.760547687887154,21.426696583780895,0.062176814160209815,0.8718772546188038,7.0,0.0
0.0,0.4038346234773471,1.1594667149000673,1.1139115638553734,1.2817761706098192,11.082394249033698,1.3238754129330352,3.6876851992074315,2.293072255553721,3.497994810708786,115.15336616679365,100.95710073444839,0.3642997823411256,0.5603386931834208,7.0,1.0
1.0,1.8248803935058675,3.5546345538417676,1.0623958336808497,1.4684375614850225,1.064050844321316,1.3513884748694103,0.4036008469220471,0.19375793646358241,3.4678896718139303,58.53265430475066,63.28037000426236,0.19434607508327217,0.6467681710470202,8.0,0.2048567654992114
1.0,2.391134892033447,3.9296703688637806,1.0559732277901537,1.837738915906229,7.365864479067917,1.3390610826037128,3.3434096754794576,1.3006906373270959,2.1801644230613393,77.89072348040816,6.27277481819967,0.35804417534986416,0.469710334228959,7.0,0.213118497643211
0.0,0.7908690474028129,3.298505529795268,1.0803438515571977,0.9507569076765858,9.27938094450872,1.4046646751412541,3.2531572221802483,1.193454023478247,0.16928917525091158,41.495282089382926,13.591759635438683,0.3866298143915019,0.12468102200288389,7.0,0.27515121342028814
1.0,0.29357798929910806,3.265771166943271,1.6788835536483826,0.14866264650169225,10.362542888452724,1.8198244351731092,3.3487062815549047,3.291546415643282,3.9828329960685807,22.37998517221318,88.32940096561558,0.48877556710101283,0.17982204025528414,5.0,0.7379601650830017
1.0,0.9284333393986934,2.1983873994786163,1.1192761073183104,1.3198360345081654,2.400029693059332,2.109280721676581,2.8573794530257817,2.6052375647300963,3.2082343344471984,89.81663572039933,46.57106911763256,0.46674711424101045,0.5915743579086344,7.0,0.576850340194884
0.0,1.9405853079834576,1.0597201244236771,0.22015938369835908,1.95961859469579,7.948245083651155,1.3057419791912488,2.0284508741613725,1.7876487480318848,0.7665081778328933,4.703190443620262,78.49411402098471,0.29420885959800247,0.7892751055591379,6.0,0.12723645319416044
0.0,0.1425935561393557,1.0187899834150334,0.6985942906663141,1.9811277368888265,1.4749669077717424,2.218548271685391,2.56710506745075,3.794312929526545,2.1587865631514775,56.59178304982009,22.630158419558093,0.1997635391135602,0.6155664881406786,6.0,1.0
0.0,2.119378992136705,3.8909463541524207,3.723605223132815,1.6694300700958236,3.028323595073747,2.315541561335824,0.8366953232181169,0.5323607224231837,1.4743513388271574,8.464382356722561,16.568586932312627,0.34685170153994105,0.18114503626968925,8.0,0.39033500311387825
1.0,1.8843629003438598,3.8628622154340087,3.77797512151191,0.12349812148877382,9.901855633651447,1.5737701962642205,1.681764826189383,1.354273269513015,1.144779294719747,5.477071881312676,76.59822858847107,0.40179368103533014,0.5162598953236439,8.0,0.0
0.0,1.0768306418278497,3.4320877277441904,2.663093397489624,1.8542412553306467,1.9152953297167268,0.0193727595415219,0.47241064206356054,3.5017379013518015,1.1166474916602271,113.65632698979512,105.12412398898394,0.35551542519731577,0.206672289537712,7.0,0.24916333052011874
0.0,0.7979193943610385,0.7082629874916511,1.3059687641009843,0.5251653308911965,7.308164594944262,1.8687729174042376,2.0132027036533793,1.3375428500576922,3.272258108772587,33.51852935152423,33.965729205479356,0.3430199403887462,0.6194253631243501,8.0,0.26747043791700764
1.0,0.8481614251117566,0.7221346441811396,1.129123093671124,1.3662437224304633,6.5121102633048675,0.024717753785961638,3.5144103683466277,0.12758484450373242,0.7401481080843584,47.41137330451777,52.55877238173444,0.044446114705851025,0.504567440476808,5.0,0.0
1.0,0.4038410120402336,1.896915958923906,3.2787829674196804,1.3514549609164914,0.7876087602041286,1.5680863795926594,3.7197256672924275,2.985371692691713,3.5146436515836568,45.85952001334372,121.8357830948617,0.3197459819099039,0.7772722893172649,6.0,0.0
0.0,0.9336835578822209,3.524566331432292,0.7655409738206438,0.1994588293042494,5.849880129803317,0.5347384340264847,3.874230649362588,1.5580308115094121,2.6574230336055935,120.97411975667929,95.36941123198577,0.03550863946977589,0.9902355731032112,8.0,1.0
1.0,2.035892101891639,3.4623731145222667,1.20679338404338,0.34098566569888766,2.1513430383278704,0.3500917909959053,0.10808515922646178,0.4682552651531542,0.3462640913765065,94.16653268415055,10.002229226353936,0.10335551650427066,0.2952834269474738,8.0,0.0
0.0,0.9651836830497801,2.9439399308610055,0.19062656886296514,1.106122368882028,8.690902727351482,2.3318113510668463,1.407116162734117,2.299307749690645,0.5369960958060482,105.6952552975351,7.030862129443954,0.2611473414734399,0.10096941092545131,8.0,0.0
1.0,0.2575145494757933,0.9962880343850933,2.70599580266111,0.982689506226528,7.531432776456696,1.005471699734604,1.107647595724743,3.850527486055298,2.3321998085826974,30.203689217675716,107.26745232907312,0.3125453452038075,0.9060023901001457,7.0,0.0
1.0,0.648067632130247,0.1344412325916151,0.1875426232896511,0.7238737198379619,4.789407155806343,2.213530083736928,0.4797186636858295,3.1597440228708957,3.0546253026554973,37.860818668587534,103.00589777014955,0.20559160555578454,0.07667709340346351,7.0,0.9995277358046389
1.0,1.2950620422791481,2.694895447130217,3.6807076305845245,1.7541211413467952,1.4733369673085726,0.3141389575793674,1.3026438780830194,3.9352912938916402,3.4378744068058276,83.77329006520453,13.271844851004674,0.13211493548753594,0.8987129998100879,7.0,0.5722786920265566
0.0,2.1530106152536637,3.8450889245125204,3.008362747259013,1.5471358998678781,0.797393730379151,0.7456870912302987,1.9089804637228838,1.4174119528306521,2.50546473266376,76.90066472238138,114.3365887003106,0.05431392042148819,0.2607336075880681,7.0,0.31609813813825016
1.0,0.8740453331687583,1.864812542259008,3.4710239053558296,0.3313355526913839,8.190923445393619,1.338353316920062,1.2392846370156279,0.9056733363105445,2.281524858795365,20.093977902089527,42.87686449789006,0.31798114767721897,0.7978144900614499,8.0,0.0
0.0,0.4987383068424345,3.460262473038274,2.414866394147418,1.5808217150746997,8.031712006450231,1.0395855185623626,2.5028452112650714,1.3081172302568462,1.5174988865156394,117.74620534183553,59.93137688343074,0.33381779324530747,0.9773924935365084,7.0,0.0
1.0,2.4445090014976296,1.311340965701802,0.8911627625189773,1.4280773904640467,7.170910340986048,1.5630847500330365,2.527850264689857,1.106029368669994,0.6250672843683311,79.70243624796566,107.91261827915885,0.06385194208844946,0.9977922351466446,9.0,0.10545670881483071
1.0,1.4733311125574713,3.6056030980635154,0.10260837540761258,0.7888891062244681,8.669108298694614,1.7387289678075388,3.458684008877798,2.5626607046539345,1.3887476981946407,51.96646143989871,58.10921592656476,0.4671527005940981,0.6790681776969648,8.0,0.5249901479686264
1.0,2.344463557010826,2.7378957606495913,2.804129147437057,0.26809904245565486,6.754828226772775,1.9596726601640744,1.0282013010469067,0.44694025610406785,1.799274680503081,101.86433749138827,72.84853463987952,0.2893600183225191,0.06001819327223412,5.0,0.91728152887847
1.0,1.0042632505048854,2.832225728354345,1.1662444223248825,0.9045666824580618,2.893721063308804,2.2426459538616736,1.7518769221800237,3.27022808597017,1.398904571859192,16.673740586366712,115.39842759116638,0.3338944320786646,0.3839594710704799,9.0,0.0
0.0,2.149373178074831,3.284869567842722,3.005962244818806,0.24634487550158846,4.639939361275088,2.4312570795753583,3.534860421062285,0.5396661242192065,2.040542397661762,0.3232009345801451,53.244423528492696,0.2863755894236116,0.6330891050409921,8.0,1.0
1.0,0.7775523242706359,1.9347932624633453,2.0408090858301473,0.13038917049102627,11.854788164507195,2.48858128156664,0.6441057878479124,3.4452600132178945,2.814090605892819,122.65225867966288,25.02740346480366,0.3464725297321017,0.9910111669923126,7.0,0.040923049510565246
1.0,1.2183114462131246,1.074679182017745,3.6655503158205414,0.5027097420304854,8.234699969776369,0.9192568770024798,0.709908755534677,2.3621590378636075,0.8970257062701541,60.28070789150812,49.6489788158693,0.25953325717508097,0.24495138112977533,5.0,1.0
1.0,0.020343205848945,2.19162075326827,0.0020907675143404525,1.3165107738540731,9.612592050339757,0.2795846229959448,0.5042719028749882,1.0672470166599095,0.3266859449869992,10.791469057599423,19.474892795874638,0.3870209240927413,0.959723624527162,6.0,0.0
0.0,0.7806683636633172,0.3265553094710323,2.0123386525960894,1.8441193650282552,10.85572810715354,1.9566960092031416,3.8682506796519003,0.3545390981572374,2.9328371036393586,124.31253147706587,64.00473461102588,0.2532106696456963,0.011587896814520215,8.0,0.1547489225335289
0.0,2.491003290066451,1.7356333089678038,2.720119241601228,1.8414374394633837,10.417430301239067,1.6217901632386158,3.3532777113790906,0.7031782845730703,2.0896399267995265,54.144629004827735,67.27878404285194,0.22360085434397908,0.22946762527559494,5.0,0.40666281523709424
1.0,0.522135030695051,2.1700042939566697,1.6163992632062123,0.9943194308759553,6.794617489898581,1.9306707357012451,0.20429105053538654,2.85755869862291,0.6203729604828392,58.605371358005,108.97410605340922,0.1242794011662593,0.6280291479636254,7.0,1.0
1.0,0.9156770780844845,1.9181147865228905,1.5623538035412854,0.5913569092214186,1.891380867673531,1.3716720628305636,1.9739971315836193,2.191412495951541,0.5287686922275259,4.69723693324485,37.939277557915986,0.3566284491658729,0.01753406887458331,6.0,0.0
1.0,0.477799512258974,1.9107871342642828,2.6379964905995723,1.9331708358188069,6.55357863044833,1.6882972114878867,0.4795023986704541,0.1341469343908428,2.6902107689863883,32.07993893884681,112.09173183918249,0.45776971793158583,0.2977184086639665,8.0,0.8097638544106202
0.0,0.38097303749293765,1.8220190396285565,1.877603499930867,0.2063318975549726,7.038142997225855,1.1869380132031244,0.34107566340618867,2.6690644306243723,2.952388732564925,5.541633829619183,27.530097263700316,0.4185546599473436,0.5920050939225407,8.0,0.0
1.0,1.8452926643903633,1.5906650568893106,2.2056875033242465,1.462179692829579,10.251601518265497,0.08079030120962977,2.8755633916995427,0.6568840479716846,1.1085879704339905,124.80091073656875,17.678607391035786,0.009626635279188556,0.9659071571272363,5.0,0.0
0.0,1.3884264667083839,0.23465007165845764,2.8573182464539584,0.31064841775527263,3.344941045334057,1.9527774608622988,2.375167529080331,1.7255396414599868,2.2062209083197724,115.39058927554663,110.40040331026067,0.35726478870411055,0.38589724138539794,8.0,1.0
0.0,0.19992924306732107,1.0333354059219753,2.7216451227902403,0.5840832059082981,8.894281969932305,0.1749078334701168,3.0193523053332485,0.8648150643436554,1.490125020238111,0.8969232529990323,11.98232893795373,0.01314246124296864,0.8968504174609755,6.0,0.3800985576165691
1.0,0.857261430981374,2.965043890104379,0.6591607707778429,1.6965242605204995,2.1126078047942447,1.189056351192657,3.9600871352800002,3.2145796008962546,1.4845670461753917,6.490853795225723,107.39686812604745,0.25460484989490606,0.9043508093905428,9.0,1.0
1.0,2.036011172029307,2.916631912689363,1.464931356064143,0.6796568048895049,11.708764218205525,2.0425966421567305,3.4147608984175744,3.595925932596625,3.2546979944088728,93.06352277683906,108.89339724930745,0.06129313611370374,0.37936850135023026,6.0,0.45748052921842197
1.0,1.2487116952271915,1.2047481821640704,2.8275724341748294,0.6944742182510903,1.3249964771015383,2.1770495290657745,0.7813833385357474,0.09688428301812424,3.2566061609934938,65.23143749293196,23.206874408093768,0.0673336134501138,0.9446912343846096,6.0,0.14035270728351823
0.0,0.6284965463209937,3.1313892480876864,0.5950560320798828,1.2797808976850316,10.375682287799766,1.242274123858682,2.269252110143109,1.719515306782625,2.8455497097843887,20.897713085124405,24.69574494720109,0.1356501225267669,0.08798365944789843,6.0,0.009152309049626384
1.0,0.985116849134273,3.3818519772264004,0.25567720314593734,0.9898982590914169,5.412532523978873,0.7636120138379701,3.9111775597591887,1.0172378983955945,0.44225697071006165,115.09650156955097,103.8702711216557,0.07630452624780049,0.6534624276309452,7.0,0.09405251749577415
0.0,1.5125760120410106,1.2815560369749894,1.595612939000401,1.46895328025887,6.342265066634004,0.4630295855932448,1.1930132773859063,1.6241100556684613,3.1002733753710374,2.2630915830388068,14.235257000100642,0.3583823496535288,0.41237882753956023,8.0,0.6038816086001346
0.0,0.9228227278527159,3.7132234729858893,1.1449411377657213,1.3577098688044649,5.632031331215489,0.930103179305859,3.961372982432006,3.0121298847694673,0.3728238960493444,97.40347361544809,76.82101563610672,0.31115223933695185,0.16042019485550452,8.0,0.544498612673711
1.0,0.9849606115650309,3.221957543705556,2.3527847720826105,1.8554014887689745,0.9299081004902754,1.4605209655310192,3.8368043133312812,2.8568301525693283,1.7326753423822367,70.08784429329508,103.0758610119865,0.04494287994764384,0.9348360896479451,6.0,0.04345888424960287
1.0,0.7734104291901917,3.438514877961981,3.179824368873973,0.39104817393341573,0.8195208945301284,0.6513866767095402,1.141657449424926,1.2444537558680215,1.2321336718359586,48.66401531977307,100.56011535994035,0.07852894675444838,0.6253744355252524,8.0,0.0
0.0,2.033615915199783,0.8692009677737564,3.0378120902278987,0.3524875675523216,3.542191364532663,1.1900495392826873,0.9562516540688084,0.1986863122920357,3.8405767093035914,39.37911195503939,75.56059456030071,0.3476916502939508,0.28984395739836577,9.0,0.5613829066877641
0.0,2.3780311391628786,1.915829258666054,0.8203658608464641,1.5356400877210932,0.05756529074398431,0.4150069255738356,0.9198103241538673,1.5207885128787013,1.077146035442338,36.324632209349545,26.559084050341298,0.05718861327906355,0.723781749058053,8.0,0.7037715065905007
0.0,2.4786862903646174,3.3035244944478652,0.49210008165581653,1.1010554325254855,3.7892959352880453,1.7982621128684764,0.3323053148171278,1.400736090164302,3.984149029870568,114.91147556435632,60.13033373295259,0.147737673668089,0.47947178501226373,6.0,0.7084182188410405
1.0,1.87122088794926,1.0462292076135422,0.19219828196256383,1.4203113561281524,7.852326245673805,0.3334365773080489,0.2945802583548143,0.982676253713513,3.3428069376745184,60.22482768473399,60.557237924127136,0.2731568011935088,0.12080221243767797,8.0,0.6148480545200731
1.0,0.0031529401434893245,1.6848634425177584,1.1251489837391042,0.7053800135683606,1.5306607540409747,1.6681307409149295,0.1198473074771762,1.9684026477934284,2.6127277479284827,95.70698554757502,33.8432891705661,0.34983439667539157,0.8953649166301932,9.0,0.8025470435113148
0.0,0.49484921853494374,2.126409820502384,1.948828564929256,1.7452314213570141,1.7610982194933378,1.9026797760239147,0.43280318029559517,3.628165892924838,2.245182051842431,123.03927647894798,113.68360815891398,0.4947514012822415,0.031409137814454646,9.0,0.18850902765274846
1.0,1.7872714751621197,0.6947265046724507,2.6871229616382863,1.092555870633287,4.229298916340921,0.32956192993625344,2.760234197147309,0.4473348777073647,0.2476967384451818,68.30589340723068,111.70182088177695,0.2110439102785071,0.27425806803959196,6.0,1.0
0.0,2.071892526446684,3.2916146949454954,2.330368391052785,1.9072223713064689,0.9900400895839434,2.0912270352801037,0.46279886659254865,0.7338055351960988,0.057735555307742104,22.031228044658555,73.02799164376802,0.13006774530221366,0.4989419543944702,9.0,1.0
0.0,2.2620160536753513,0.3295263479502153,3.25993517137881,0.4014978136786016,4.932180141505763,0.8985874231262856,3.9457404220242163,3.098047728412847,0.713278050510604,120.021438571635,76.6976017566871,0.41403671904724454,0.4440452626926734,7.0,0.35539809415319135
1.0,2.3730130038192967,2.495244292117501,1.437991088393233,0.5054797749647124,7.042111381264835,0.030936689265861905,0.9238417743722738,2.7352764587299987,1.642652055946865,53.39403154731517,106.30022652101623,0.23551423259621562,0.7678093675118447,6.0,0.9479473855729653
0.0,1.019668796537577,2.6714500810349655,3.713156865445052,0.41836185578925167,9.495178989035859,0.14548724541211117,1.2637541818850906,0.9128609757715749,3.386658643723732,114.45882025004244,55.780454644832,0.3205986338462017,0.41353063844225313,6.0,1.0
1.0,2.245369668144488,1.8247025856304018,3.349556638599993,1.051235142092971,10.884597353524848,2.129169081657824,3.5982913458445416,3.6007431668933374,3.331024070407001,47.19780920247427,61.60489444760309,0.3758869091822628,0.6923124302290746,7.0,1.0
1.0,2.2676304720609455,0.731099654513967,0.5367217323454962,1.1333072340594315,6.90650134189776,1.0822311149152575,1.3414474651251433,0.29207050341712515,3.8991732322680357,114.5825496306583,23.896303707418216,0.044816798661915846,0.5283571166744648,7.0,0.31204650263349665
1.0,2.2636745223762285,2.693886175980113,0.18009932359840608,0.35561985538486174,11.401259350934286,2.1226242702399727,2.782794748459105,2.4439257186195293,2.7333999812348067,85.90702866006849,5.091996163730364,0.18667984714626906,0.26634995589261656,5.0,0.3399073611696096
0.0,2.1760971473523734,2.63819654117196,1.43018660237676,0.17493975945039764,0.020378792655952882,1.4876761066215847,2.223711516356916,3.014920453874035,3.32925869639988,2.193084110656801,86.92448550002729,0.4725019434877128,0.630639161310878,6.0,0.055047767048798435
0.0,0.15350967491597617,3.7916087195866814,0.05296800626476994,1.0571601255303933,8.631641165083888,1.454809159519623,3.362436511441565,3.6942928782457556,1.5676091613059588,28.728026302951488,25.380637836326812,0.01671380117911281,0.8484670901311664,6.0,1.0
0.0,0.7725059865778174,2.321652029112293,0.7965311999277658,0.7755887626986624,0.8493349211888077,1.4391533655224789,1.644419835162588,1.4454577056673075,1.427547450925399,103.41114469199215,12.067114168551704,0.07831648149694309,0.42053966323081515,5.0,1.0
1.0,1.6185142406559807,1.2150904993765788,2.4443110640788985,0.10945599073131063,9.958560521803227,0.5499847558330434,0.27504388536192437,1.489375036941063,0.3037891254861975,56.518704824165404,92.91300343361341,0.0562728793097354,0.36487268662321304,8.0,0.8955611873718016
0.0,1.940050968812652,2.4111203347539574,0.9074158769359677,1.9333874066927381,1.6862724698724065,1.2588120824830615,3.252196985942426,2.420667620781398,2.931401331118066,40.960139012592656,42.755651558896616,0.08944954603847399,0.45713112391058774,7.0,0.7220026319477835
1.0,0.16956213655828722,0.3304568313581173,1.1342932735102318,1.9828540366238938,5.225722388359079,1.1364922083582676,2.6350017448338705,0.49547790228880384,1.608238309181612,93.5420481161109,122.63463953013105,0.11023499949817234,0.0017419454699573178,8.0,0.0
1.0,0.06818230927140789,1.957176976487263,3.651766156024594,0.0015699820098260542,5.603713215924002,1.7593058430973145,2.0211544039639944,0.8147063736381233,2.795373879261292,16.153347950221775,49.807626983386086,0.0712951705439433,0.0019444222552288393,5.0,0.04972529364055245
1.0,1.4064762214198163,3.4030328773194922,0.6993728003785376,0.2083082811033441,0.8713261130518295,1.224960099551853,0.08883898300727022,0.7105568695385931,1.4902503581881175,77.48355133422723,57.40791434903089,0.32891490058402784,0.42195269637694066,6.0,0.0
0.0,0.5143039519474548,3.7956064797295475,1.8332737588067052,1.7616274066441633,7.848622217889119,2.0285530537490657,1.6668868488623678,1.7725646255944834,0.06475763683561997,17.543893552224077,118.88126104484628,0.1991251236305991,0.11168098609980093,8.0,0.0
0.0,2.164061108724558,1.1228320966718264,3.6931026322135625,1.5053441900204392,8.875939568014665,0.9492878149373198,1.3480573552686526,0.19895130452489118,0.6707032279727958,25.787005502975273,86.65970716090192,0.18837895228685464,0.23604567364548013,9.0,0.923258448644309
0.0,2.4888465127533688,3.557384783915776,0.2395672008313925,0.2910786601052686,10.633408014308376,0.8973815226296753,0.3952118612272657,2.6920371028804486,0.5002707005972846,1.7229048089470593,25.353252790322063,0.44569183222231473,0.9960769141494171,8.0,0.5502677861649422
0.0,0.4757569319122845,3.113689465599567,0.43908988854203157,0.6760854056031356,2.91506105051422,2.1670186767497395,3.512067286327959,2.9505381204900973,2.831705874579123,114.63486247080026,21.244028099747943,0.14421829922015644,0.7305680621038133,9.0,0.3864780529970474
1.0,0.6402851450491329,3.1875711658347208,2.548375621991173,1.0205597664950052,2.387544673628402,0.14535286391647223,2.036758848354916,1.176184372688617,1.4275807822674862,2.502798785437077,30.052486808624977,0.08981582482085476,0.3685171561397612,8.0,1.0
0.0,0.6001157326309364,1.8158884200198502,1.3483438921301212,0.9711408605764795,8.05407913153484,0.9665616346420371,2.472963906291331,1.5280816956808856,3.5261228274695076,35.460146046541254,9.218765846217696,0.44607064891431947,0.04947003169027708,8.0,0.09910603762566694
1.0,1.2248498009708024,1.8095371031739291,2.2126941756104657,0.11576297188938156,8.067381279282765,2.3222763581400754,0.5343642070574717,2.26610010024923,3.0298908509075515,83.04008169124073,1.0949354465637773,0.17427824308042356,0.20209286075326538,6.0,0.14694825586522242
1.0,2.394460145479396,1.2808361511633541,3.5549932246583977,1.3608017434411461,0.8905967125691783,0.04643533052454907,1.3526198329659578,3.075406560903733,2.5741602347211097,105.88630806389695,88.41266235365318,0.1092102098492318,0.09901841556940061,6.0,0.43442641783140834
1.0,0.3407841180410154,0.49602134291324695,0.3778862590349692,0.8777844846663394,4.506217710075102,0.16635148398252836,3.2555782461932212,0.4166672625320822,0.05965861482496004,46.70720626818525,46.84999374696193,0.3543928444281223,0.08732548621476721,7.0,1.0
0.0,0.4391207140010048,1.6625125354336379,2.7092150976422915,0.1961421379667847,9.814567878407145,1.5704662814653567,2.4213324926294657,0.5858368411670596,3.3013060235943437,120.2989915032853,49.83661499929623,0.0652031768747815,0.8344147718331245,8.0,0.0
0.0,2.0181966380558287,3.914216129223585,2.2729317171307883,0.8587297498499784,10.43595490352499,1.3950492611188305,1.755339873154643,1.417176030172525,3.829927882110331,99.61096568463675,87.41775195190777,0.3186690142455014,0.5689025921072256,5.0,0.0
1.0,0.15033131618486434,0.2042784876144621,3.0927182615737623,0.09909330782591197,1.8123299005003553,0.5760854358385379,1.1264561316156794,2.6515489916946797,2.594092743534321,59.935204510043015,85.8135283148668,0.07676889534766634,0.5244898356140298,6.0,0.0
1.0,1.2485073022645918,0.7470787027810593,0.9058627352160409,1.0878826609813326,8.182901670131042,1.0603174906312631,0.14070713648872246,2.957315136372439,0.7778267138814807,70.37667521535138,39.52664156529338,0.2980944686781037,0.7955939688237105,5.0,1.0
1.0,2.2585811871107584,3.0083850891842534,2.759292504727284,0.7767250341683969,7.360926163308869,0.2052363856127104,3.8066340595642445,1.2405399020253411,1.8797015795676302,62.700692347819526,110.81056627062894,0.48055356746922245,0.5216322470804315,7.0,0.6343710799832382
0.0,1.5624642009664444,2.159042478654461,3.3489472310864903,0.8239597483638259,9.01553361264491,2.4992525074987593,0.7098117858202544,3.5526916066284073,3.968882497051026,78.70367304256627,27.325731651489203,0.1988046388407989,0.8409743727028974,7.0,1.0
0.0,0.3996592141504021,1.7775521431420773,0.6335200229000564,0.5962968689298722,0.5724869992806831,0.8785515530476967,2.659723712444523,0.11643929606554826,3.9885363486421728,55.469861792260254,86.34752521636133,0.1800304324942334,0.8410878676200528,7.0,0.0
0.0,0.655781531742601,0.3476400056182549,1.95439200907762,0.17351295725803562,4.371918025143786,2.355613361639251,3.2311394270790137,1.205616214164082,0.698412214516166,103.45025643031515,39.890060515367516,0.3431091145916258,0.13628940621051677,5.0,0.9029599761602806
0.0,2.0195977310887443,1.399330685122147,0.7420019112775678,1.7932503943145381,3.9555820120399052,2.4216128410317412,0.3044011652112735,0.38506734341562954,0.04131872750241827,61.65285036248034,81.93926704469774,0.16716320476469565,0.7834682837187389,7.0,0.16139780990048425
1.0,0.07233649396986425,1.266852568129314,1.748696492477908,1.2597806786914854,4.795884992200916,0.45940949561104394,3.2505297014004997,1.418797633079763,1.1793692399738211,122.11733434101521,29.116288689232896,0.19371328429074064,0.01643790563258818,5.0,0.2754494358952835
1.0,1.2989241906934614,0.8361286051404151,2.712427252957633,0.5793787335563951,6.2184786585258145,0.93982635873124,0.2513516666541671,2.695763325415788,2.080053233698025,104.45135268899588,86.37167705274341,0.13719476168425465,0.9317213348441274,8.0,1.0
0.0,0.7706718165249751,0.40310071537146763,2.9237046824890616,1.3586426913581413,4.279631333178567,0.8502618540827089,1.0697823786918037,0.7015998502067453,0.876635178569432,88.10826725628927,12.957342210150172,0.3644837690879619,0.33314290430522986,6.0,0.0
1.0,1.8289112582754565,1.873672212675348,2.12020594059999,1.5544248284860873,11.375452250432797,0.464351025033575,3.3362121188663214,3.739412042770222,1.1499834212873505,54.297998767439005,25.759185905852174,0.2615218612386893,0.8791551259136087,7.0,0.42658197656735
0.0,1.9323236599510651,2.5447190980668957,0.2062270747658661,0.7467377390187562,9.769775880427865,0.5561012493195083,0.08195412984290451,2.2892904276243327,2.2495756286181336,9.394878485033093,41.07451200823927,0.12036637739403366,0.6770886724288985,8.0,0.5518207788587003
0.0,0.3710877843486732,2.38996625337466,2.542380518341172,1.0194318548896872,2.6389197486172953,0.1457216463450528,3.2089072314172338,1.6946399713681015,0.9791697340995107,114.11466694441262,32.453449302464925,0.4245797355747935,0.4341344920891662,7.0,0.6281175116682515
0.0,1.021427478714697,0.9785766986032751,0.18899912226875504,1.1963815233350181,3.708602923782025,0.7275589235874769,0.33775175182577355,1.1169687499627439,3.3906293281257502,41.42249821121367,8.218986298016304,0.43631904615906286,0.7478557145504878,7.0,1.0
0.0,1.9001510207019416,3.577179740284155,3.0572527236816507,0.3269601528330113,5.229550868219935,0.7584198225008515,3.6518400542230185,3.0759826520000493,3.0587161179409423,36.32121263740085,114.91612371621389,0.44675542005155916,0.5030130017587159,8.0,1.0
0.0,1.502465393178836,2.045145064632553,0.7783437201104451,0.9649429686251256,2.4257107467726984,0.994852469985974,2.2294457917354262,1.8673963903617397,2.621321589898675,34.75651501909835,24.97500261474865,0.2766135745347723,0.3258636128107948,9.0,0.0
1.0,1.1405554887686076,0.47765782765028186,3.392903839485979,1.1632430406265695,4.653239033964171,1.274054602095149,2.9928323511670434,3.3474709895267813,2.243919802060549,79.2715354137065,117.99905224979068,0.1868098932936179,0.6944993280329558,7.0,0.0
1.0,2.093614870320814,2.2926815862255885,2.246316279972252,0.5207890032257336,0.7349351208693884,0.5232374469752465,3.3216116562864917,3.421457084772489,0.3384735781191819,10.979677892779247,121.17850327655985,0.20914194827590044,0.6792288096597878,6.0,0.0
0.0,1.6235480765725707,0.13253388232226904,2.7129965980686754,1.5773679131123566,9.19431845711436,0.6805060679961481,0.7333101272216616,2.7054935298309313,2.3170434802721713,107.90179532434941,6.256683028878121,0.25799245465426784,0.752928244136987,7.0,0.3206017831360781
1.0,1.0875610090263979,1.5899037880346518,3.9327496434611455,1.9905410622327866,4.995737116127296,0.3040266778611758,3.938192024208283,3.572815740421309,1.804369233443468,26.97913442678848,71.15155829816817,0.41427903624118106,0.698843099834839,8.0,1.0
0.0,0.8608825734582409,1.7992072674017163,3.051779509384653,1.5681454292812775,2.7748836033150837,2.0100241788580053,2.1090369299493847,2.8931594473574784,2.621997712071059,1.046340442331803,66.49641753168638,0.35348120018574275,0.9345848003266659,6.0,0.0
1.0,2.484544538167755,1.5420798893921064,2.1154198440771275,1.226463019271847,4.0571892384435175,2.1711996410508267,2.841191464192298,3.070412704914842,0.7933748393207787,107.47179613307526,121.75557773755853,0.17397855686526603,0.6758817934990463,8.0,0.0
0.0,1.8629773263964025,1.311179389565626,3.278881199577289,1.0536681916689605,9.296896089195899,0.3726754829216061,3.7858663384301265,2.919238569386388,2.2062194401899315,5.4803259943630165,25.645761348998793,0.053354395482878125,0.041158158565921754,6.0,0.0
0.0,0.8584702683688803,3.9648607206228204,3.3866683384911407,1.768411310880607,0.3738455228986268,1.4715327658167592,3.7219754043989712,3.787536258539695,2.908955149354076,62.5192147525,56.37421066023056,0.48871267403391805,0.08101821693457867,7.0,0.8080858757148479
0.0,2.33139987681167,2.578514277146158,2.6133198136596234,0.587801966759842,7.607459273250303,0.6429254123651309,3.2337721908473402,0.6949650777210086,3.0638655115373723,15.864814962010144,61.95466556770408,0.036206452616784957,0.7486519736645529,5.0,0.0
0.0,1.3482491877001697,3.1535218016431825,1.308162524402022,1.7953460868592608,2.7877111573981628,0.5068324220537059,0.6556409573073898,1.7784069845661725,0.2651693538123667,32.838329317425824,109.6436971735563,0.46878707695499144,0.6591396075602635,9.0,0.0
1.0,0.8039044176584309,1.627457506319649,2.1324100217962916,0.7679533837842023,1.555324582926613,1.4272097993919157,1.3848793796833792,3.174077914080544,1.4129569817469982,48.491795206624886,25.934606018890264,0.4108916480476536,0.30459781877184877,6.0,1.0
0.0,2.1400539930937352,1.2267065437349278,3.9495462632103484,0.22456640123416216,4.044382612522043,0.59758665896322,1.8566094120787349,0.34497415388651165,0.7022680263153527,43.67282963791712,37.79210142462278,0.14462372858917416,0.39658291465543194,9.0,0.4558506352213152
1.0,2.2363577486989255,0.1517956145484054,0.7037751565155346,1.5936140968980552,6.480623027438996,1.2582787056702982,2.559332218805437,0.09898590476441438,1.6804169569428242,69.56305691396706,85.48205441671908,0.397082601083774,0.4892491147610609,8.0,1.0
0.0,1.9972362127739833,2.343779276388156,3.3369035953776787,0.778368357859792,3.4457896599573887,2.137448947269995,3.589926408433657,3.6739344071877267,3.561020586343598,7.5346339036341945,40.018298721630735,0.07861856398382039,0.5177842708686444,8.0,0.4752544422076148
1.0,2.0642720761515463,1.4986433071474674,1.0455417664377467,1.4858168517802584,6.7991510909358475,2.0512636937132065,0.42499936160004115,3.0707504314285625,0.7066995171756991,5.763360453592381,38.880106299798534,0.16210890147511875,0.5695925337747637,9.0,0.7264224795981005
0.0,1.974252569644449,0.10578507092061162,2.7538957123938994,1.6841384356517524,10.729017175439152,2.3939485282755615,1.6951599944134719,2.8908441560314717,0.5095718398685554,38.41166099872101,116.46673426226896,0.4503214033362682,0.5736221325785006,8.0,0.9671847173107689
1.0,0.9877836292583514,3.391580494384354,3.7944181878395344,0.41223148457889147,3.743056145595194,0.045098358724798004,2.373552979490185,0.8985193620151679,2.5983396325313253,86.6683268124889,60.65376129166107,0.47174196168492033,0.8760995101573902,8.0,0.5175722799256327
1.0,1.9596831286401235,2.238174329595343,1.9741026436397195,0.09990468764583982,11.124116786799808,2.4286107781161377,3.0215558513954104,3.2070754560220207,0.6421199143142124,45.22904389431505,33.827065328570505,0.2394467083053607,0.18233241861969685,8.0,0.2432349964546553
1.0,0.994613061558983,2.3199297491436943,0.5369499395393889,0.34872473269055737,10.955246754475787,1.3816405373092746,2.6318285838218376,1.7443109751543364,1.4403845928127352,32.60606131158062,31.222594956870907,0.11877821675684169,0.6106892492560094,9.0,0.6423994483887981
0.0,2.179547982010277,0.7237687912747237,3.341412821321981,0.8594118652784444,5.521996538269837,1.360624548732634,0.7371664271826055,1.0960044679429917,0.743556354953768,66.17156509830826,63.67596737393534,0.07637225538902254,0.11667129357306183,6.0,1.0
1.0,2.439284886717788,1.8161751323303021,1.929821516226978,1.8598060265896639,4.047251766867911,0.416196357674857,0.4584891800409663,1.2505913671096445,1.09181503246168,59.81544068383669,121.61488906509918,0.3824325279403217,0.4763182955673726,6.0,0.0
0.0,1.1334709828370606,1.7115014538791002,2.925668268039432,1.7069991717330892,4.710139698787417,2.0899601040461584,1.591355531561696,0.22197235033661444,1.8750362833009482,86.44203075386592,53.617211505979824,0.04609440214206467,0.6994604572791481,6.0,0.0
0.0,0.7975421434931815,2.2952825372842236,1.3113551663754937,0.014077373004628857,9.181225837292132,0.31478415386762604,2.2394800642367834,3.8982674808558735,1.776637770372251,67.96423329476198,63.164866312260315,0.33238440315707113,0.2840944060744395,6.0,0.0
1.0,1.9678420783143653,0.49686915310541746,0.5907612954776558,0.5256856229043154,0.4071798111485698,2.234108340881851,0.5634429464576249,2.7193974106282335,1.0833057038700398,98.77836469608513,78.1349148766198,0.1327190006007692,0.44772968155183923,6.0,1.0
0.0,0.46966888792672523,1.2570798181126013,3.7202166646394073,1.1105322995705853,11.264099863748797,2.234456957901593,2.823554874008509,1.0662542967056075,1.8883048759061793,90.197326571114,3.2724142348680987,0.03945040974923347,0.269704919344541,7.0,0.5922684424766507
0.0,0.8988908583344851,1.7933424121204111,3.2772289614366548,0.5779809709881742,5.966561879485699,2.1880259474683097,0.2702746099503055,0.9301395850056302,0.9731255704752835,56.87484612780698,36.822235881437294,0.21138322571009438,0.03398620216379966,6.0,0.0
0.0,2.0116306199540337,0.04062244544433247,0.7892643356202389,1.476562146686514,6.625037916086896,0.8484232261621077,2.198118375493008,0.45200947513493306,2.2934251262884664,71.25080977377101,39.645868711508285,0.45911324144905796,0.522639366730614,8.0,1.0
0.0,0.09437952094484225,3.051790958853566,0.4861021723654302,1.7329844797649832,7.435587294159019,0.24997380162704558,1.6994698112057494,3.012730158101211,3.2071126224997224,124.02960233369569,119.10984569755524,0.43383926415892815,0.8064067872299571,7.0,0.38283259536155856
1.0,1.464984355775273,2.3239472284989624,2.569993133076642,1.9003547855341867,0.7384165145243107,0.9863617583524751,3.2985813454303337,1.1070068987360782,1.0593524986157354,48.572389851117904,100.56268078921082,0.3216365149841118,0.6546150305461995,5.0,1.0
1.0,1.8680331465473259,0.7963043888498786,1.9072027264043192,0.5198201798672568,5.005102502936214,1.0245821267950448,3.601209212967918,0.881445320408142,0.9732208386140084,12.826111517940372,78.2957291292706,0.14823708127159657,0.6108897646449235,7.0,0.4375944561477998
0.0,0.3029391820727492,1.962830366802137,1.8462959998902875,1.1433699399852393,0.7462218111665453,1.6908340215901607,1.9633168361940925,2.08054965355534,0.2776727138421009,100.89854483586652,74.32372459406866,0.4359006764606844,0.16427649079808848,9.0,0.0
0.0,1.0716687763689445,0.12556654012473878,2.19469670764789,1.781848212549607,3.7584178505365387,2.016720573213188,1.2743792087795676,1.2263795463640297,0.6041940681326006,36.87810206004759,57.731889471919246,0.07301020302556299,0.6298909276341016,8.0,0.9823491765067176
0.0,0.46108286018015865,1.3626029292364477,3.1868904635596897,0.9003259569751103,4.103475330841706,0.9278384411125316,1.2539627405449143,1.2858922521010228,3.210143074684826,19.67731309687705,26.055348672645792,0.04756235392021002,0.5726677483749039,6.0,1.0
1.0,0.5739732116676186,3.611613722104436,2.1748139467283516,0.9413990771413292,4.399507834704233,1.5673504266478893,2.388262754779604,3.2619815439958653,1.9165158943208094,28.79682877417912,104.38615575190421,0.14256039002377752,0.8110049741690102,5.0,0.8223656977160473
0.0,1.5365478878535024,1.8598777967712685,0.8868596310062151,0.419801913291036,5.7600879737257635,1.1872943148317225,2.088096188136472,3.0056725727462803,0.5503143435219258,55.25471124048634,46.930820416777095,0.20517180361964238,0.16832288890803937,5.0,0.0
0.0,1.4742105750567074,1.5709332677262386,1.436652457701042,0.9965266833356099,7.858915891922731,1.4826266248621367,0.04033876222667043,2.777356657440736,0.42054779782904417,110.27065565605956,7.804044706551258,0.2519410967767503,0.8324007786339462,9.0,0.0
0.0,0.7041549943904681,0.2179645429488004,0.4216240366984505,1.6977804852943916,3.547992309680465,2.3470457995205978,2.1765565402793428,0.9625114006145208,2.441562312298153,20.938810159901415,67.15978138975125,0.14349348979036758,0.13993970512170795,7.0,0.027603047481235765
0.0,0.28171178026830695,1.4423432073361124,3.4159260621678036,1.7019521063231222,10.628166992657913,1.4744664244340075,0.26570108421909744,0.22006429709070208,0.0305430337413779,22.506845032005604,83.04410512911507,0.17283071956336188,0.6630826816730626,8.0,0.6836260804735985
1.0,2.105533491303989,2.201010465522626,1.9725717813670425,1.7703520631302216,9.448942838629938,2.4539102858710033,0.8194622971387249,2.9328380166866035,1.1745545885668967,27.225401204886452,14.162229524335213,0.21827297826746367,0.0815617068750879,5.0,0.06487945890984836
1.0,2.13875610922664,2.724682431271098,3.643187633864348,0.9322418455451538,5.4394650664917386,0.9890770177427521,1.8510860098253268,1.8172543702601032,0.3989858176538119,120.80449775155591,96.19495352039569,0.042364087761216085,0.9247064412285049,5.0,0.5205818518171735
1.0,0.7817121993395018,3.9848951680709384,1.6980645638349698,0.2435713079280466,0.7928733027634851,0.43416277322078367,0.04230531022048334,0.38567932254681603,1.9159542521130932,107.38357119216887,120.50167686163486,0.2758365280558733,0.6514967485697581,8.0,0.0
1.0,1.4335858869363567,3.8872061113707925,2.937178836808831,1.7234469947683526,1.27021573497024,0.23638664856875574,3.7116806248464504,0.5314364445222219,1.200892091689938,64.87442097363079,63.32043490937929,0.25108469877129064,0.7730384059579386,5.0,0.24463927435300825
1.0,0.4803098342670106,1.4955690554214551,2.3463408293144363,1.9733585894791907,2.09049766364871,2.4200856531789725,2.996629445280189,3.0976409362678012,0.01307642991793223,90.39641891087602,6.963291832088575,0.32172899988606746,0.20854198057101458,8.0,0.814498065974685
1.0,2.352949224599822,0.27457778143728184,2.524338683948285,1.5439456320116332,2.2525284320265775,1.5158724868159643,3.0444567637005497,2.7969147844705975,1.6022261651589917,61.85293111389845,74.41661031027242,0.26287284495429186,0.5014743569422687,8.0,0.9592539346503557
1.0,0.986083282249067,3.6335983403571195,2.7747269455206687,1.02687090712776,9.33142859588855,2.051150033940512,0.23110166228853268,2.249308398661663,3.9135447558385215,61.75183568631021,50.56584757066915,0.20330241289305223,0.53202903738156,6.0,0.19012741100890596
1.0,0.9877895414486648,3.3773979333092328,1.1928522315486036,1.4989930351306404,3.4271777025414707,0.4382042985996046,0.4670951398741843,1.8135930171470007,3.2305394347245597,7.916132825328562,53.39512003700282,0.3471250236130197,0.4220511325481313,6.0,0.05874270112991975
1.0,1.0772513963574413,3.635905047266801,2.0823345386354446,0.8361838013797069,7.343393297743518,0.1638131331174325,0.43062738781520915,3.387696811439246,3.3334490269093626,7.754344628684448,36.71375792108673,0.4516139542056542,0.654201118325043,9.0,0.7780211016600072
0.0,2.217934014483572,0.7666980567257502,3.7544040282892706,0.7030445624757213,11.397425700151707,1.6637201548516396,1.1310320468257995,0.6967611001681826,0.5174414469155675,18.269237875368464,55.506234644114876,0.04262139434181067,0.14827126125739043,8.0,0.00880514336866578
0.0,1.6953321696335473,3.383316036851373,3.978728420403957,1.022190079885348,8.457223279845667,0.8510600913649793,2.1983460799729566,3.017697410926158,0.7041297317888873,58.28643605700873,11.697155793698913,0.027887616585033137,0.9792685276611516,6.0,0.0
1.0,0.02501020863963921,0.35885641757152564,1.2504471545557156,1.572365040119515,11.880301125643587,1.5937436715626854,2.1045652579829146,0.11719556043362722,0.3623628690959628,102.38581461143141,89.42530778868128,0.4008699854366527,0.7968004221478804,6.0,0.0
0.0,1.497283936171808,0.13998368391803284,0.31465315320446097,0.9660099661667734,7.548756483941876,0.7782481739556593,3.5026956847605764,0.2602810878783677,0.35542557087706417,10.827237885225868,54.45227327323253,0.4618711902957757,0.6060419190210424,7.0,0.15836067352900862
0.0,1.1826097773286053,3.8001515637183467,2.263923018635995,0.35585898161898877,2.413663459110226,1.2199654861898426,2.3299137663566865,2.0845045784779885,3.037003543083472,109.46893121290658,118.39349523963271,0.03180293925423738,0.08356452235803413,8.0,0.12360002812247006
1.0,1.9907058850387074,2.1596094131965713,2.9434440882835773,1.5393063567848537,3.6196618742873854,0.20682845087600044,1.2300437988957555,0.5446336253562247,0.930888916768696,83.4133932075379,57.074989988944836,0.3615559879011263,0.8252098011208813,9.0,0.7304782014419715
1.0,1.8967940696261179,3.9651704321558947,2.3683970891337465,1.8602638483200549,5.230279617558688,1.4236520299733046,2.6902607450670484,1.9769926502189352,0.08459367638293624,76.22451160811511,88.93774954917419,0.24844977623436781,0.6563802348628187,7.0,1.0
0.0,2.1185057799690785,1.7142902164839207,2.9986501547213686,1.156667304255165,2.4598985860882485,1.306439168527239,2.572940923361311,1.076803708674961,0.2751281857004928,111.33012472653428,64.12586355992556,0.35829887125856685,0.47290832837158636,7.0,0.0
1.0,0.2523909400132726,3.4427192072918733,3.6561075473953593,0.9641783999329645,5.456762239534578,0.8988458485544665,3.380091578163041,0.8921732112184455,3.1954638219517073,63.84117476260291,93.94748803791558,0.44435094884123505,0.05311867110987911,7.0,0.8072045188905338
1.0,1.2466404300134806,2.3475682464732905,2.927427094874043,0.5457626422779596,11.421480104355538,1.8197091579397104,1.0389600614159735,0.2224051713333961,1.2753118958650513,101.56768458722682,57.30971911759024,0.01018690162579422,0.1865611077506817,7.0,0.41303855805158696
0.0,0.7792887733650028,2.9874519601195515,2.8788194550982436,0.8204413537515312,11.662282853584921,0.6666208394174686,1.536516272607634,2.9023853518496106,2.234153022726789,30.158993980754584,116.31707664574732,0.07456353814998962,0.01359983106070195,9.0,0.35908523542733073
1.0,1.1029459707218636,1.7333548749229442,3.7382286644122744,1.7707599891575696,3.9723587753787255,1.488251007339937,3.8204776049063933,1.389990323480177,2.534668857958872,105.35999279064464,22.16466996540481,0.20903103190982486,0.515725558410273,7.0,0.0
1.0,2.3141837725199683,1.6938380163868847,2.2770373506528636,0.7977846486702758,4.475138105746128,1.5169918009884409,0.789996307741859,2.178392265385331,1.3697988623899264,8.973112802171752,60.06801446368018,0.42880132193257486,0.2552616096774092,8.0,0.0
1.0,1.0978006031808842,2.7361473960069227,1.974013994187581,0.775505124967032,2.343511583339867,1.1284995502021442,2.20710409176892,3.4439469118165964,1.1662503831538245,22.277680807293766,39.1620780754107,0.4306345992216963,0.9534920980917395,7.0,0.0
0.0,1.1007007436733214,1.094443520124765,2.4649800909295205,0.2077684426659796,2.294593549084203,1.4693603618270832,3.8467809268367836,3.692394092138271,1.0632108659837027,31.139706791283444,11.666305876072064,0.1562520784593221,0.17276868740592188,9.0,1.0
0.0,2.345015372229749,2.8101092699919454,0.45880481183154886,1.075934715116804,7.989650294481542,0.7017128673100798,3.8444934083300484,0.35334259326866047,2.7936396993595394,45.290888135438415,124.6280338711215,0.03600299737918605,0.0834536745473694,9.0,0.5525991072683192
0.0,1.7305582084261846,0.7233424585912065,1.037039534266524,1.0385006194141029,8.164366974096215,1.2695838832086104,0.8535932616386481,0.177838717954808,1.432850082138145,71.80427956604288,57.926459667913946,0.027112741733448686,0.7548367404439469,6.0,0.3240249526845421
1.0,1.3379576364992607,1.1024835101278345,3.369167983390528,1.537066615123346,8.302366431985924,2.432967851069347,1.1645199694546875,3.7284054345105027,0.4026150223778724,36.599776907859095,27.231211322972502,0.2639527868770188,0.5265188504326733,7.0,1.0
1.0,0.4169872505238978,2.2062785279996535,2.6357658091259233,1.0940733796184992,0.7355186301981904,1.558336942261854,1.0564824283104706,1.0845143759208362,1.9454821415105048,120.45175409874292,83.30380988267751,0.2430533525464098,0.9449239454410914,5.0,0.8035965416537616
1.0,0.42445826085290045,0.15523604385245848,3.063741955451644,0.40324077588345686,8.367485506700845,0.42748862343071403,0.4864290594073921,3.5201304728699694,0.12060871270304574,63.94066402505222,6.370832328929266,0.3413766814554544,0.6101998204991376,9.0,0.0
0.0,2.142526486620807,1.67098064878261,2.3392050071087396,0.6310164295832648,8.340114499868971,1.0717204817471615,0.3083530841028419,0.3958041029134769,1.257825982238412,15.459332979919887,45.37326727849675,0.4163857631732221,0.2803583408721805,9.0,0.42620695076036885
0.0,1.4014100889698424,3.1333237791034416,2.1978902305721664,1.493269941723166,11.433453863687749,1.7101985769895727,0.38595694734845276,2.333520440876925,3.0225166374234704,84.68309109018749,63.723301562648274,0.33488533965624495,0.5830102737821864,9.0,1.0
0.0,0.5691645183503047,1.8888993295396959,1.7342638777736585,1.5495437480431768,0.9718023864873859,2.4100727543031346,1.1530487187406413,1.237187682039607,2.2743832153750865,81.55214853457744,51.36681411327955,0.023439438032266724,0.24825504505699125,7.0,0.7768798724650879
0.0,0.5379027140976558,3.7727698652140083,2.778519955227948,1.7784241579188074,7.856053969247849,1.4008517865427708,3.8602265183854723,2.963997336981956,0.09533769792059044,31.910223251828977,5.780586908452734,0.0453743346596559,0.4815599366783191,6.0,0.49600666127216686
1.0,0.11751244041383196,0.9004526521910963,2.670757518818799,0.827881009864992,0.2829413352531511,0.5874966565465054,0.5680472350050643,0.9332758977485764,3.379255403801825,14.42466413059426,68.48133812913167,0.30566037326722634,0.9555273033730358,6.0,0.0
1.0,1.06749052310676,0.22300739145701565,3.2616798835332736,1.8297792674655946,6.810664458638648,1.669571533427613,3.5318511130847607,3.211704353506161,3.779872684807172,64.79196078062519,26.74152293873659,0.1752453418165809,0.6290475716255577,5.0,0.6708879520641632
1.0,2.4193449410942227,1.4301624751389403,1.0643298204126324,1.9831079138053407,11.42534142673213,1.020813623620436,3.313987848725306,3.6581917963988246,2.3124474588676134,83.48705243419329,56.389753563277345,0.08873089616595775,0.3173169152113716,6.0,1.0
1.0,0.16265280277970445,2.477882974876406,1.0252044686545765,0.1437121708228879,4.424517519469198,1.4634880674152542,0.6913536880481268,1.5464866552704355,3.877331535959638,112.5710067297731,26.42836930010964,0.3342792327319343,0.5028808415523588,8.0,1.0
0.0,1.2615032547876055,3.1323240259026806,0.7431187083910813,1.0069458201357562,5.339284076959512,1.5923177019645927,3.447570449550462,3.182419172474591,1.9188374025638768,83.05432488272558,36.60158111291323,0.4479241412507593,0.13284340482940415,5.0,0.22219432281059093
0.0,0.5555996722985429,3.3349830525502635,3.7362069473572905,0.972972580115167,6.3968343272882535,1.7609632140857465,1.079340362223248,0.15362585054639988,1.5969506294136697,8.903578682316434,67.43909050760026,0.20716834844449544,0.35796459759413357,9.0,0.7894310147810658
1.0,0.6844071385093203,1.8947384749652563,3.2530127806894895,1.5977624228872414,7.823078280810538,2.269284558754889,1.263419275645723,3.2606174884887316,0.8922631167013164,65.53813870535188,107.88543165027778,0.0552335721893345,0.06749539354807954,7.0,0.39615604731388865
0.0,0.07100458290790951,1.644412062364247,2.4482689371920836,0.1795169857516863,0.3672027462296086,0.43969943089202934,0.6187947857710472,3.2580115994986936,3.151599832415116,92.72492892127265,97.13413492985896,0.18877497544304017,0.1444780813214278,8.0,0.6402771896434817
0.0,2.1202082901215995,3.7049200571618632,3.9273407067664032,1.6794320749760605,4.841041905074902,0.01994213531487682,0.9764125648664708,3.4425938572794266,3.226871300391873,68.29630606105418,38.12278006769096,0.10007994457481073,0.48180084902940445,7.0,0.0
0.0,1.1909452389728141,1.1224545102589283,2.044394814919577,0.23914560591211154,6.721151097306457,0.5788408529333557,1.801699381527079,1.4302268089476353,0.7869861799674291,64.74987676984739,82.20922732949052,0.3069801462075299,0.473666677744614,8.0,0.9356856642458732
0.0,1.6031894775683648,0.30138255987437557,2.3565837551887854,1.4818181152048109,2.97926919687344,1.8418881806901828,3.135811151306255,2.6416422519055915,0.6938415574329877,86.3356576830434,117.45920155946152,0.31808483200817295,0.7548525387359003,7.0,1.0
0.0,0.5517764041895525,2.0972284842252753,2.0263773062278254,1.3922966626032094,8.964844727252427,2.1908294748770025,1.2101657216432544,0.07402775970048703,2.150484920436955,104.12565316817458,7.965726973181556,0.03358291936271285,0.05927220789295329,8.0,1.0
1.0,0.36003209718501045,0.38799530357817424,1.077323208674399,1.1717896615309182,5.625964775382131,1.6577459288948302,2.7683910832244294,1.3251016594126552,0.8926447420442121,42.99217684736836,83.88174129558686,0.2753396735400282,0.2216801024896745,8.0,0.5254432083192752
0.0,2.498288327416184,2.5380582433164682,3.609593536373149,0.8777167797149923,7.106733926449882,1.9897249977563194,3.2534875765284004,0.07945462501599199,0.8802035854483923,14.723571838402616,63.08526194728878,0.24164727862961277,0.8550573872599113,7.0,0.6577409045607935
0.0,0.1716151438777308,1.4004979222480447,3.149749846806799,0.8885504699087916,11.513186970563103,1.623987365134082,0.7579521046447737,1.406988829766536,3.597183420605158,29.807345703515537,2.949388590215443,0.09489912472923784,0.8390314593161472,6.0,0.0
1.0,0.14042235002879155,0.7457317007869482,0.5705560167599053,1.5170036186658,1.5357173999582336,0.7189086658003543,2.6339831316432836,3.8549562063684997,3.1216342277580487,99.11870382745184,82.96886216437248,0.42990350183835685,0.5801896750339911,9.0,0.0
0.0,1.1352375945081983,0.663245529912095,3.4356630560655237,0.8231679673788335,3.084580398996024,0.6055811597354782,0.2148549174603902,2.6013543300266107,1.2188353495688395,17.706016453456847,35.124266990350876,0.14962653611532845,0.399566462636476,8.0,0.08630099624264664
1.0,0.5588222484182032,2.9676779773421473,0.3688283406215329,1.948465947056569,0.9930796482949953,1.190687503537558,2.659291655868109,2.2388777768219423,2.105913420190076,76.1989512678424,31.878505673442053,0.4561888648819731,0.6335039213771525,5.0,1.0
0.0,0.1748759053552662,3.2965429030467375,1.0346555970956914,1.744229099692788,7.332292199393896,0.3806850742412113,2.4397915369813252,1.11089807229986,2.4028326243179907,80.01350326187274,34.753955544566175,0.42051449156088344,0.9717761138395915,7.0,0.5440878088401682
0.0,0.7901601907531813,0.5907795977621935,1.6586937368052386,1.2728677180088237,10.87600377773016,2.4371002523112857,3.0522057938031613,2.39857073951836,0.11855669684997316,72.42816667654252,89.2252957795372,0.3497023038418795,0.6342183231258391,6.0,1.0
0.0,1.3956062024746254,2.071999836879518,2.5601735121356213,0.32196960452077494,5.56326842905773,0.4695041798436972,0.030851704241444455,1.161854445944468,0.8082829766183495,38.91946751552416,33.920736944951706,0.11741288565242525,0.3323781268286058,7.0,0.6862575079310569
1.0,0.19547528929424185,3.8324008802265306,3.9728915842800183,0.20401205430185576,6.193425955320674,0.49156923263485613,2.745529440379858,3.124591626275773,3.7526822195098126,107.26791973183877,36.6125921282866,0.2500261988650567,0.6405751175798547,6.0,1.0
0.0,1.4318639310826484,2.3080267742898517,0.7019057991392725,0.3857138386750658,3.385988194115526,1.7280605146040613,0.6177553923810803,3.3338030498187794,1.309819797117413,50.599483576079905,8.663455248588095,0.4781680157387416,0.4060056229295512,8.0,1.0
1.0,2.023499855052591,1.0665435711361928,2.168320659680837,1.8017224095486981,1.745002299061666,0.2797101004779476,2.5213734408871216,3.1769866383669036,3.621531131337851,54.018050144267,77.23124040627981,0.404065146219158,0.8004251751348697,8.0,1.0
0.0,1.4189999135579454,2.888749713475104,2.3406307748099366,0.8318849638061447,4.841411763738641,2.376292650985961,0.7454079485134955,2.0230213054984847,2.5099426120438166,37.5960100040019,40.540909428533,0.2318822205096997,0.4356027102806067,8.0,0.813664430883541
0.0,0.6939952183727682,0.05223203195185322,2.1334063435347677,1.0711353467055986,2.6159006251456476,0.3528948255115724,2.360333810682373,2.5452177810720062,2.096217703376436,110.49605427054657,54.75727679394959,0.18283154933803392,0.46878586936274147,9.0,1.0
1.0,1.561742234538421,0.21587764403248277,0.8665006830556297,1.9186202152179823,7.9374530043430624,1.48459566032574,0.2705075122845715,0.5683572635216168,0.7595628587264964,43.461257470336385,16.13253332996889,0.3482735760771654,0.4265769854170459,7.0,0.6437821347454681
0.0,1.9114730880598299,0.5643730814907464,0.9031054653331769,1.3775933432452874,3.777697457961783,1.8744995218032001,3.731387640289921,0.6939242611320027,2.1912485768436216,80.07639588427374,3.618672612607343,0.2290639212526946,0.15963955740130686,9.0,0.7639253857504836
1.0,0.10360085524608348,1.1785818394388619,2.6645422246496433,0.6386600872006198,7.184426087148157,1.3254239934948324,3.2972988679010427,0.18087432475583576,2.401610440454046,72.5788295881339,19.608023312611245,0.15799132850322728,0.07464567149780477,6.0,0.9116923576448186
0.0,1.7167940593762427,0.2159869864340891,2.5326392196941465,0.27642721166810147,7.198214470461341,1.2403352767824076,2.3864764580323117,2.342339040484431,3.237215099121811,10.26991007816136,35.82959970243747,0.11951522228674621,0.06184794197723309,9.0,0.4703921834976048
0.0,0.7633234306036731,0.32776691673304814,3.120893611232939,1.179247356275316,11.556051728238485,0.33836975504616534,3.4429278289281298,0.19804738015117662,1.8534915624837165,18.495879990781503,81.10251400800851,0.44189342155668926,0.8837953988259976,8.0,0.0
0.0,1.7572300464620119,3.3566061186664107,3.7362522740686677,0.9320473943187497,4.354265146977735,0.20977332281247707,0.7431839504329965,0.43873831140590713,3.980149193559578,96.97918796458147,107.50344684445409,0.2539149487350852,0.5027414092473885,8.0,0.23436318642954357
0.0,2.201813472001327,1.8088437517285878,0.07192867627149102,0.30826277325781093,6.050788411228612,1.1540323801819579,2.0442061724804668,1.4852670353291804,3.681931270704248,67.06119531008794,105.00358144223705,0.23904305610775334,0.7718871962163147,9.0,0.0
0.0,2.4629629509969106,2.135807662627891,0.17156994811095938,0.5395229431332318,3.8777548544510267,1.2086330456277439,2.0790474487420543,2.4473720493060687,2.999735185139354,3.6892826191165935,23.848686054342636,0.22455618169368546,0.315263223276673,6.0,1.0
1.0,0.47064459545668236,0.9520237688840041,1.3561118629549491,1.391127042503227,8.661632987108856,0.4209452303666955,3.5700645889440983,0.5014182203089468,1.1453582517726493,19.53335585141444,25.37805403624044,0.26405027629669,0.5407933192238332,7.0,0.9853183004664694
0.0,0.6553055370735228,3.6679495488046734,2.8741832035659103,0.9055539495736351,6.9362703141566815,1.853976186079266,3.4697624023799465,1.5522473456911032,3.7492412507107886,110.8529191972209,107.3328943550621,0.19686051264212634,0.10857054508702302,6.0,0.5563685250548697
0.0,1.4821392322900961,1.4637436071092624,1.6877493638904295,1.5017966581481108,5.042814810419482,0.01460865897714575,2.543598154766132,0.5379979850705152,1.9005585769804232,100.55312546008022,34.27082067562033,0.002318528155702604,0.10993815300437648,6.0,0.0
1.0,2.0602590488725743,1.1141281410402977,2.21131426899676,0.6440430084003783,6.078604909642808,0.30900071808991403,1.1960923105689703,1.3955728756782984,0.8505576521771614,88.4448811478264,27.207749121688384,0.49846271098175926,0.29230870829968547,6.0,1.0
0.0,2.0282334572311895,3.1552691179186416,3.19298475111664,0.7261305553382473,10.261220497662094,0.6612538024640113,0.31887514882750256,0.08224227965319475,2.3691058628373054,40.49320891155736,27.990354981417926,0.35982995013094043,0.09202189275254224,5.0,1.0
1.0,1.2559346044763746,3.122852931780986,1.8986550033401488,1.0627609061748116,8.129588469741092,2.4725637392849027,3.931771446102251,2.4996901088899985,1.9845147233197822,100.0800379297494,109.9090247065406,0.18426862532899907,0.06891415531229517,6.0,0.6313056698561745
1.0,2.366387884438424,1.7914255544367856,1.0356323688110436,0.33397905445526477,0.500164794433736,2.4116044626357045,3.9452325694615387,0.06674782502004861,1.2411738884512853,100.17166356030722,44.147123056905045,0.10786154722972979,0.6286815008670292,5.0,1.0
0.0,0.676529745079798,0.740900839253865,3.0954396521765988,0.26608290342042906,1.071836697288691,2.0225407248786857,0.2580750288353495,0.4357058978119088,1.5926716338621172,122.95724064495373,71.297911569002,0.019019993968758753,0.9348218627702165,7.0,0.3622113468715954
0.0,1.7304015255479024,0.6491452169171397,0.1431036225783897,0.19870132232422044,11.220824056054902,0.5458294149693221,2.2236234592598616,0.24213230132476804,3.477946430939313,112.35780972558503,89.9986034820872,0.013793861407441821,0.6450898664415303,8.0,0.019974469448401977
1.0,2.383257191371778,1.3589240886668152,3.080863882301132,0.20206193867007172,2.6745326273674124,2.0732745233647822,3.306574750695936,3.6208174159626894,1.0937451669014888,99.5233282967023,79.79973446317987,0.043367953750566846,0.05555297845720597,8.0,0.0
1.0,2.329438741213654,2.812938753029151,0.19065965470425406,1.0446182066179253,6.364572595889039,1.9140867821359098,0.9792965905489002,3.67747566649531,1.876911170128429,120.75291374198127,98.3466019073576,0.3862675601567636,0.2807190352908504,9.0,0.0
1.0,0.34691445991395925,0.9940728385867841,0.10838302220499729,0.6930148288524882,0.861352155937043,1.5950183300963647,1.6094017612092286,1.5237070894636586,1.6213224254990153,41.96961221564757,42.61223600184832,0.03475981140066914,0.16199679743324868,5.0,0.8255002366414058
1.0,2.249674720390287,2.191673110644463,2.5724324007505053,1.8507170988841883,9.592038950057923,1.0683389769431741,3.8122284493749827,3.694295316043534,2.1390740149849505,49.13397786680182,43.09877532842111,0.3772894796154588,0.49029398339717567,9.0,0.0
1.0,0.9349950373828025,0.9268683180319761,0.25566326335238365,1.1557102878170737,9.043157191072904,1.064542208800903,1.3130690388322548,2.951767829939166,1.4962589634633368,12.435048149255737,120.08863293768253,0.402037995899425,0.10416238176181736,5.0,1.0
1.0,2.2256799316859652,1.2086516253203459,2.704828006359048,1.3220620676596602,9.992347635362732,1.2536710628999783,1.501325200408767,2.4407765672567536,2.7027594641438712,44.853252634685234,0.14948819993894358,0.13827684460526496,0.24615219278355083,5.0,1.0
1.0,0.6728869344100317,3.6498642086807265,3.200709704616239,1.0361133990264626,5.245517096084477,1.4902212509455512,2.848983906133913,3.524969290390687,1.1354945653995898,77.02593940722097,11.564999562824418,0.496671946329487,0.6043915263257743,7.0,0.0
0.0,2.1066686379050634,2.2445007505899515,3.7114404854283993,0.6236665531793737,5.876104266889813,0.9651045426356186,1.467865418472166,2.3560704252585487,0.8314738649115929,61.67095973810276,4.431660344189098,0.32570739865016496,0.6620151982327533,8.0,1.0
0.0,0.9878550131975727,3.6717817832131914,3.2315395167864236,1.0150251159759236,6.556689863698512,0.8398596345226541,0.23056112333366885,2.4398626068321985,0.7656018353642007,6.6364193352935335,35.48670591401305,0.40125669743524417,0.920933758628257,6.0,0.38958272461945664
1.0,1.7443963971772194,0.9781370186336367,3.21669306177349,1.2956578838516255,9.732323964677416,0.6810873248275462,3.9118496747904716,0.40164230816143887,2.4233373255018185,86.1931583475748,80.8748439414139,0.14674053264126496,0.35087159979174576,6.0,0.6347025399108224
1.0,0.6487972687180354,0.8125342495854571,2.237721310922569,0.715859026798765,6.105697543952879,0.5228058628092475,0.8367734178334127,2.106359888627542,1.56348492293104,6.086933304327233,115.67071000362475,0.11881660232560187,0.29075680367052603,8.0,0.0
0.0,1.9106147698736666,1.4193841696856255,1.2902797117686444,0.38009391363567646,2.524524371822452,1.6551805533882886,1.8829573758296947,3.1692095967269664,3.799538394019402,93.86734252512885,48.038951859211934,0.312086675171569,0.20743746991976475,5.0,0.9546833942567425
1.0,0.4726909877820132,3.2935880553748818,0.6935591234922862,0.563121685827938,4.093386064164383,0.7530162317229055,1.4756324403472658,3.24502834698509,3.5494246490314425,67.23833300306704,63.460222645842116,0.42865607074798334,0.2666942338467888,7.0,0.5467085827727391
0.0,2.289446790624064,1.971064631283022,0.274794429316374,1.5649207281239848,5.107430787296415,2.462029087964301,1.3511187316882345,1.7335953945357163,0.8998926282131201,88.09276050800989,42.28622740978831,0.3521412072235799,0.8289676716581995,6.0,0.574931779376224
1.0,2.0357695280239643,2.3297914070399357,0.7674817120840092,0.13008763491537834,5.272038802541665,0.7447477728192862,2.099743955399201,1.9936413760157485,0.9391683745560688,107.98696879840726,76.87528614696024,0.4739257917831153,0.40346470593712747,8.0,0.7929686547231374
0.0,2.0561367916673565,1.182166643637954,3.321837315054188,1.903991511049803,2.0024898600867855,2.096564228437405,1.5095898237838132,3.093994926429773,3.13258114468969,92.69759315675148,111.6074825632213,0.26839595187247384,0.11949195045017458,6.0,0.6753744716490491
1.0,0.6538500796405697,2.0253621867177647,1.8756668498605649,0.17004868685265384,5.221871280049573,0.8881061982417476,3.0728135633794444,1.2557939187085472,1.3834739720291127,66.9273563931737,115.88297028189892,0.06603693068235317,0.33037702150200976,6.0,1.0
0.0,1.481125935230779,2.833170633516086,1.6605052649173744,1.5137417589882285,10.415757994861435,0.06465437842372357,0.5600214983780938,3.5872122644119204,1.2412480903547918,88.06855809339025,82.39855530849789,0.22319747782551114,0.2753723911022157,7.0,1.0
1.0,2.2159943951607506,2.821198033383292,2.5675393365683137,1.0373508478093512,10.527547916141813,0.35695692101215926,1.8073860666069423,2.2830478377081436,1.8026172827547713,104.1716877946283,1.7786466035903392,0.48961998967029846,0.4290933050917599,6.0,0.9512261218759879
1.0,1.6517705675662195,3.5176368894929,3.257821962580758,1.1270894038597647,3.7074592620933333,1.8404271942096118,2.9055470741451837,2.7913552170345928,3.5024676163371242,3.7315803022678478,39.33542055789827,0.37585244961178765,0.5617452470904376,5.0,0.6455093864100976
1.0,1.0385465676347791,1.0119803756936365,1.6261586495579858,0.9201550983210396,2.840619847750762,1.4806614787983552,3.6229120833506347,0.7297807939426626,0.972745131211183,21.228585323392668,119.98751453745491,0.4317568322501884,0.27686731925879016,7.0,0.6449146043286301
0.0,1.243793639507442,1.5862627445493667,1.1073719603031154,0.6615687076176076,4.3031809791581175,1.9969350664243632,3.027267565029599,2.2827755879732416,1.8101979224841522,41.55204815267827,23.15154112467853,0.16719128033637387,0.7867745382284785,7.0,0.0
1.0,0.2326175906150088,3.378634284665931,2.5492250075976193,0.9058766757623731,2.2833218336948358,0.6314066630622239,0.7565015145688174,3.0452781776461926,0.5711427352726259,49.361217435040444,105.78594909174797,0.39834776437292013,0.9162006575453612,8.0,0.7285987050966699
0.0,2.4894107327189947,0.4023524866528647,1.2165894630826504,1.2543255006102183,10.685122043543766,0.7921161450244676,3.887614541981342,1.9252740918162163,3.573825259254758,124.51939341228218,108.82713971225427,0.4070777149811488,0.8689976960917299,9.0,0.4706401693316141
0.0,0.637330971954416,2.1605730067239586,3.320037292342291,1.9737256320987626,5.1792147994790945,1.1837455221367368,0.6408021282082217,1.670688180208781,0.775929663337898,80.276157043929,91.44072616958732,0.20016783788944414,0.8643911707365127,5.0,0.0
1.0,0.6899201555908024,3.9652351286620453,2.006665669717362,1.9562205758506,0.7598005145631057,2.266786413623104,3.5764436253653216,0.02067077307053955,3.6442782573153063,53.420634321785165,112.2718536114594,0.4135117243201223,0.9617924860538816,8.0,0.927403315707964
0.0,1.0541600308045387,1.4106217141275499,3.9984328635537385,1.839433177775623,4.4975754359272795,0.8344070517655522,3.658197509063807,2.9762074577013826,2.6311565202248586,109.74259676669772,117.89535802806056,0.30577580506513286,0.9992850728992669,5.0,0.8341595802293805
0.0,2.0544854949992644,0.02227631972197841,0.29738402968761246,0.028116851719148572,9.842001909054318,1.8281125166359755,1.18151428473067,0.3434479862980844,0.10900832019480777,1.2723671307815765,63.59138819193709,0.09980096638195224,0.09374507229473639,6.0,0.47806380392605075
0.0,2.2936155349517455,3.4293055198538775,2.5434361094811626,0.9100851705813875,7.619453116345744,0.0870778168182948,3.9593163979476995,2.8109705337157638,3.172212700243092,91.7850949509036,65.20615056355528,0.36541976373058477,0.8413812730313414,7.0,0.0
0.0,2.2083380241491706,3.1174987956323603,0.9448743416496268,1.5698929964036314,7.241268239814428,2.0542382661888006,2.5454558275900583,1.0389770593517667,1.1189533425972535,121.92260735935102,116.42230386826549,0.019679502229276225,0.5201647055054754,6.0,1.0
0.0,2.3763895608205594,1.5109001536890827,3.714502214369203,0.778274389053977,4.28514228420677,1.5708176560586393,2.6993476643127092,0.838935877380897,3.2119432288799366,1.0813660534491758,111.15432285545232,0.26037950738233573,0.5730732133587666,7.0,0.46489279151825647
1.0,0.0936112412181056,3.4118045186472226,2.5734836237955006,1.1432279534721432,9.969403014908691,1.9521566287458407,3.9158523175635334,2.7098285925842887,0.08327373393688875,72.1879514896937,29.012215401547927,0.48122329028108013,0.42563697978052706,5.0,0.4929710519034566
1.0,0.24824349718937627,0.05111071034837256,3.818865104792401,1.821123092699425,9.521089432104294,0.7091962145373234,3.857397770439224,2.06053727721117,0.594238771043587,97.24722989898429,109.25152268011347,0.3705447350437996,0.8435020889527516,6.0,0.5550496139253767
1.0,0.9020049965629057,0.34068097975372025,1.5058333924759562,1.4720559883086346,6.074611399470305,0.5722751637728754,2.168198921686684,2.060347548416679,3.3779830675504354,36.056820861655254,9.420806863632766,0.47617316845078317,0.9054934644291688,5.0,0.6091048671149701
1.0,2.180860305942744,3.3898241160707476,2.0086377919504064,1.3790049304046184,7.804008987342389,2.005586414927812,3.414686022227091,2.929217675379424,3.6079370026774327,84.02292881702843,37.7961495919112,0.3438604220168868,0.29364201052467287,8.0,0.0
1.0,2.4899609646351557,2.0909921713425152,2.9745475225921396,0.2164382164405796,9.719127334010468,1.4430138193575657,1.28431269771154,2.5517261112307006,1.5642933241502535,2.0176920840335177,34.66444919407867,0.25709435964821037,0.9903962551190816,5.0,1.0
1.0,0.2896170005034687,2.5224817811564,3.9461419104289184,1.1776008425602265,0.14338338133238482,0.3036748107375223,2.374165084236006,3.309693086124089,2.356700601582192,20.710850338681002,11.926456315449737,0.2073732966105682,0.7786038290834022,8.0,0.14042919195895842
0.0,2.4735768536060174,0.5288734252302749,2.211702277627693,0.459273894926167,1.1391921282383706,0.35360136093192995,3.168623238995212,0.35563217990166374,0.19265254099164064,87.41426077645508,14.662193362246182,0.25364093960484935,0.06261414584420388,9.0,0.8312046217466184
1.0,1.3408454862568322,0.03389651616663247,2.901201440705642,1.621868360577039,3.1491498460552236,0.21774589784329418,1.415099394478323,3.663861398371895,2.456295255246846,13.574807620772859,20.026295532351856,0.4794978877267798,0.0012598086422122012,7.0,0.0
1.0,1.7068501874209785,2.666148990515904,3.112028656104687,1.7463370506002953,1.5711637758687669,0.8860829095089018,0.2505936388923313,2.776599008910374,3.2484266477771646,53.76142669261765,123.82899650926554,0.020520901687829884,0.6779129312967263,8.0,0.20966349955251673
0.0,0.3669967708543362,0.1335605023169082,1.416948270134522,1.0252384717742669,2.0600220049054507,0.13274547255159863,1.3170748513488344,2.2065342905767684,1.7608367103053126,102.4359351262091,0.751106105036134,0.12734270780260948,0.953584930188198,5.0,0.8464393557988309
1.0,0.3029520307179534,3.2438402385850034,3.9911343124497223,1.0021396699566834,0.29151134385868227,0.33285451429961976,1.6615646699077344,0.2799686236581227,3.197405343357861,41.64205931476315,111.9922359800985,0.45072092933579594,0.4649561600814065,6.0,0.1312952270104666
0.0,1.3850042690644424,0.30422078595039315,3.6364565511736964,0.5202398283583021,4.380715272308284,0.15149624694386132,1.470722017740945,0.5183185680725031,1.5130078046368474,19.70742280036733,101.32053717603397,0.3281914261797043,0.576486887300122,9.0,0.24883942794451197
1.0,0.5660146764730658,1.2448951277712363,0.022503819863662677,0.71675018171775,10.175234442184685,1.3047818756136706,2.973292970055878,2.244365584626718,2.82308460662764,65.34112318015458,116.72387991611147,0.3555537333311257,0.8645980298558471,6.0,0.0
0.0,1.1182849521736884,1.1345578191935553,2.4820267972483117,0.9606160870614426,7.351205015952997,0.22565918142584157,0.5496354166570558,2.672359575446534,2.1943259846205807,21.8112328439794,19.23955848060502,0.40987846743156947,0.34473650522445576,6.0,1.0
1.0,2.131622145268148,3.224757023176935,2.5554293518690976,1.562383150212485,4.217104835505795,2.274111518345716,1.1459685925508643,0.33976588593997326,2.075354805888856,50.18384891504127,43.813171605635624,0.061792015235677955,0.3942675338383149,5.0,1.0
0.0,1.5418559900033637,1.4021269305339885,3.629939644544771,1.4474133257975903,3.022133258329719,0.9317383466998665,1.5204136427864174,3.050506291518069,3.1330842259588874,7.393510744015078,59.919322147568465,0.11685880239428309,0.47575285620367325,8.0,0.15977789815593957
0.0,2.2534142877529137,0.8975705384663528,1.0856397278910088,0.5964334404547149,6.426959717353176,0.655138609644979,0.9762911421302736,1.9613779480976299,3.8491080846515318,83.61592812332876,80.02988918164102,0.39467715200625264,0.203397638305156,9.0,0.12918907636177102
1.0,0.3407690846434086,3.309364556853066,0.4763630862016055,1.214432021601014,8.320603856289079,1.040502346036605,2.3301992307378336,1.6363249074836523,1.8630508527524268,30.231760604352743,46.16067444241389,0.2457728944421732,0.8870391967766773,8.0,0.0
0.0,0.6791406214862855,0.5312070923290486,1.8396190078957537,1.6466277242788123,11.941515988614023,1.3214730072134204,3.124053571310116,1.4010908252211478,2.0668282211602356,74.42571280857614,51.49061333609707,0.1500421258175817,0.3210614863102361,5.0,0.0
0.0,2.437703304868675,1.9278117728631177,0.22014862474701058,1.3951208611151518,4.014294871837766,2.4358851793603638,2.770455054843537,1.2370733693790177,0.5514932031680857,118.81259912638724,8.657423993574762,0.4528424689280838,0.08327388375802436,8.0,1.0
0.0,0.3893266580094304,0.0196569905912769,1.4607378834684561,1.2951254535023422,4.803138176814201,1.9359291647268848,3.30927330014946,3.6689390967227955,3.4106107383059836,1.6161603526846091,70.41523588852951,0.4103228230458396,0.2688854293815298,7.0,0.0466926704910724
0.0,0.2347270364881529,1.9254116669314598,0.49306725705293086,0.2509809554211635,4.434818156153208,2.3911298742055336,2.6725740037641734,2.710596165967932,2.5757818946024127,107.17305845207014,60.65627416115041,0.3582899548857514,0.8083767522652111,9.0,0.17233070086655555
0.0,0.43228853876342066,0.22710931913325405,1.9766783985675396,0.6503375360159118,8.785623082195663,2.0408289835097024,0.07509159595893866,0.8468195058831296,1.097469819069182,38.006473488758864,52.85747723420747,0.4350844090452481,0.3595209566130788,8.0,0.2701177300172668
0.0,0.9715686302448262,1.4410576113718,2.51156686217328,1.0270883808682392,2.0146159714116445,0.5779174181606311,0.5906297116847985,2.0953992340036502,3.0367777579217012,74.5605194088763,51.72513801344848,0.19340456971400427,0.6951385046316548,8.0,0.23442497729581224
1.0,1.336497347716963,2.4234632171419577,2.582355356056135,1.70227616294594,7.282575545714189,1.6011152032068154,1.1057076718407215,0.4276191894556396,2.657354427764155,5.0019750881196146,12.078778679756457,0.34172092373875784,0.9496597242143182,8.0,1.0
0.0,1.2296957044314096,3.8879326645680368,0.010770560696860887,1.6930616824253613,11.580215804957447,0.35225586668715975,2.6713445923794628,0.27692841222580356,1.1136071127557656,115.21819929884337,98.22979837155127,0.38224132313154624,0.30406327340972905,8.0,0.0
1.0,2.4892997747886363,0.10410940967746019,3.1387792119570754,1.9881485231605875,6.002682296231071,1.3492595460549355,3.725393111584511,0.7862849791574562,1.969230165328042,22.629406672021098,123.32357007919093,0.11053692560635625,0.16635267892539307,9.0,0.0
0.0,0.5255419822389671,2.1599147652975574,1.419551545665846,1.2660192309757203,5.894087733955127,0.1098445337976206,3.5903417296765703,0.2881332497395044,1.0247119536056832,80.83205630811646,34.28123135575397,0.21225523435358967,0.5238166941347634,9.0,1.0
1.0,2.2009737701510805,2.0264668476849934,0.03668994442464113,1.0536837735931615,7.295361354848801,2.2741090648158684,0.09202277110039248,3.2081892108677046,1.6453281107058841,119.02247866293247,35.10631769451481,0.2333254724012359,0.6443858906104977,6.0,0.0
0.0,2.248484329851622,3.0513859210218306,0.8253106734104532,1.2595985609001248,8.06350132520926,1.5412223251350503,1.775543780351697,3.385463815532477,3.7483816862053345,65.87451936902934,90.02983437495458,0.499492481877664,0.5153683721720976,9.0,0.06798353546185876
0.0,1.9598227836164077,3.0743966993963157,2.2389231097844156,1.6388408889512727,6.978844247709294,0.9479244181847768,3.3293534668503177,0.13324034032743048,3.7830944079212334,93.57159442346482,34.94006185362019,0.03420575216046967,0.4888926298099575,8.0,1.0
0.0,0.9034979900912926,1.323130172057835,3.004394807208783,0.254526997925697,4.94545007377914,0.8811498697593148,3.87688243856562,3.3880288583940374,2.753125283519248,124.2534036472138,25.010366974205265,0.16243530845236975,0.7917996922720122,7.0,0.8179936652613189
0.0,2.2474348956630372,3.41795071379052,0.7258932635020074,1.269461520107933,11.095601574825679,2.139637578882124,2.045326843881248,2.0164617771043845,2.032044874406708,92.33818023959032,116.81309717506404,0.012556933207968968,0.47832283126162334,6.0,0.0
0.0,0.139437796375165,2.2427467844586317,2.166790093100096,0.49736278460604555,6.286417360960227,2.385034205202651,1.2772984681718182,1.214453424005729,2.342009567742357,85.64440236939988,56.406282552695515,0.3882635880482169,0.3368522493688185,8.0,0.08873179463063241
1.0,1.9515427746838379,3.921446842526173,0.5854499213328475,1.602685788071137,8.527909499629297,1.223384305876261,2.2651689882835733,3.7800762815511266,0.7795299403227145,29.5511430542586,101.13296400961873,0.19123220333226104,0.7841001449184545,7.0,0.0
1.0,1.4398542903069425,3.875812179317535,0.6541148287863594,1.2710112930127082,0.40116430467230746,1.147581846961111,0.9864084893254779,1.9854874469372272,1.3982388039113984,62.05244140518909,41.06140819815994,0.2584468121751286,0.5968615435929833,7.0,0.5446945963661421
1.0,1.3412998860194023,1.0718819733592015,3.2323897439335156,1.862516578649005,4.012136425517774,2.2627356220502284,3.3342980198018144,2.4537000554193766,3.3978709330177055,26.0671335286001,68.90697163314638,0.02279323199972083,0.6373908933888845,9.0,0.6224559803566307
0.0,1.1679359558358093,1.1612598284175615,0.4019473799771309,0.6553999996365159,0.11125318706358778,0.7140368424080443,1.697336520641163,2.8062331415356776,1.1102962537688792,26.46814212324415,65.11164670111171,0.2999704557247521,0.5018299775100126,5.0,1.0
1.0,2.489703777806211,1.1275397918223353,2.548229151754344,0.33279618709582603,6.502135805324118,0.051887111208740455,0.6544773863119846,2.5335542490582017,2.195399955118225,63.22795806378037,8.121073988438713,0.044851136206835396,0.13039502159433514,7.0,1.0
0.0,2.334443332523169,1.0347599298229175,2.3506042930507416,0.5362049203857144,6.568410498972144,1.590118499242105,0.6374876884737533,1.4942852947915366,3.8296411221345457,49.69477069567262,83.68289003733946,0.4707073437775007,0.9960724067957889,6.0,0.20598459307061434
0.0,0.7036369148614328,2.7488429893585615,3.830258202753341,0.10265087375176818,11.943288058715439,0.2573373429908307,2.334205622772909,1.6451108395272427,1.083347718796138,97.43910882164755,55.105690381394844,0.17656703299491838,0.4806705493534359,7.0,0.0
1.0,2.3231405513238648,3.025184800635741,3.4948510091630323,0.48754445567244886,2.4297016367282978,1.51106262301111,2.537296910887654,2.413354635697234,0.2629912116344233,26.723230137983293,40.67740107235311,0.3698229658328212,0.9546024727629344,7.0,1.0
1.0,1.8778349310014302,2.4395809820228984,0.8161058093306819,1.6775935035478535,7.836942021821361,1.8692506023586466,2.080601345868753,1.5883548684196884,3.9662685735406886,39.581308412006464,83.72408489218171,0.4711379879374453,0.32745522879800226,8.0,0.0
1.0,1.4690846487641263,3.6519032644347833,0.10561737508405322,0.1845040453893767,5.514170322024975,0.17415165956139567,2.5815147907057674,1.8528796946010524,3.365672568251231,98.62959029834208,75.97840698942443,0.10934994089039207,0.30505421590797777,6.0,0.0
1.0,2.2850003043700795,2.301693802718379,3.546676067063013,1.4268763604321912,4.032033742558356,1.9687381546472646,3.359196528920438,3.6534283437258717,0.9641862107050638,50.93128198221827,71.33443249166879,0.11944669330438662,0.41012889287944443,6.0,0.7713345453827896
1.0,2.1885393528287502,0.9038847020756755,2.0964389716438823,1.466336833485823,0.887504375189776,1.8719697187343096,2.673282649997436,2.4192202342363625,1.3033706621729113,94.64567975589894,8.797512439917595,0.3291870324113519,0.6906143893444047,6.0,0.0
1.0,1.1117765323480082,3.800246616424603,2.8907868445847194,1.5412320739190468,4.629155130919981,2.2680323238261417,0.6937287524138736,0.2954369159967576,1.3602421460071246,73.15151364890299,89.01522706949473,0.11955305688177331,0.8516902916312493,7.0,1.0
1.0,1.1306276666104047,1.2137600676243787,0.054138609312840646,1.030535389866416,3.337679506189957,1.1769072352804177,1.2886903081067183,0.9983864410291927,3.7783901143264784,5.031208157077985,3.999325790009778,0.0919110166558269,0.17120276963887493,8.0,1.0
1.0,0.22862191352193084,1.6578378487949115,3.478404525737274,0.36048894600461945,6.609962159515939,2.0433098683244255,2.02985594341145,0.36307473126299117,1.9637624548058996,47.56187668596591,28.282841779890404,0.21657329495784866,0.6772446201691421,6.0,0.17205922941014584
0.0,1.5765451809112636,2.5843583621965354,3.707539053803285,1.0476474578148722,5.694750810042188,1.9976478927361203,2.9986937505851,0.32606045603033484,1.9642165115444197,118.39013314411814,32.66438094468932,0.007976446123310499,0.4697573956963116,7.0,0.0
0.0,1.686364715078794,3.039319904090342,1.5631014754996784,1.0642553698528099,4.967408452351261,0.9370307158872213,3.53303162456735,3.0528261988826473,0.4680880061334576,64.02942346130428,39.38274981571609,0.4128625093753267,0.17030847806718952,7.0,1.0
1.0,2.1074248751820175,2.6415361272965256,2.1773980597058076,0.023262253663188348,11.688524778615292,2.1337207426261324,2.751558138988869,3.5536333730754386,0.6952601271906063,124.6580199862318,23.3443409078172,0.2190414407244312,0.2027696607992564,8.0,1.0
1.0,1.7104561432419885,1.397190489468496,3.63548681102821,0.22296997353653736,10.33609726393608,0.16298918454779848,1.3969428828277168,1.4826378990665177,0.4983337656873741,85.41784242667228,64.87914993253617,0.2461119705193896,0.3802126226860093,6.0,1.0
1.0,0.0979568300971323,2.66762026201103,3.5486160833805807,0.3538309919274014,2.0214373953194262,1.7072207948207943,0.9182427766207315,1.8432116385530533,0.21783844527438845,57.320889350558815,21.4408182192518,0.10082470503490759,0.6969479518111001,6.0,0.7862988847175634
1.0,0.9891208199122061,3.8895031509414846,1.9713168110319463,1.6553959980681452,7.257029357725817,2.29695279349734,1.7623114736408199,3.3969767279860053,0.4387359742750361,116.2782523947284,52.82515412731503,0.40385154357461217,0.3826043051888821,6.0,1.0
1.0,0.8656976780913663,0.2030699098786073,2.1042667911446493,1.8668982582569191,10.24719091152796,0.7979690641333461,1.0847934073541237,3.38096029218326,0.3902707471415163,77.3607334789264,120.44800204700162,0.4627793605895839,0.9929153340409177,8.0,1.0
1.0,2.187318936558157,0.8373211707147994,3.9843352156842395,1.130473763328223,3.604347735492148,0.058793538085080144,2.6551246564129967,1.2970275904588573,3.4408693228767513,99.97349370610345,116.66940324380066,0.2179304785661077,0.5576158506445006,8.0,0.0
0.0,0.2669803194410761,1.0053631331408726,2.994095573780243,0.7738285506797784,0.5265052469144975,1.5184694755778383,3.1540376790090043,3.0324169996245183,0.6960608446637759,58.21797047957747,48.53057129398214,0.2659783840366672,0.5903877738104792,8.0,1.0
0.0,1.748438819365941,1.833169846084811,3.0737179278205304,1.7694849398038948,1.1716797621989512,2.425464710428507,3.512749818076776,0.039673329909946986,3.327046880808912,41.35832418490055,85.25756979481874,0.11000445742868514,0.3832413780433216,9.0,0.5017004824670194
0.0,1.6518027992522173,3.808656738944764,3.6820453768069976,0.2939766399922774,7.742662409892501,1.2343245597232053,2.9549768763853086,0.4290065466620452,0.5018894240166043,31.594171295367914,4.832592826830115,0.15932741442361242,0.40943942315636606,5.0,0.8292911508073154
0.0,1.7205501354984252,1.6991517444887276,3.5849821735108334,0.1854178741930319,10.274832783583625,1.8146975311877978,0.6926351095103724,2.9677064103875863,1.3140900986337662,21.80620298689745,109.1259678311229,0.21405011045501576,0.547302453025149,7.0,0.13202812226408245
0.0,0.6086955046710779,1.4564923917627004,3.4837285520760246,1.655014846788771,2.237814133138281,1.808500943546965,0.7368618227717914,3.0674920553608396,1.494029626252182,100.93519966262363,32.80038607271105,0.00638003578761015,0.44326075805539755,7.0,1.0
1.0,0.753192169772424,3.0918505117830164,1.452326294216995,1.0675962406665014,4.797350619634461,0.6705597296175225,1.9811071216963452,3.3734850099714686,0.3428885923712994,107.58755082452969,29.861167394889325,0.27918814443492673,0.48320159464777024,9.0,0.0
1.0,0.6340163542903356,1.656850292627015,3.195219387765656,0.6734123160621821,5.6248022576675485,1.5468243315009933,0.7319724150738889,3.2482252206202706,3.6050396234158573,117.36125178838465,15.126636346116024,0.3934647402956297,0.23727098199811625,8.0,0.03904834420273373
0.0,0.2530332715194805,0.4130659885443535,2.6822917751755138,0.03796313407724794,7.780243618725189,0.9084070913171869,2.1256008351050806,3.902023938784386,0.8030367040642652,58.085769626184934,62.383732048733805,0.14059156098798725,0.6893539414944254,9.0,0.0
1.0,0.05403108785804411,2.7836630447158646,3.5800230535043123,1.9777386777999422,1.511255088330853,1.5019790847219572,2.7912578870902913,0.25597715276746147,2.386792250469088,28.485213611304587,79.39294982311276,0.2992180410923769,0.9113883782713528,8.0,1.0
0.0,2.244721652167498,1.5219501484691733,1.059052410279985,0.5668561612621006,1.8815980645218016,1.6128582725713738,1.3541598727959316,0.39007658205569573,3.2100307282220406,8.713513728054457,36.72339231708484,0.09903736131306612,0.8553544062002952,8.0,1.0
1.0,1.293975534434858,0.43844541031880224,3.090724081773864,0.533713447308243,4.208763994295172,0.7668787669251618,1.4940517452323987,2.1959025276114064,2.6928722383605828,41.06271310318131,15.857246020063442,0.44898549901239576,0.7965832821012162,6.0,0.8665488251969587
1.0,2.2519655492773203,2.812821942154262,1.3146625021419425,0.483808574633942,2.653832212694859,1.99068642795576,0.829702837628735,3.0528213206666397,2.9112835980513636,86.95793308831529,25.585910704827437,0.40671076917169824,0.3754967149415285,6.0,0.7613644648237374
1.0,0.4654135329982917,2.818182243150726,2.9357486725377053,1.796631806151829,8.096426516059115,0.8893334302859577,0.9168920169799675,0.718598269309751,2.13686055227187,122.87753915390608,104.82450242304833,0.48426098956642094,0.07698512364746735,7.0,0.5382281581918898
1.0,1.5099918421269267,1.3676578082367685,3.5938438399136285,0.9242592998444614,3.795848403465877,1.9101641400575173,1.70035154216581,1.1428815892991095,1.0032444665616418,121.10108333788972,53.118908608807,0.29445770076816835,0.0799944664612896,7.0,0.08353419168774001
0.0,2.4384328046938504,1.5098917405104126,2.929581716284431,1.2524397207218607,10.804062043112983,1.5532426106476604,0.180828269034345,0.3254118848222065,2.5701413902309804,0.8825449513967937,0.7500144725693797,0.35548030039813255,0.8872170363794866,6.0,0.8445050811196333
0.0,2.2647224403912563,2.5573443446494974,2.186494664813933,0.3797823177918993,4.217774851576348,0.37329900306718733,1.3949228028712488,1.3663870977920838,0.7415037923738579,115.44672552837241,2.1207060154014163,0.11815251592710163,0.8502197144514586,7.0,0.6287635288859266
0.0,1.6271355037519206,1.3450566869611156,2.8080726167358687,1.1200623076814753,5.971499195592775,0.15434492331137778,1.83331946647152,0.48994763099704963,3.9132332548045357,49.27867279434077,34.59672222785296,0.12874297834945908,0.4257816093310257,8.0,0.0
0.0,1.785009395043497,3.547715455078794,3.7105367551372033,1.8701466546465007,3.1746825597227564,0.7107865274710576,2.4582703360597837,3.138176888158374,3.0006613004995772,24.50187874050834,70.42390859319987,0.45200725522580076,0.339275068862507,8.0,0.4280031625348527
0.0,1.4861175598527896,2.638280352453314,0.9324831947830066,0.8111339282833605,11.476198116083483,1.2075210077406497,2.1159260345319986,3.3060557181876273,1.6542406007273036,79.05156672370589,38.49044363307198,0.160288597404945,0.04848033059631307,9.0,0.0
0.0,1.7867882167318736,2.080992132652624,3.422724602645493,0.8149443136017298,4.645438003219139,2.109332232179217,0.3922910343436361,1.8835923326572566,1.1823579225662186,6.455795687039356,57.59175804733922,0.31461360622814344,0.6461983051401368,9.0,0.16148619505966644
1.0,2.475861570214332,2.0776620906970016,1.3288992644528235,1.8891066253082751,10.707465561792098,1.4450573989463384,0.007164371011641357,0.648544921396419,3.056337261007844,48.79694397091355,116.78237184521525,0.038944366111954065,0.9418566645399843,7.0,0.961527835362122
1.0,0.039660776415655075,2.4305971304475174,2.23666898942933,0.5900282606224228,5.985979370430078,1.5195462570645015,2.3520048816604793,0.33908142306567335,3.833505129050026,40.58137027918153,49.418863863394144,0.2764742838245307,0.4886980086395224,9.0,0.39177411240397586
0.0,1.671850568842089,3.4819175684602715,0.4623666064808587,1.4196938638285372,11.266722919681142,0.3903045657355597,1.3408690433180865,0.21756953145430558,0.4332510657596491,98.43678348919816,105.08013031408986,0.477389285289582,0.204476009221484,7.0,0.20422661040250523
0.0,1.9852170041852006,2.2579867303750905,1.6321893359911481,0.5963907415154732,11.540115423102792,0.6922181713720987,0.38604870287244086,1.855781299808096,1.823554889775247,17.23646866042075,123.68150788184545,0.37901198210876436,0.8702824735150533,7.0,0.0
0.0,2.44998658788516,1.530655365929198,0.5022072430607554,1.9168922280199157,9.870815290186409,2.161757232859542,2.1341414210837097,2.2626590638150645,2.328352561427427,14.411495317386239,28.931416600325818,0.4167056415137189,0.9874920953548422,7.0,1.0
1.0,0.3704617472649463,0.9473757591910363,3.5882620992721064,0.15366213605263268,5.302819316458844,1.7084149008399498,0.1990870529321649,0.38390074368840743,3.893249618777215,35.549539122298235,106.85156617948087,0.4719960724002543,0.9572063080671976,5.0,0.0
0.0,1.220978574655707,1.7544298844666346,1.4781737232806464,0.3801747153728394,3.2910382872134822,1.4492464973307684,3.1730613231552502,0.32638258909421625,3.9770747160221465,88.01745330323243,97.02724021492124,0.46252326849346936,0.32110952894991507,7.0,0.0
0.0,0.2234940833524196,0.9701272873388875,3.1493200189705193,0.6507271518243511,0.41959310652928483,0.2203801614589726,1.5690960714716629,2.552551074639102,1.240632274134322,57.00625852898107,79.4493295927561,0.4471517617547442,0.9068495756251709,7.0,1.0
1.0,1.2718035915341994,1.256982350077478,3.777409649894902,1.6624277559428964,4.045948182642411,0.30860508981074203,0.6158385214913156,1.6156652272434586,2.864472333089704,59.64004544960354,106.23288722877415,0.08758560860341491,0.5081616798978659,6.0,1.0
0.0,1.8409965400150696,0.25498530796997754,3.6370494279651533,1.5835266173012135,3.321432498127632,1.7180811532607796,2.9098864855177173,2.109910833238638,1.6048727494222854,7.196567028913095,50.21595462753062,0.4644119290900883,0.18142707376362077,7.0,0.05373365164123334
1.0,0.5135914916805479,0.9450086875613284,1.3922907058268206,1.9144064293940648,6.885870630305055,2.3755847244658828,2.755745300470397,0.6284168205139804,1.3366397217066983,32.71564151894074,45.497320394327716,0.43145401527899885,0.9391317753672677,9.0,0.5470286275651833
1.0,0.07537130628846062,1.512725099375499,3.24700221973687,0.44978558613204433,0.36513051753515935,2.2848201376947834,2.2941900808501074,1.4839627540780183,3.7226471908725913,78.6193291160965,75.3483553883909,0.48006929374122354,0.787163823998619,6.0,0.23222190350941962
0.0,0.5048044606356741,3.409501700656528,1.1717193343019927,1.0769569004988062,5.424583293232884,2.4568767613487945,1.4691583870443266,0.4586836606998288,1.7338521782442067,2.6752113196467224,1.7894404648750306,0.27060368447158484,0.3166552208955634,7.0,1.0
1.0,1.723737942171459,3.9557476813752612,3.951108897195614,1.3982627873574378,9.577167472165641,0.21868988569335057,3.1905622326853234,0.46840648309563093,0.3894447828345817,23.111917479168508,71.62891686037315,0.07595571991999528,0.6330884673108363,6.0,0.18133423019426398
0.0,0.6990326596278984,2.3332252587931914,2.2736914718252255,0.305037875886617,4.657440568106054,0.7691311599606045,1.474015569125474,1.3564585290683762,1.2848094146661198,66.61441138033696,61.99119300596983,0.4008687720371684,0.2565090367160453,6.0,0.0869853041752795
0.0,1.505265402797216,0.22833516332201098,2.459123299728711,0.04151032244971087,6.3640936071346355,1.2681848996138856,3.293758674231243,3.0353412386433622,3.693583714611008,85.07741789994996,40.70363660200792,0.45597708889969774,0.04144758637235313,8.0,1.0
1.0,0.6668735659225694,1.477088143010136,0.5877403798642891,0.8320092686637381,7.606446590728077,0.8736308855613217,1.7677331311921072,1.6722482283943956,2.1190396035180394,32.52683168512963,92.01385533104236,0.03534407934382794,0.802969987944079,7.0,1.0
0.0,1.879133580255368,3.673862768074367,2.940230319945973,1.1118232198220495,0.6861714044853495,0.06774082662811182,0.051204327640321345,3.294693867112946,2.511400090741448,47.876338985099814,23.472995499788652,0.04198906837252414,0.6111593878864918,9.0,0.7463713387713236
0.0,1.5624598404793788,1.0609819594458672,1.60056158021121,1.8556370661713304,6.105464309407909,0.3245187976697281,2.3673766242496717,1.2498146737166747,1.3019736301305938,26.40428946899864,70.10362361071641,0.32798155379346494,0.17639709973817086,7.0,1.0
1.0,2.1681987920537256,0.7727305470397599,0.6853812275027353,1.2914617743569652,2.1240711236324508,1.9385395118990703,3.147907180502389,3.8631992650204636,3.811106393659817,85.78725681496634,7.8406472771821445,0.4202350763198356,0.22581395333360987,7.0,0.0
0.0,0.6674902980146552,2.689220700343661,3.261771249074865,1.7678192747636319,1.1496257004921557,0.16452096491056917,2.562914389308244,2.366304197643707,1.2798323360343766,33.36981201199775,52.053337570865246,0.35220812288508635,0.2695526657246028,6.0,1.0
1.0,1.80537027453942,2.7839622861933275,2.8565187405650407,0.15097816612778447,8.471039447629911,1.9822996659616439,2.044700966237094,0.3231323701716393,3.8680305282480987,35.37103522190821,98.7375500668047,0.14649689819049233,0.6735517515710195,7.0,1.0
0.0,2.1662981668576538,0.2791273563008345,3.0350402849255986,1.0185479141888056,8.594042462603769,1.4075666611879623,0.07301110930664612,0.9965008329387519,0.003056357775341745,6.806140802893407,110.99313799375153,0.27514294393471983,0.12452337210707376,8.0,0.9921775352285342
1.0,1.397773972803214,0.9525863864025332,0.5189700235391483,1.671117399304081,3.522774922998599,1.7573626097525452,0.9484598862737168,3.908566302872227,0.06818499163893099,71.15110678540914,60.72679865887193,0.36668503795370844,0.1617410635242097,5.0,0.0
1.0,1.568922169357637,2.078631983717297,1.5447658007202665,1.2198239525328545,2.678056374767643,1.6446429479439664,0.8574040991288965,3.480301203342563,1.5030004318177617,94.94817636328058,116.99732996075487,0.08736352557054572,0.5449505526020182,7.0,0.6494514139877171
1.0,1.5416084008399753,0.16464267433575142,1.0137542336695589,0.3140273577352557,1.0401168235181673,0.7283675190619399,1.6861497481958931,0.9045114545929933,2.399571521248793,25.64656836429323,72.17199773320418,0.37107377664287844,0.06889941671316158,7.0,0.1370179250918505
0.0,1.1019074363719048,0.039618502896131336,1.1765792583017594,1.5544875094161812,3.7998719510993224,1.7345717242183147,2.8385657422701387,3.1523629773117787,1.4984985286996846,75.79465874619424,64.6604340419838,0.254944286638857,0.27184624186586615,7.0,0.9569229817621242
1.0,2.1328837303966584,3.7672060175869078,3.4030273936788165,0.619288805120443,2.8515980261246012,0.472309162236883,0.3515893312173777,0.8952053615051878,2.6799231458691843,76.53969122471837,66.5794207432412,0.16153965970048134,0.19116634365453045,7.0,0.013547233064309161
0.0,1.6426199524580016,0.49167411323643107,3.7575563792532183,0.45322149261343436,7.182984610246407,0.9696200952754832,0.51435711500126,2.3838906686311976,1.3286812691783512,86.19124924830719,104.31895824019333,0.22275114095851878,0.05218858034797569,8.0,1.0
1.0,0.5103864851324091,1.071419278858205,1.8016104747641983,1.4790899686483334,8.439896871233387,0.33923629034431746,0.8838207681868742,0.03782359011107683,2.5723829445538855,115.9396119609376,42.428664732135566,0.10729964962734384,0.1569360709398242,6.0,0.10687232489892406
0.0,1.443895222840319,2.910207405829669,3.9706416919162963,0.7691162589937965,8.54142762094187,0.6913487387967208,2.7740471599434153,2.5419361886575738,1.492250983421898,46.165582654387045,75.68933455083815,0.19314590771654988,0.817459923512422,5.0,0.0
0.0,1.5591966475855987,3.9723018816995146,1.4112069110547787,1.5987779472456611,3.9265765311158045,2.2095609677139025,0.09205429006246435,1.0811269642911183,2.1343132022033737,105.44487583888284,28.396075109754506,0.4694056920182304,0.6213956856568981,8.0,0.8759926485642935
0.0,2.2757344627611515,2.0737356239180817,0.871295521886692,0.7046920689105542,7.176726195567191,1.87209340537607,1.8758552442375782,0.9350051711160234,3.8564556027822308,8.375444761002631,28.59342501026674,0.38399749542900014,0.7883796385202604,9.0,0.6002349069532439
0.0,2.1095422306326164,2.8024827818723526,3.881270266501924,0.7472429231027211,7.329147280657308,0.19828826298542102,0.9206614948732188,3.4949281535729364,0.7669553272483549,40.39753472176902,37.56914400226592,0.013055066792083125,0.9355796583542337,5.0,1.0
1.0,1.0931412456960774,0.8788058988514647,1.559066635540697,0.045845006013163214,6.977590680136529,2.2050013914895352,2.7136505257845207,3.7321823625994144,0.0320593068849262,38.02705803366256,0.913001639210112,0.2275166092032455,0.19977707615228157,6.0,0.6828838101026532
0.0,0.266722549102493,1.6251603059913857,2.2645422091651173,0.7484031893266185,3.300507917707099,0.49237798908393804,2.2484713704024655,2.323432796726156,1.8222169737431018,89.0704881219238,3.5173785763839978,0.47290951099883816,0.46382630643394407,7.0,0.36156086993838266
